handleId,fieldType,name,description,productImageUrl,collection,sku,ribbon,price,surcharge,visible,discountMode,discountValue,inventory,weight,cost,productOptionName1,productOptionType1,productOptionDescription1,productOptionName2,productOptionType2,productOptionDescription2,productOptionName3,productOptionType3,productOptionDescription3,productOptionName4,productOptionType4,productOptionDescription4,productOptionName5,productOptionType5,productOptionDescription5,productOptionName6,productOptionType6,productOptionDescription6,additionalInfoTitle1,additionalInfoDescription1,additionalInfoTitle2,additionalInfoDescription2,additionalInfoTitle3,additionalInfoDescription3,additionalInfoTitle4,additionalInfoDescription4,additionalInfoTitle5,additionalInfoDescription5,additionalInfoTitle6,additionalInfoDescription6,customTextField1,customTextCharLimit1,customTextMandatory1,customTextField2,customTextCharLimit2,customTextMandatory2,brand
product_GWdrm-482A,Product,Dream Silver / 482A,"<p><strong>BEDS:</strong>&nbsp;2&nbsp; &nbsp; &nbsp;<strong>BATHS:</strong>&nbsp;2&nbsp; &nbsp; &nbsp;<strong>SQ FT:</strong>&nbsp;1,152&nbsp; &nbsp; &nbsp;</p><p><strong>W X L:</strong>&nbsp;24′&nbsp;x 48′</p><p>The Dream Silver / DRM 482A built by Golden West Homes delivers 1,152 square feet of thoughtfully arranged living space, featuring 2 bedrooms and 2 bathrooms. This manufactured home is crafted for those who enjoy a blend of style and ease, with open areas that create a sense of spaciousness and private bedrooms offering a serene retreat. The DRM 482A is an excellent choice for individuals or couples looking for a contemporary design that fosters a cozy yet refined environment for comfortable living.</p>",866235_98567c7f28004e72962866f2939b2308~mv2.webp;866235_abccb74bd3f54a1d9d44d2a5d7832158~mv2.webp,"Double-Section;Dream Silver;Golden West;1,000 - 1,500",DRM482A,"1,152 SQ FT",0,,TRUE,PERCENT,0,InStock,,,,,,,,,,,,,,,,,,,,,3D Tour and Downloads,"<p><u><a href=""https://raw.githubusercontent.com/CadelMVH/Wix-Gallery-Downloads/main/DRM/482A.pdf"" target=""_blank&quot;"">Click Here to Download PDF</a></u></p>",Construction Specifications,"<ul> 
 <li>Additional Specs:&nbsp;In-Floor Waste Plumbing / Kiln Dried Framing Lumber / GFI Receptacle at all Wet Areas</li> 
 <li>Exterior Wall On Center:&nbsp;16” O.C.</li> 
 <li>Exterior Wall Studs:&nbsp;2'x6' Exterior Walls</li> 
 <li>Floor Decking:&nbsp;19/32” OSB T&amp;G Floor Decking</li> 
 <li>Floor Joists:&nbsp;2x6 Floor Joists -16” O.C.</li> 
 <li>Roof Load:&nbsp;30# Roof Load</li> 
 <li>Side Wall Height:&nbsp;96” Sidewall (Flat Ceiling)</li> 
 <li>Insulation (Floors):&nbsp;R-33</li> 
 <li>Insulation (Walls):&nbsp;R-21</li> 
 <li>Insulation (Ceiling):&nbsp;R-40</li> 
</ul>",Exterior Specifications,"<ul> 
 <li>Additional Specs:&nbsp;2x8 Rough Sawn / Continuous Eave Soffit Venting / Ridge Style Roof Venting / Deadbolts on Front and Rear Doors</li> 
 <li>Front Door:&nbsp;36” Front Doors</li> 
 <li>Rear Door:&nbsp;36” Rear Doors</li> 
 <li>Roof Pitch:&nbsp;3:12 (4:12 pitch single sections)</li> 
 <li>Shingles:&nbsp;Architectural Shingles</li> 
 <li>Siding:&nbsp;LP Smart Panel Siding w/5/50 year warranty</li> 
 <li>Window Trim:&nbsp;4” Window Trim</li> 
 <li>Window Type:&nbsp;Dual Pane Low-E Windows</li> 
 <li>Exterior Lighting:&nbsp;Porch Lights at each Exterior Entry</li> 
 <li>Front Rear Eaves:&nbsp;Exterior 14"" Eaves Double wide, 6"" Single wide</li> 
 <li>Exterior Outlets:&nbsp;Exterior 2 GFI Standard</li> 
</ul>",Interior Specifications,"<ul> 
 <li>Ceiling Texture:&nbsp;Brocade Style Ceiling Drywall Finish</li> 
 <li>Door Carpet Type:&nbsp;Entry Lino</li> 
 <li>Safety Alarms:&nbsp;Smoke Alarms, Bdrms &amp; Living Areas</li> 
 <li>Window Type:&nbsp;Wood Window Interior Wrap / Egress Windows in all Bedrooms</li> 
 <li>Molding:&nbsp;Baseboard Molding in Lino Areas</li> 
 <li>Wall Finish:&nbsp;Tape and Texture Drywall Throughout / Square Sheetrock Corners</li> 
 <li>Interior Doors:&nbsp;2-Panel Interior Doors</li> 
 <li>Carpet Type Or Grade:&nbsp;5# Carpet Pad / New Wave 25oz Carpet</li> 
</ul>",Utilities Specifications,"<ul> 
 <li>Electrical Service:&nbsp;200 Amp Electrical Service</li> 
 <li>Electrical Wiring:&nbsp;All Copper Wiring</li> 
 <li>Furnace:&nbsp;Forced Air Elect Down Flow Furnace</li> 
 <li>Other:&nbsp;Receptacle at Fresh Water Inlet</li> 
 <li>Shut Off Valves Throughout:&nbsp;Whole House Shut-off Valve</li> 
 <li>Thermostat:&nbsp;EcoBee T-Stat</li> 
 <li>Washer Dryer Hook Up:&nbsp;Plumbed/Wire For Washer and Dryer</li> 
 <li>Water Heater:&nbsp;40 Gallon Electric Water Heater</li> 
 <li>Water Shut Off Valves:&nbsp;Shut-Off Valves at Toilets &amp; Sinks</li> 
</ul>",Kitchen & Baths Specifications,"<p>&nbsp;</p> 
<p><u><strong>Kitchen&nbsp;Specifications</strong></u></p> 
<ul> 
 <li>Kitchen Sink:&nbsp;Kitchen Sink 8” Stainless Steel</li> 
 <li>Kitchen Refrigerator:&nbsp;Frigidaire 18 cu ft Refrigerator</li> 
 <li>Kitchen Range Type:&nbsp;Frigidaire Free Standing Range</li> 
 <li>Kitchen Range Hood:&nbsp;30” Lighted Exhaust Fan over Range</li> 
 <li>Kitchen Lighting:&nbsp;Recessed Lights (Qty. Per Model)</li> 
 <li>Kitchen Flooring:&nbsp;No-Wax Vinyl Flooring</li> 
 <li>Kitchen Faucets:&nbsp;Single Lever Faucet with Sprayer</li> 
 <li>Kitchen Countertops:&nbsp;Laminated Counter Tops / Crescent Edge T/Out</li> 
 <li>Kitchen Additional Specs:&nbsp;Fire Extinguisher Under Sink</li> 
</ul> 
<p>&nbsp;</p> 
<p><strong><u>Baths Specifications</u></strong></p> 
<ul> 
 <li>Bathroom Sink:&nbsp;China Lavy Sinks</li> 
 <li>Bathroom Lighting:&nbsp;Recessed Lights (Per Model)</li> 
 <li>Bathroom Flooring:&nbsp;No-Wax Vinyl Flooring</li> 
 <li>Bathroom Countertops:&nbsp;Laminated Counter Tops / Crescent Edge T/Out</li> 
 <li>Bathroom Faucets:&nbsp;Adjustable Shower Heads</li> 
 <li>Bathroom Fans:&nbsp;Exhaust Fans w/Light in each Bath</li> 
 <li>Bathroom Toilet Type:&nbsp;Elongated Toilets</li> 
 <li>Bathroom Bathtubs:&nbsp;60” Fiberglass Tub/Shower in each Bath</li> 
</ul>",,,,,,,Golden West
product_Sale-madrona,Product,"Madrona Ct, Land/Home Package","The Dream Silver / DRM 481F built by Golden West Homes provides 1,296 square feet of thoughtfully arranged living space, featuring 3 bedrooms and 2 bathrooms. This manufactured home is designed to enhance both comfort and functionality, with open areas perfect for gatherings and private bedrooms that offer a restful retreat. The DRM 481F is an excellent choice for families or individuals seeking a home that blends modern design with practical features, creating a welcoming environment for daily living.",866235_e86d2084e4a4444db265e5d471c12ae8~mv2.webp;866235_0abadfc1912b4fa7a4748e12978372c0~mv2.webp;866235_d074384111f94da29195c5e8536aaa02~mv2.webp;866235_9a0e46d0051a4a83bcadf1ad62f8221e~mv2.webp;866235_8495ebcb66f141bca834fa7fa17d6573~mv2.webp;866235_b7e11b2347454acea55805e3ab6fc491~mv2.webp;866235_efaf738e110341549a4609d5ed878a37~mv2.webp,Land/Home Packages,,,0,,TRUE,PERCENT,0,InStock,,,,,,,,,,,,,,,,,,,,,"Tahuya, WA","<p>Nestled in the serene Maggie Lake community of Tahuya, WA, this 0.36-acre parcel at 80 NE Madrona Ct offers a unique opportunity for homebuyers seeking tranquility and natural beauty.</p> 
<p>A haven for outdoor enthusiasts and those seeking a peaceful lifestyle. Residents of Maggie Lake benefit from and enjoy exclusive access to Maggie Lake's community amenities, including a private beach, picnic areas, and a boat launch on the Hood Canal. Additionally the lot backs up to a greenbelt of aprox 42,000 acers of preserved forest land.&nbsp;</p>",The Home – Golden West Dream Silver 481F,"<p>Paired with this prime lot is the Golden West Dream Silver 481F model, a 3-bedroom, 2-bathroom home spanning 1,296 sq ft. This model is renowned for its quality craftsmanship and modern design, offering:</p> 
<p>Spacious Living: Open-concept layout with ample natural light from the Mt Hood Dormer Windows<br> Modern Amenities: Energy-efficient appliances and contemporary finishes.</p>",Package Price,"<p>$425,000</p>",,,,,,,,,,,,,
product_Sale-chester,Product,"Chester Ave, Land/Home Package","The Dream Silver / DRM 301P built by Golden West Homes offers 756 square feet of efficiently designed living space, featuring 2 bedrooms and 2 bathrooms. This manufactured home maximizes comfort within a compact footprint, with an open living area that enhances functionality and a private bedroom that provides a restful retreat. The DRM 301P is an ideal choice for individuals or couples seeking a cozy, modern home that blends practicality with style, making it perfect for those who appreciate efficient, comfortable living.",866235_3dc5ad990551468886c95420ab15ad70~mv2.webp;866235_823a6d0b75bb4b09b3e962be6037b6d9~mv2.webp;866235_ee9efb8bb8504698a2b2cc20c7e70d15~mv2.webp;866235_13def931a13b4aaf8410f1e443a95093~mv2.webp;866235_56195466f45e4068b3042edd4786ca74~mv2.webp,Land/Home Packages,,,0,,TRUE,PERCENT,0,InStock,,,,,,,,,,,,,,,,,,,,,"Bremerton, WA","<p>🌲 The Land – 4,356 sq ft parcel in west Bremerton.</p> 
<p>Address: 826 Chester Ave Bremerton Wa 98337</p> 
<p>Situated on a 4,356 sq ft parcel in West Bremerton with easy access to State St. and Burwell Gates. Approximately one mile to the Seattle ferry, shipyard, shopping, and dining. Prime location for commuters.</p>",The Home – Golden West Dream Silver 301P+,"<p>– 2 Beds, 2 Bath, 756 sq ft Built by Golden West,</p> 
<p>Dream Silver 301P model. Efficient and modern 756 sq ft layout featuring open-concept living, functional kitchen, private primary suite with attached bath, and second bedroom ideal for guests or office space.</p> 
<p>Move-in ready. Great opportunity for low-maintenance living close to everything Bremerton has to offer.</p>",Package Price,"<p>$419,000</p>",,,,,,,,,,,,,
product_GWd-1,Product,Golden West Duplex 3-2 x 3-2,"<p><strong>BEDS:</strong>&nbsp;3&nbsp; &nbsp; &nbsp;<strong>BATHS:</strong>&nbsp;2.00&nbsp; &nbsp; &nbsp;<strong>SQ FT:</strong>&nbsp;2160&nbsp; &nbsp; &nbsp;<strong>W X L:</strong>&nbsp;30′ 0″ x 72′ 0″</p><p>&nbsp;</p><p>The Duplex / 30×72 Duplex 3-2 x 3-2 built by Golden West Albany is a true duplex with two private homes under one roof. Totaling 2,160 square feet, this plan pairs a 3-bedroom, 2-bath residence on one side with a 3-bedroom, 2-bath residence on the other. Each side features a bright living room, dining area, and efficient kitchen, plus convenient storage. A shared wall keeps life quiet, while separate entries add privacy. Choose The 30×72 Duplex 3-2 x 3-2 for flexible living—tour today and see the possibilities.</p>",866235_94e2a8a25ab344bead70df53434e0334~mv2.png;866235_fd9c678bf7b14cc79f13d8c0b84463d7~mv2.gif;866235_5a6fcf024ea34aa2b71021352d8c88b8~mv2.png;866235_4acf3f48ba5348ea95b4c24a8705d4f1~mv2.jpg,"2,000+;Double-Section;Golden West;Duplex",GW-Duplex-3/3,"2,160 SQ FT",0,,TRUE,PERCENT,0,InStock,,,,,,,,,,,,,,,,,,,,,,,,,,,,,,,,,,,,,,,Golden West
product_GWd-2,Product,Golden West Duplex 2-2 x 2-2,"<p><strong>BEDS:</strong>&nbsp;3&nbsp; &nbsp; &nbsp;<strong>BATHS:</strong>&nbsp;2.00&nbsp; &nbsp; &nbsp;<strong>SQ FT:</strong>&nbsp;2160&nbsp; &nbsp; &nbsp;<strong>W X L:</strong>&nbsp;30′ 0″ x 72′ 0″</p><p>&nbsp;</p><p>The Duplex / 30×72 Duplex 2-2 x 2-2 built by Golden West Albany is a true duplex with two private homes under one roof. Totaling 2,160 square feet, this plan pairs a -bedroom, 2-bath residence on one side with a 2-bedroom, 2-bath residence on the other. Each side features a bright living room, dining area, and efficient kitchen, plus convenient storage. A shared wall keeps life quiet, while separate entries add privacy. Choose The 30×72 Duplex 2-2 x 2-2 for flexible living—tour today and see the possibilities.</p><p>&nbsp;</p><p><strong>3D Tour</strong></p><p><a href=""https://cadelmvh.github.io/Duplex_No1/"">https://cadelmvh.github.io/Duplex_No1/</a></p>",866235_796e4260b1b742ffa976744bdc607a02~mv2.jpg;866235_7a1e30ef8b5a4f3398ae5dda2216443d~mv2.gif;866235_94e2a8a25ab344bead70df53434e0334~mv2.png,"2,000+;Double-Section;Golden West;Duplex",GW-Duplex-2/2,"2,160 SQ FT",0,,TRUE,PERCENT,0,InStock,,,,,,,,,,,,,,,,,,,,,,,,,,,,,,,,,,,,,,,Golden West
product_GWd-3,Product,Golden West Duplex 3-2 x 2-2,"<p><strong>BEDS:</strong>&nbsp;3&nbsp; &nbsp; &nbsp;<strong>BATHS:</strong>&nbsp;2.00&nbsp; &nbsp; &nbsp;<strong>SQ FT:</strong>&nbsp;2160&nbsp; &nbsp; &nbsp;<strong>W X L:</strong>&nbsp;30′ 0″ x 72′ 0″</p><p>&nbsp;</p><p>The Duplex / 30×72 Duplex 3-2 x 2-2 built by Golden West Albany is a true duplex with two private homes under one roof. Totaling 2,160 square feet, this plan pairs a 3-bedroom, 2-bath residence on one side with a 2-bedroom, 2-bath residence on the other. Each side features a bright living room, dining area, and efficient kitchen, plus convenient storage. A shared wall keeps life quiet, while separate entries add privacy. Choose The 30×72 Duplex 3-2 x 2-2 for flexible living—tour today and see the possibilities.</p><p>&nbsp;</p><p><strong>3D Tour</strong></p><p><a href=""https://cadelmvh.github.io/Duplex_No1/"">https://cadelmvh.github.io/Duplex_No1/</a></p>",866235_1b6d00a4b6784d148e51bc9f9494d5b4~mv2.png;866235_b002e90389834b27a62c3da195564532~mv2.gif;866235_80b647c7ba714419add12de26fcb531f~mv2.jpg,"2,000+;Double-Section;Golden West;Duplex",GW-Duplex-3/2,"2,160 SQ FT",0,,TRUE,PERCENT,0,InStock,,,,,,,,,,,,,,,,,,,,,,,,,,,,,,,,,,,,,,,Golden West
product_GWd-4,Product,Single Wide Duplex,,866235_f42fccbe04864bee8b7ef15e2cbcbd9e~mv2.png;866235_01565efff3ef4749b0ba7a4813de0723~mv2.png,"500 - 1,000;Single-Section;Golden West;Duplex",ADU-290N,870 SQ FT,0,,TRUE,PERCENT,0,InStock,,,,,,,,,,,,,,,,,,,,,,,,,,,,,,,,,,,,,,,Golden West
product_GWp-1,Product,Dream Park Model / The Lodge,"<p><strong>BEDS:</strong>&nbsp;1&nbsp; &nbsp; &nbsp;<strong>BATHS:</strong>&nbsp;1.00&nbsp; &nbsp; &nbsp;<strong>SQ FT:</strong>&nbsp;396&nbsp; &nbsp; &nbsp;<strong>W X L:</strong>&nbsp;12′ 0″ x 33′ 0″</p><p>The 400 Series / DPS 331M built by Golden West Homes offers 396 square feet of well-designed living space, featuring 1 bedroom and 1 bathroom. This park model home maximizes comfort within a compact layout, with an open living area that enhances functionality and a private bedroom that provides a cozy retreat. The DPS 331M is an ideal choice for individuals or couples seeking a modern, efficient park model that blends practicality with a welcoming atmosphere, perfect for getaways or long-term stays.</p><p>&nbsp;</p><p><strong>3D Tour</strong></p><p><a href=""https://cadelmvh.github.io/The-Lodge/"">https://cadelmvh.github.io/The-Lodge/</a></p>",866235_71f71ad02d05411e9a6ce4a0882834e3~mv2.jpg;866235_c67d02f9967046b4bf25e6a81fd2e449~mv2.jpg;866235_09a8718929674f2ba9955656b0978ff0~mv2.jpg;866235_541734b98aea46eb9604c52aa6f7d466~mv2.jpg;866235_81e57ad665d64103a9d7c61731df5cfa~mv2.jpg;866235_667dfeac2908462dba21caad4a46b777~mv2.jpg;866235_f91d1f49b37746efb181f1e2e552e918~mv2.jpg;866235_259639b674b34b269708586047f9e59a~mv2.jpg;866235_5b957d01a61e4b23a0eb493c49ad2079~mv2.jpg;866235_d01e6959c5914ce4b5e4c25bf2dd3fb8~mv2.jpg;866235_d023eb7ea4ee45d2b51fbc4f73291c71~mv2.jpg;866235_afcbcd37780640ab99601796aad4597d~mv2.jpg;866235_b866ed0162ff4109aeb2f6a72ce1c7c5~mv2.jpg;866235_3475b26973dd456eadd7436c0a53822e~mv2.jpg;866235_0b2a013910d44f1fadef5ee78d1f237d~mv2.jpg,100 - 500;Golden West;Park Model;Homes on Display,DPS 331M,396 SQ FT,0,,TRUE,PERCENT,0,InStock,,,,,,,,,,,,,,,,,,,,,,,,,,,,,,,,,,,,,,,Golden West
Product_Tem-1,Product,Imagine,"<p><strong>BEDS:</strong>&nbsp;1&nbsp; &nbsp;<strong>BATHS:</strong>&nbsp;1&nbsp; &nbsp;<strong>SQ FT:</strong>&nbsp;533&nbsp; &nbsp;</p><p><strong>W X L:</strong>&nbsp;14′&nbsp;x 40′</p><p>The Tempo / Imagine built by Golden West Homes offers 533 square feet of efficiently crafted living space, featuring 1 bedroom and 1 bathroom. This manufactured home is designed to maximize comfort in a compact layout, with an open living area that enhances everyday convenience and a private bedroom that provides a restful escape. The Imagine is a fantastic choice for individuals or couples seeking a modern, cozy home that combines practicality with a welcoming atmosphere, ideal for both short stays and long-term living.</p>",866235_89513a50391a40df80f521eebaead518~mv2.webp;866235_dcef81f039fc4d31a244b82eeb0c43f7~mv2.png,Marlette;Golden West;Tempo,TEM14401A,533 SQ FT,0,,TRUE,PERCENT,0,InStock,,,,,,,,,,,,,,,,,,,,,3D Tour and Downloads,"<p><u><a href=""https://86623596-2b11-4ff5-aa33-cf74cb1ae58a.usrfiles.com/ugd/5db61f_447da3bb72b84f258056923ef2093629.pdf"" target=""_blank"">Click Here to Download PDF</a></u></p> 
<p>&nbsp;</p> 
<p><a href=""https://momento360.com/e/uc/1eeef250340a418d9cbdd09dc39f9fe4"" target=""_blank""><u>Click Here for Virtual Tour</u></a></p>",Construction Specifications,"<p>&nbsp;</p> 
<ul> 
 <li>Ac Ready:&nbsp;Heat Pump / Air Conditioner Ready / Whole House Ventilation System</li> 
 <li>Additional Specs:&nbsp;eBuilt Home / Energy Star Certified / Vented Ridgecap (50% of Ridgeline) / Housewrap Under Siding - All Around / Smart Panel Soffit - Vented / 8"" Cement Facia w/ Painted Drip Edge to Match / 9"" Setback Frame / Brown Composite Porch Decking (if Applicable)</li> 
 <li>Exterior Wall On Center:&nbsp;16"" o.c.</li> 
 <li>Exterior Wall Studs:&nbsp;2 x 6 Exterior Walls</li> 
 <li>Floor Decking:&nbsp;19/32"" T&amp;G OSB Floor Decking</li> 
 <li>Floor Joists:&nbsp;12' Wide Floors = 2 x 6 Floor Joists - 16"" o.c. / 13' 4"" Floors = 2 x 6 Floor Joists - 16"" o.c. / 13' 4"" Wide Floors = 2 x 6 Floor Joists - 16"" o.c. / 15' Wide Floors = 2 x 6 Floor Joists - 16"" o.c.</li> 
 <li>Interior Wall On Center:&nbsp;24"" o.c.</li> 
 <li>Interior Wall Studs:&nbsp;2 x 3 Interior Walls</li> 
 <li>Roof Load:&nbsp;30# Roof Load - 24"" o.c. Rafters</li> 
 <li>Side Wall Height:&nbsp;8' Sidewalls w/ Flat Ceilings</li> 
 <li>Insulation (Floors):&nbsp;R 33 Inside I-Beams &amp; R 22 Outside I-Beams</li> 
 <li>Insulation (Walls):&nbsp;R 21</li> 
 <li>Insulation (Roof):&nbsp;R 38</li> 
 <li>Eaves:&nbsp;Single Section Homes = 4 1/2"" Sidewall &amp; 12"" Endwall (Nominal) / Multi Section Homes = 6"" Sidewall &amp; 12"" Endwall (Nominal)</li> 
</ul>",Exterior Specifications,"<ul> 
 <li>Additional Specs:&nbsp;Spring Doorstops - All Exterior Doors</li> 
 <li>Dormer:&nbsp;16' Dormer Multi Section Homes - Per Print (N/A on Porch Models) / Columns at Dormer Valleys / Accent Paint Between Columns and Under Dormer</li> 
 <li>Front Door:&nbsp;36"" Craftsman Fiberglass w/ Matte Black Thumblatch</li> 
 <li>Rear Door:&nbsp;36"" 9 Lite Fiberglass w/ Brushed Nickel Egg Knob</li> 
 <li>Roof Pitch:&nbsp;Single Section Homes = 4/12 Roof Pitch / Multi Section Homes = Nominal 3/12 Roof Pitch</li> 
 <li>Shingles:&nbsp;Architectural Shingles - Color: Weathered Wood</li> 
 <li>Siding:&nbsp;3/8"" LP Smartpanel Vertical Siding</li> 
 <li>Window Trim:&nbsp;4"" LP Window Trim</li> 
 <li>Window Type:&nbsp;White Vinyl Framed, Argon Gas, Low ""E"" Windows</li> 
 <li>Exterior Lighting:&nbsp;Black Lantern Style Exterior Light w/ LED Bulb - Front Door / Jelly Jar Style Exterior Light w/ LED Bulb - Back Door(s)</li> 
 <li>Exterior Outlets:&nbsp;Exterior GFI Receptacle (2) - Front and Back - Per Print</li> 
</ul>",Interior Specifications,"<ul> 
 <li>Baseboards:&nbsp;3 1/2"" White Baseboard Throughout (Closets w/ Doors &amp; Pantries = 2"" Batton)</li> 
 <li>Ceiling Fans:&nbsp;Wire &amp; Brace for Fan - Living Room and Primary Bedroom</li> 
 <li>Ceiling Type Or Grade:&nbsp;2 1/4"" White Ceiling Trim (Closets w/ Doors &amp; Pantries = 2"" Batton)</li> 
 <li>Safety Alarms:&nbsp;Combination CO / Smoke Detector</li> 
 <li>Window Type:&nbsp;White Cased Window Wrap - All Windows</li> 
 <li>Wall Finish:&nbsp;Orange Peel Drywall Texture / Square Drywall Corners</li> 
 <li>Interior Doors:&nbsp;White Cathedral Interior Doors w/ 3 Hinges / 2 1/4"" White Door Casing (Closets w/ Doors &amp; Pantries = 2"" Batton)</li> 
 <li>Interior Lighting:&nbsp;Recessed LED Lights - Per Electrical Print</li> 
 <li>Interior Flooring:&nbsp;LUX Aged European Oak LX 311 - Vinyl Sheet Flooring - Per Print</li> 
 <li>Cabinetry &amp; Counters:&nbsp;Wire Shelving in Closets, Linens and Pantries / Full Hardwood Cabinet System - Doors, Face Frames and Sidepanels / 42"" Overhead Cabinets / Flat Crown Moulding on Overheads / Blonde Maple Lined Base &amp; Overhead Cabinets / Cabinet Matched Liner Behind Refrigerator / 1 Fixed Half Shelf in Base Cabinets (1/2"" Thick w/ Cleats) / 1 Fixed Shelf in Overhead Cabinets (1/2"" Thick w/ Wrapped Cleats)</li> 
 <li>Interior Paint:&nbsp;Interior Paint = Greek Villa SW 7551 (Flat Finish)</li> 
 <li>Carpet Type Or Grade:&nbsp;25 oz. New Wave Carpet - Color: Weathered (Multi Sections Only) - Shipped Loose / 5# Carpet Pad</li> 
</ul>",Utilities Specifications,"<p>Electrical Service:&nbsp;200 Amp Electrical Service / Solar and Wind-Ready w/ 1"" Conduit<br> Furnace:&nbsp;Electric Furnace - Sized in Accordance w/ ACCA Manual S &amp; Manual J<br> Heat Duct Registers:&nbsp;In-Floor Crossover Heat Duct System<br> Other:&nbsp;Hose Bibb (2) - Front and Back - Per Print<br> Shut Off Valves Throughout:&nbsp;Whole House Master Water Shut-Off Valve<br> Thermostat:&nbsp;ecobee Programmable Thermostat<br> Washer Dryer Plumb Wire:&nbsp;Plumbed and Wired for Clothes Washer &amp; Dryer<br> Water Heater:&nbsp;Rheem 40 Gallon Hybrid Heat Pump Water Heater<br> Water Shut Off Valves:&nbsp;Shut Off Valves at all Sinks and Commodes<br> Door Hardware:&nbsp;Brushed Nickel Egg Shaped Interior Door Knobs</p>",Kitchen & Baths Specifications,"<p><u><strong>Kitchen Specifications</strong></u></p> 
<ul> 
 <li>Kitchen Sink:&nbsp;Kitchen Sink - 8"" Deep Stainless</li> 
 <li>Kitchen Refrigerator:&nbsp;Energy Star Rated 18 Cu. Ft . Refrigerator - Stainless / Plumb Only for Icemaker</li> 
 <li>Kitchen Range Type:&nbsp;Smooth Top Self-Cleaning Electric Range - Stainless</li> 
 <li>Kitchen Range Hood:&nbsp;Designer Rangehood - Stainless</li> 
 <li>Kitchen Faucets:&nbsp;Stellen - 1-Handle Pull Down Kitchen Faucet - Stainless</li> 
 <li>Kitchen Drawer Type:&nbsp;Metal Roller Drawer Guides / Bank of Drawers - Kitchen (2 Large &amp; 1 Small)</li> 
 <li>Kitchen Dishwasher:&nbsp;Energy Star Rated Dishwasher - Stainless</li> 
 <li>Kitchen Countertops:&nbsp;Laminate Countertops - Color Per Order Specs</li> 
 <li>Kitchen Cabinetry:&nbsp;Kitchen Perimeter Cabinets - Studio Beige or Bishop Oak / Island Bar Cabinets - Onyx Black or Plover</li> 
 <li>Kitchen Backsplash:&nbsp;4"" Laminate Backsplash Throughout (NO Sidesplash)</li> 
</ul> 
<p>&nbsp;</p> 
<p><u><strong>Baths Specifications</strong></u></p> 
<ul> 
 <li>Bathroom Cabinets:&nbsp;Bathroom Cabinets - Studio Beige or Bishop Oak</li> 
 <li>Bathroom Sink:&nbsp;Square China Sink w/ Pop Up</li> 
 <li>Bathroom Lighting:&nbsp;1 Recessed LED Light - Secondary Bedrooms / Recessed LED Lights Over Bath Sinks</li> 
 <li>Bathroom Countertops:&nbsp;Laminate Countertops - Color Per Order Specs</li> 
 <li>Bathroom Faucets:&nbsp;Weller - Brushed Nickel 2 - Handle Faucets / Low Flow Faucets and Shower Fixtures</li> 
 <li>Bathroom Fans:&nbsp;Power Exhaust Bath Fan</li> 
 <li>Bathroom Additional Specs:&nbsp;Privacy Locks on all Baths</li> 
 <li>Bathroom Backsplash:&nbsp;4"" Laminate Backsplash Throughout (NO Sidesplash)</li> 
 <li>Bathroom Shower:&nbsp;60"" Fiberglass Double Seat Shower w/ Framed Door (Most Baths) - See Print / Fiberglass 60 x 32 Tub Shower - Center Drain guest baths</li> 
 <li>Bathroom Toilet Type:&nbsp;Elongated Stool</li> 
 <li>Bathroom Mirror:&nbsp;Framed Mirror</li> 
</ul>",,,,,,,Clayton Homes
Product_Tem-2,Product,Satisfaction,"<p><strong>BEDS:</strong>&nbsp;2&nbsp; &nbsp; &nbsp;<strong>BATHS:</strong>&nbsp;1.00&nbsp; &nbsp; &nbsp;<strong>SQ FT:</strong>&nbsp;640&nbsp; &nbsp; &nbsp;</p><p><strong>W X L:</strong>&nbsp;14′ x 48′&nbsp;</p><p>The Tempo / Satisfaction built by Golden West Homes offers 640 square feet of thoughtfully arranged living space, featuring 2 bedrooms and 1 bathroom. This manufactured home is crafted for efficiency and style, with an open layout ideal for comfortable living and private bedrooms that provide a cozy retreat. The Satisfaction is a perfect choice for individuals or couples seeking a compact, modern home that balances functionality with a welcoming atmosphere, making it ideal for daily comfort or a getaway haven.</p>",866235_32f30451798b4d44bd67ff2a0e1b2c82~mv2.webp;866235_ce8de1458d394487879dd4b65bdac0ec~mv2.png,"Tempo;Marlette;Single-Section;Golden West;500 - 1,000",51TEM14482AH,640 SQ FT,0,,TRUE,PERCENT,0,InStock,,,,,,,,,,,,,,,,,,,,,3D Tour and Downloads,"<p><a href=""https://86623596-2b11-4ff5-aa33-cf74cb1ae58a.usrfiles.com/ugd/5db61f_40ea4a5be9f64f299532022401da1199.pdf"" target=""_blank""><u>Click Here to Download PDF</u></a></p> 
<p>&nbsp;</p> 
<p><a href=""https://my.matterport.com/show/?play=1&amp;m=ubuhATpRGub"" target=""_blank""><u>Click Here for Virtual Tour</u></a></p>",Construction Specifications,"<p>&nbsp;</p> 
<ul> 
 <li>Ac Ready:&nbsp;Heat Pump / Air Conditioner Ready / Whole House Ventilation System</li> 
 <li>Additional Specs:&nbsp;eBuilt Home / Energy Star Certified / Vented Ridgecap (50% of Ridgeline) / Housewrap Under Siding - All Around / Smart Panel Soffit - Vented / 8"" Cement Facia w/ Painted Drip Edge to Match / 9"" Setback Frame / Brown Composite Porch Decking (if Applicable)</li> 
 <li>Exterior Wall On Center:&nbsp;16"" o.c.</li> 
 <li>Exterior Wall Studs:&nbsp;2 x 6 Exterior Walls</li> 
 <li>Floor Decking:&nbsp;19/32"" T&amp;G OSB Floor Decking</li> 
 <li>Floor Joists:&nbsp;12' Wide Floors = 2 x 6 Floor Joists - 16"" o.c. / 13' 4"" Floors = 2 x 6 Floor Joists - 16"" o.c. / 13' 4"" Wide Floors = 2 x 6 Floor Joists - 16"" o.c. / 15' Wide Floors = 2 x 6 Floor Joists - 16"" o.c.</li> 
 <li>Interior Wall On Center:&nbsp;24"" o.c.</li> 
 <li>Interior Wall Studs:&nbsp;2 x 3 Interior Walls</li> 
 <li>Roof Load:&nbsp;30# Roof Load - 24"" o.c. Rafters</li> 
 <li>Side Wall Height:&nbsp;8' Sidewalls w/ Flat Ceilings</li> 
 <li>Insulation (Floors):&nbsp;R 33 Inside I-Beams &amp; R 22 Outside I-Beams</li> 
 <li>Insulation (Walls):&nbsp;R 21</li> 
 <li>Insulation (Roof):&nbsp;R 38</li> 
 <li>Eaves:&nbsp;Single Section Homes = 4 1/2"" Sidewall &amp; 12"" Endwall (Nominal) / Multi Section Homes = 6"" Sidewall &amp; 12"" Endwall (Nominal)</li> 
</ul>",Exterior Specifications,"<ul> 
 <li>Additional Specs:&nbsp;Spring Doorstops - All Exterior Doors</li> 
 <li>Dormer:&nbsp;16' Dormer Multi Section Homes - Per Print (N/A on Porch Models) / Columns at Dormer Valleys / Accent Paint Between Columns and Under Dormer</li> 
 <li>Front Door:&nbsp;36"" Craftsman Fiberglass w/ Matte Black Thumblatch</li> 
 <li>Rear Door:&nbsp;36"" 9 Lite Fiberglass w/ Brushed Nickel Egg Knob</li> 
 <li>Roof Pitch:&nbsp;Single Section Homes = 4/12 Roof Pitch / Multi Section Homes = Nominal 3/12 Roof Pitch</li> 
 <li>Shingles:&nbsp;Architectural Shingles - Color: Weathered Wood</li> 
 <li>Siding:&nbsp;3/8"" LP Smartpanel Vertical Siding</li> 
 <li>Window Trim:&nbsp;4"" LP Window Trim</li> 
 <li>Window Type:&nbsp;White Vinyl Framed, Argon Gas, Low ""E"" Windows</li> 
 <li>Exterior Lighting:&nbsp;Black Lantern Style Exterior Light w/ LED Bulb - Front Door / Jelly Jar Style Exterior Light w/ LED Bulb - Back Door(s)</li> 
 <li>Exterior Outlets:&nbsp;Exterior GFI Receptacle (2) - Front and Back - Per Print</li> 
</ul>",Interior Specifications,"<ul> 
 <li>Baseboards:&nbsp;3 1/2"" White Baseboard Throughout (Closets w/ Doors &amp; Pantries = 2"" Batton)</li> 
 <li>Ceiling Fans:&nbsp;Wire &amp; Brace for Fan - Living Room and Primary Bedroom</li> 
 <li>Ceiling Type Or Grade:&nbsp;2 1/4"" White Ceiling Trim (Closets w/ Doors &amp; Pantries = 2"" Batton)</li> 
 <li>Safety Alarms:&nbsp;Combination CO / Smoke Detector</li> 
 <li>Window Type:&nbsp;White Cased Window Wrap - All Windows</li> 
 <li>Wall Finish:&nbsp;Orange Peel Drywall Texture / Square Drywall Corners</li> 
 <li>Interior Doors:&nbsp;White Cathedral Interior Doors w/ 3 Hinges / 2 1/4"" White Door Casing (Closets w/ Doors &amp; Pantries = 2"" Batton)</li> 
 <li>Interior Lighting:&nbsp;Recessed LED Lights - Per Electrical Print</li> 
 <li>Interior Flooring:&nbsp;LUX Aged European Oak LX 311 - Vinyl Sheet Flooring - Per Print</li> 
 <li>Cabinetry &amp; Counters:&nbsp;Wire Shelving in Closets, Linens and Pantries / Full Hardwood Cabinet System - Doors, Face Frames and Sidepanels / 42"" Overhead Cabinets / Flat Crown Moulding on Overheads / Blonde Maple Lined Base &amp; Overhead Cabinets / Cabinet Matched Liner Behind Refrigerator / 1 Fixed Half Shelf in Base Cabinets (1/2"" Thick w/ Cleats) / 1 Fixed Shelf in Overhead Cabinets (1/2"" Thick w/ Wrapped Cleats)</li> 
 <li>Interior Paint:&nbsp;Interior Paint = Greek Villa SW 7551 (Flat Finish)</li> 
 <li>Carpet Type Or Grade:&nbsp;25 oz. New Wave Carpet - Color: Weathered (Multi Sections Only) - Shipped Loose / 5# Carpet Pad</li> 
</ul>",Utilities Specifications,"<p>Electrical Service:&nbsp;200 Amp Electrical Service / Solar and Wind-Ready w/ 1"" Conduit<br> Furnace:&nbsp;Electric Furnace - Sized in Accordance w/ ACCA Manual S &amp; Manual J<br> Heat Duct Registers:&nbsp;In-Floor Crossover Heat Duct System<br> Other:&nbsp;Hose Bibb (2) - Front and Back - Per Print<br> Shut Off Valves Throughout:&nbsp;Whole House Master Water Shut-Off Valve<br> Thermostat:&nbsp;ecobee Programmable Thermostat<br> Washer Dryer Plumb Wire:&nbsp;Plumbed and Wired for Clothes Washer &amp; Dryer<br> Water Heater:&nbsp;Rheem 40 Gallon Hybrid Heat Pump Water Heater<br> Water Shut Off Valves:&nbsp;Shut Off Valves at all Sinks and Commodes<br> Door Hardware:&nbsp;Brushed Nickel Egg Shaped Interior Door Knobs</p>",Kitchen & Baths Specifications,"<p><u><strong>Kitchen Specifications</strong></u></p> 
<ul> 
 <li>Kitchen Sink:&nbsp;Kitchen Sink - 8"" Deep Stainless</li> 
 <li>Kitchen Refrigerator:&nbsp;Energy Star Rated 18 Cu. Ft . Refrigerator - Stainless / Plumb Only for Icemaker</li> 
 <li>Kitchen Range Type:&nbsp;Smooth Top Self-Cleaning Electric Range - Stainless</li> 
 <li>Kitchen Range Hood:&nbsp;Designer Rangehood - Stainless</li> 
 <li>Kitchen Faucets:&nbsp;Stellen - 1-Handle Pull Down Kitchen Faucet - Stainless</li> 
 <li>Kitchen Drawer Type:&nbsp;Metal Roller Drawer Guides / Bank of Drawers - Kitchen (2 Large &amp; 1 Small)</li> 
 <li>Kitchen Dishwasher:&nbsp;Energy Star Rated Dishwasher - Stainless</li> 
 <li>Kitchen Countertops:&nbsp;Laminate Countertops - Color Per Order Specs</li> 
 <li>Kitchen Cabinetry:&nbsp;Kitchen Perimeter Cabinets - Studio Beige or Bishop Oak / Island Bar Cabinets - Onyx Black or Plover</li> 
 <li>Kitchen Backsplash:&nbsp;4"" Laminate Backsplash Throughout (NO Sidesplash)</li> 
</ul> 
<p>&nbsp;</p> 
<p><u><strong>Baths Specifications</strong></u></p> 
<ul> 
 <li>Bathroom Cabinets:&nbsp;Bathroom Cabinets - Studio Beige or Bishop Oak</li> 
 <li>Bathroom Sink:&nbsp;Square China Sink w/ Pop Up</li> 
 <li>Bathroom Lighting:&nbsp;1 Recessed LED Light - Secondary Bedrooms / Recessed LED Lights Over Bath Sinks</li> 
 <li>Bathroom Countertops:&nbsp;Laminate Countertops - Color Per Order Specs</li> 
 <li>Bathroom Faucets:&nbsp;Weller - Brushed Nickel 2 - Handle Faucets / Low Flow Faucets and Shower Fixtures</li> 
 <li>Bathroom Fans:&nbsp;Power Exhaust Bath Fan</li> 
 <li>Bathroom Additional Specs:&nbsp;Privacy Locks on all Baths</li> 
 <li>Bathroom Backsplash:&nbsp;4"" Laminate Backsplash Throughout (NO Sidesplash)</li> 
 <li>Bathroom Shower:&nbsp;60"" Fiberglass Double Seat Shower w/ Framed Door (Most Baths) - See Print / Fiberglass 60 x 32 Tub Shower - Center Drain guest baths</li> 
 <li>Bathroom Toilet Type:&nbsp;Elongated Stool</li> 
 <li>Bathroom Mirror:&nbsp;Framed Mirror</li> 
</ul>",,,,,,,Clayton Homes
Product_Tem-3,Product,Respect,"<p><strong>BEDS:</strong>&nbsp;2&nbsp; &nbsp; &nbsp;<strong>BATHS:</strong>&nbsp;2&nbsp; &nbsp; &nbsp;<strong>SQ FT:</strong>&nbsp;800&nbsp; &nbsp; &nbsp;</p><p><strong>W X L:</strong>&nbsp;14′ x 60′&nbsp;</p><p>The Tempo / Respect built by Golden West Homes offers 800 square feet of efficiently designed living space, featuring 2 bedrooms and 2 bathrooms. This manufactured home combines comfort with practicality, providing open areas for relaxed gatherings and private bedrooms that offer a peaceful retreat. The Respect is an ideal choice for individuals or couples seeking a modern, compact home that balances functionality with a warm, inviting atmosphere, making it well-suited for both everyday living and weekend escapes.</p>",866235_442ad29f01a2432e8285fc9f250b5be7~mv2.webp;866235_1aa6ca3b582a44b68b856059d1882800~mv2.png,"Tempo;Marlette;Single-Section;Golden West;500 - 1,000",51TEM14602AH,800 SQ FT,0,,TRUE,PERCENT,0,InStock,,,,,,,,,,,,,,,,,,,,,3D Tour and Downloads,"<p><u><a href=""https://86623596-2b11-4ff5-aa33-cf74cb1ae58a.usrfiles.com/ugd/5db61f_526d45a21ce8413aa8c8303cabb514d9.pdf"" target=""_blank"">Click Here to Download PDF</a></u></p> 
<p>&nbsp;</p> 
<p><a href=""https://momento360.com/e/uc/051f4e3081b841b99f6416795279f117"" target=""_blank""><u>Click Here for Virtual Tour</u></a></p>",Construction Specifications,"<p>&nbsp;</p> 
<ul> 
 <li>Ac Ready:&nbsp;Heat Pump / Air Conditioner Ready / Whole House Ventilation System</li> 
 <li>Additional Specs:&nbsp;eBuilt Home / Energy Star Certified / Vented Ridgecap (50% of Ridgeline) / Housewrap Under Siding - All Around / Smart Panel Soffit - Vented / 8"" Cement Facia w/ Painted Drip Edge to Match / 9"" Setback Frame / Brown Composite Porch Decking (if Applicable)</li> 
 <li>Exterior Wall On Center:&nbsp;16"" o.c.</li> 
 <li>Exterior Wall Studs:&nbsp;2 x 6 Exterior Walls</li> 
 <li>Floor Decking:&nbsp;19/32"" T&amp;G OSB Floor Decking</li> 
 <li>Floor Joists:&nbsp;12' Wide Floors = 2 x 6 Floor Joists - 16"" o.c. / 13' 4"" Floors = 2 x 6 Floor Joists - 16"" o.c. / 13' 4"" Wide Floors = 2 x 6 Floor Joists - 16"" o.c. / 15' Wide Floors = 2 x 6 Floor Joists - 16"" o.c.</li> 
 <li>Interior Wall On Center:&nbsp;24"" o.c.</li> 
 <li>Interior Wall Studs:&nbsp;2 x 3 Interior Walls</li> 
 <li>Roof Load:&nbsp;30# Roof Load - 24"" o.c. Rafters</li> 
 <li>Side Wall Height:&nbsp;8' Sidewalls w/ Flat Ceilings</li> 
 <li>Insulation (Floors):&nbsp;R 33 Inside I-Beams &amp; R 22 Outside I-Beams</li> 
 <li>Insulation (Walls):&nbsp;R 21</li> 
 <li>Insulation (Roof):&nbsp;R 38</li> 
 <li>Eaves:&nbsp;Single Section Homes = 4 1/2"" Sidewall &amp; 12"" Endwall (Nominal) / Multi Section Homes = 6"" Sidewall &amp; 12"" Endwall (Nominal)</li> 
</ul>",Exterior Specifications,"<ul> 
 <li>Additional Specs:&nbsp;Spring Doorstops - All Exterior Doors</li> 
 <li>Dormer:&nbsp;16' Dormer Multi Section Homes - Per Print (N/A on Porch Models) / Columns at Dormer Valleys / Accent Paint Between Columns and Under Dormer</li> 
 <li>Front Door:&nbsp;36"" Craftsman Fiberglass w/ Matte Black Thumblatch</li> 
 <li>Rear Door:&nbsp;36"" 9 Lite Fiberglass w/ Brushed Nickel Egg Knob</li> 
 <li>Roof Pitch:&nbsp;Single Section Homes = 4/12 Roof Pitch / Multi Section Homes = Nominal 3/12 Roof Pitch</li> 
 <li>Shingles:&nbsp;Architectural Shingles - Color: Weathered Wood</li> 
 <li>Siding:&nbsp;3/8"" LP Smartpanel Vertical Siding</li> 
 <li>Window Trim:&nbsp;4"" LP Window Trim</li> 
 <li>Window Type:&nbsp;White Vinyl Framed, Argon Gas, Low ""E"" Windows</li> 
 <li>Exterior Lighting:&nbsp;Black Lantern Style Exterior Light w/ LED Bulb - Front Door / Jelly Jar Style Exterior Light w/ LED Bulb - Back Door(s)</li> 
 <li>Exterior Outlets:&nbsp;Exterior GFI Receptacle (2) - Front and Back - Per Print</li> 
</ul>",Interior Specifications,"<ul> 
 <li>Baseboards:&nbsp;3 1/2"" White Baseboard Throughout (Closets w/ Doors &amp; Pantries = 2"" Batton)</li> 
 <li>Ceiling Fans:&nbsp;Wire &amp; Brace for Fan - Living Room and Primary Bedroom</li> 
 <li>Ceiling Type Or Grade:&nbsp;2 1/4"" White Ceiling Trim (Closets w/ Doors &amp; Pantries = 2"" Batton)</li> 
 <li>Safety Alarms:&nbsp;Combination CO / Smoke Detector</li> 
 <li>Window Type:&nbsp;White Cased Window Wrap - All Windows</li> 
 <li>Wall Finish:&nbsp;Orange Peel Drywall Texture / Square Drywall Corners</li> 
 <li>Interior Doors:&nbsp;White Cathedral Interior Doors w/ 3 Hinges / 2 1/4"" White Door Casing (Closets w/ Doors &amp; Pantries = 2"" Batton)</li> 
 <li>Interior Lighting:&nbsp;Recessed LED Lights - Per Electrical Print</li> 
 <li>Interior Flooring:&nbsp;LUX Aged European Oak LX 311 - Vinyl Sheet Flooring - Per Print</li> 
 <li>Cabinetry &amp; Counters:&nbsp;Wire Shelving in Closets, Linens and Pantries / Full Hardwood Cabinet System - Doors, Face Frames and Sidepanels / 42"" Overhead Cabinets / Flat Crown Moulding on Overheads / Blonde Maple Lined Base &amp; Overhead Cabinets / Cabinet Matched Liner Behind Refrigerator / 1 Fixed Half Shelf in Base Cabinets (1/2"" Thick w/ Cleats) / 1 Fixed Shelf in Overhead Cabinets (1/2"" Thick w/ Wrapped Cleats)</li> 
 <li>Interior Paint:&nbsp;Interior Paint = Greek Villa SW 7551 (Flat Finish)</li> 
 <li>Carpet Type Or Grade:&nbsp;25 oz. New Wave Carpet - Color: Weathered (Multi Sections Only) - Shipped Loose / 5# Carpet Pad</li> 
</ul>",Utilities Specifications,"<p>Electrical Service:&nbsp;200 Amp Electrical Service / Solar and Wind-Ready w/ 1"" Conduit<br> Furnace:&nbsp;Electric Furnace - Sized in Accordance w/ ACCA Manual S &amp; Manual J<br> Heat Duct Registers:&nbsp;In-Floor Crossover Heat Duct System<br> Other:&nbsp;Hose Bibb (2) - Front and Back - Per Print<br> Shut Off Valves Throughout:&nbsp;Whole House Master Water Shut-Off Valve<br> Thermostat:&nbsp;ecobee Programmable Thermostat<br> Washer Dryer Plumb Wire:&nbsp;Plumbed and Wired for Clothes Washer &amp; Dryer<br> Water Heater:&nbsp;Rheem 40 Gallon Hybrid Heat Pump Water Heater<br> Water Shut Off Valves:&nbsp;Shut Off Valves at all Sinks and Commodes<br> Door Hardware:&nbsp;Brushed Nickel Egg Shaped Interior Door Knobs</p>",Kitchen & Baths Specifications,"<p><u><strong>Kitchen Specifications</strong></u></p> 
<ul> 
 <li>Kitchen Sink:&nbsp;Kitchen Sink - 8"" Deep Stainless</li> 
 <li>Kitchen Refrigerator:&nbsp;Energy Star Rated 18 Cu. Ft . Refrigerator - Stainless / Plumb Only for Icemaker</li> 
 <li>Kitchen Range Type:&nbsp;Smooth Top Self-Cleaning Electric Range - Stainless</li> 
 <li>Kitchen Range Hood:&nbsp;Designer Rangehood - Stainless</li> 
 <li>Kitchen Faucets:&nbsp;Stellen - 1-Handle Pull Down Kitchen Faucet - Stainless</li> 
 <li>Kitchen Drawer Type:&nbsp;Metal Roller Drawer Guides / Bank of Drawers - Kitchen (2 Large &amp; 1 Small)</li> 
 <li>Kitchen Dishwasher:&nbsp;Energy Star Rated Dishwasher - Stainless</li> 
 <li>Kitchen Countertops:&nbsp;Laminate Countertops - Color Per Order Specs</li> 
 <li>Kitchen Cabinetry:&nbsp;Kitchen Perimeter Cabinets - Studio Beige or Bishop Oak / Island Bar Cabinets - Onyx Black or Plover</li> 
 <li>Kitchen Backsplash:&nbsp;4"" Laminate Backsplash Throughout (NO Sidesplash)</li> 
</ul> 
<p>&nbsp;</p> 
<p><u><strong>Baths Specifications</strong></u></p> 
<ul> 
 <li>Bathroom Cabinets:&nbsp;Bathroom Cabinets - Studio Beige or Bishop Oak</li> 
 <li>Bathroom Sink:&nbsp;Square China Sink w/ Pop Up</li> 
 <li>Bathroom Lighting:&nbsp;1 Recessed LED Light - Secondary Bedrooms / Recessed LED Lights Over Bath Sinks</li> 
 <li>Bathroom Countertops:&nbsp;Laminate Countertops - Color Per Order Specs</li> 
 <li>Bathroom Faucets:&nbsp;Weller - Brushed Nickel 2 - Handle Faucets / Low Flow Faucets and Shower Fixtures</li> 
 <li>Bathroom Fans:&nbsp;Power Exhaust Bath Fan</li> 
 <li>Bathroom Additional Specs:&nbsp;Privacy Locks on all Baths</li> 
 <li>Bathroom Backsplash:&nbsp;4"" Laminate Backsplash Throughout (NO Sidesplash)</li> 
 <li>Bathroom Shower:&nbsp;60"" Fiberglass Double Seat Shower w/ Framed Door (Most Baths) - See Print / Fiberglass 60 x 32 Tub Shower - Center Drain guest baths</li> 
 <li>Bathroom Toilet Type:&nbsp;Elongated Stool</li> 
 <li>Bathroom Mirror:&nbsp;Framed Mirror</li> 
</ul>",,,,,,,Clayton Homes
Product_Tem-4,Product,Good Vibrations,"<p><strong>BEDS:</strong>&nbsp;3&nbsp; &nbsp; &nbsp;<strong>BATHS:</strong>&nbsp;2&nbsp; &nbsp;&nbsp;<strong>SQ FT:</strong>&nbsp;880&nbsp; &nbsp; &nbsp;</p><p><strong>W X L:</strong>&nbsp;14′ x 66′</p><p>The Tempo / Good Vibrations built by Golden West Homes provides 880 square feet of thoughtfully arranged living space, featuring 3 bedrooms and 2 bathrooms. This manufactured home is crafted to maximize comfort and style within a compact footprint, offering open living areas perfect for family gatherings and private bedrooms that provide a restful retreat. The Good Vibrations is a great choice for families or individuals seeking a modern, functional home that blends practicality with a welcoming atmosphere for everyday enjoyment.</p>",866235_f390acd679d54e228f2457a9cfd3a6e1~mv2.webp;866235_55181d15bc764a72be07b2889c43fe6a~mv2.png,"Tempo;Marlette;Single-Section;Golden West;500 - 1,000",51TEM14663AH,880 SQ FT,0,,TRUE,PERCENT,0,InStock,,,,,,,,,,,,,,,,,,,,,3D Tour and Downloads,"<p><u><a href=""https://86623596-2b11-4ff5-aa33-cf74cb1ae58a.usrfiles.com/ugd/5db61f_64072a5edc3b4aff9a0a756dbf3b01f7.pdf"" target=""_blank"">Click Here to Download PDF</a></u></p> 
<p>&nbsp;</p> 
<p><a href=""https://momento360.com/e/uc/37f9938dcde54573805b2a7d92f0a1a8"" target=""_blank""><u>Click Here for Virtual Tour</u></a></p>",Construction Specifications,"<p>&nbsp;</p> 
<ul> 
 <li>Ac Ready:&nbsp;Heat Pump / Air Conditioner Ready / Whole House Ventilation System</li> 
 <li>Additional Specs:&nbsp;eBuilt Home / Energy Star Certified / Vented Ridgecap (50% of Ridgeline) / Housewrap Under Siding - All Around / Smart Panel Soffit - Vented / 8"" Cement Facia w/ Painted Drip Edge to Match / 9"" Setback Frame / Brown Composite Porch Decking (if Applicable)</li> 
 <li>Exterior Wall On Center:&nbsp;16"" o.c.</li> 
 <li>Exterior Wall Studs:&nbsp;2 x 6 Exterior Walls</li> 
 <li>Floor Decking:&nbsp;19/32"" T&amp;G OSB Floor Decking</li> 
 <li>Floor Joists:&nbsp;12' Wide Floors = 2 x 6 Floor Joists - 16"" o.c. / 13' 4"" Floors = 2 x 6 Floor Joists - 16"" o.c. / 13' 4"" Wide Floors = 2 x 6 Floor Joists - 16"" o.c. / 15' Wide Floors = 2 x 6 Floor Joists - 16"" o.c.</li> 
 <li>Interior Wall On Center:&nbsp;24"" o.c.</li> 
 <li>Interior Wall Studs:&nbsp;2 x 3 Interior Walls</li> 
 <li>Roof Load:&nbsp;30# Roof Load - 24"" o.c. Rafters</li> 
 <li>Side Wall Height:&nbsp;8' Sidewalls w/ Flat Ceilings</li> 
 <li>Insulation (Floors):&nbsp;R 33 Inside I-Beams &amp; R 22 Outside I-Beams</li> 
 <li>Insulation (Walls):&nbsp;R 21</li> 
 <li>Insulation (Roof):&nbsp;R 38</li> 
 <li>Eaves:&nbsp;Single Section Homes = 4 1/2"" Sidewall &amp; 12"" Endwall (Nominal) / Multi Section Homes = 6"" Sidewall &amp; 12"" Endwall (Nominal)</li> 
</ul>",Exterior Specifications,"<ul> 
 <li>Additional Specs:&nbsp;Spring Doorstops - All Exterior Doors</li> 
 <li>Dormer:&nbsp;16' Dormer Multi Section Homes - Per Print (N/A on Porch Models) / Columns at Dormer Valleys / Accent Paint Between Columns and Under Dormer</li> 
 <li>Front Door:&nbsp;36"" Craftsman Fiberglass w/ Matte Black Thumblatch</li> 
 <li>Rear Door:&nbsp;36"" 9 Lite Fiberglass w/ Brushed Nickel Egg Knob</li> 
 <li>Roof Pitch:&nbsp;Single Section Homes = 4/12 Roof Pitch / Multi Section Homes = Nominal 3/12 Roof Pitch</li> 
 <li>Shingles:&nbsp;Architectural Shingles - Color: Weathered Wood</li> 
 <li>Siding:&nbsp;3/8"" LP Smartpanel Vertical Siding</li> 
 <li>Window Trim:&nbsp;4"" LP Window Trim</li> 
 <li>Window Type:&nbsp;White Vinyl Framed, Argon Gas, Low ""E"" Windows</li> 
 <li>Exterior Lighting:&nbsp;Black Lantern Style Exterior Light w/ LED Bulb - Front Door / Jelly Jar Style Exterior Light w/ LED Bulb - Back Door(s)</li> 
 <li>Exterior Outlets:&nbsp;Exterior GFI Receptacle (2) - Front and Back - Per Print</li> 
</ul>",Interior Specifications,"<ul> 
 <li>Baseboards:&nbsp;3 1/2"" White Baseboard Throughout (Closets w/ Doors &amp; Pantries = 2"" Batton)</li> 
 <li>Ceiling Fans:&nbsp;Wire &amp; Brace for Fan - Living Room and Primary Bedroom</li> 
 <li>Ceiling Type Or Grade:&nbsp;2 1/4"" White Ceiling Trim (Closets w/ Doors &amp; Pantries = 2"" Batton)</li> 
 <li>Safety Alarms:&nbsp;Combination CO / Smoke Detector</li> 
 <li>Window Type:&nbsp;White Cased Window Wrap - All Windows</li> 
 <li>Wall Finish:&nbsp;Orange Peel Drywall Texture / Square Drywall Corners</li> 
 <li>Interior Doors:&nbsp;White Cathedral Interior Doors w/ 3 Hinges / 2 1/4"" White Door Casing (Closets w/ Doors &amp; Pantries = 2"" Batton)</li> 
 <li>Interior Lighting:&nbsp;Recessed LED Lights - Per Electrical Print</li> 
 <li>Interior Flooring:&nbsp;LUX Aged European Oak LX 311 - Vinyl Sheet Flooring - Per Print</li> 
 <li>Cabinetry &amp; Counters:&nbsp;Wire Shelving in Closets, Linens and Pantries / Full Hardwood Cabinet System - Doors, Face Frames and Sidepanels / 42"" Overhead Cabinets / Flat Crown Moulding on Overheads / Blonde Maple Lined Base &amp; Overhead Cabinets / Cabinet Matched Liner Behind Refrigerator / 1 Fixed Half Shelf in Base Cabinets (1/2"" Thick w/ Cleats) / 1 Fixed Shelf in Overhead Cabinets (1/2"" Thick w/ Wrapped Cleats)</li> 
 <li>Interior Paint:&nbsp;Interior Paint = Greek Villa SW 7551 (Flat Finish)</li> 
 <li>Carpet Type Or Grade:&nbsp;25 oz. New Wave Carpet - Color: Weathered (Multi Sections Only) - Shipped Loose / 5# Carpet Pad</li> 
</ul>",Utilities Specifications,"<p>Electrical Service:&nbsp;200 Amp Electrical Service / Solar and Wind-Ready w/ 1"" Conduit<br> Furnace:&nbsp;Electric Furnace - Sized in Accordance w/ ACCA Manual S &amp; Manual J<br> Heat Duct Registers:&nbsp;In-Floor Crossover Heat Duct System<br> Other:&nbsp;Hose Bibb (2) - Front and Back - Per Print<br> Shut Off Valves Throughout:&nbsp;Whole House Master Water Shut-Off Valve<br> Thermostat:&nbsp;ecobee Programmable Thermostat<br> Washer Dryer Plumb Wire:&nbsp;Plumbed and Wired for Clothes Washer &amp; Dryer<br> Water Heater:&nbsp;Rheem 40 Gallon Hybrid Heat Pump Water Heater<br> Water Shut Off Valves:&nbsp;Shut Off Valves at all Sinks and Commodes<br> Door Hardware:&nbsp;Brushed Nickel Egg Shaped Interior Door Knobs</p>",Kitchen & Baths Specifications,"<p><u><strong>Kitchen Specifications</strong></u></p> 
<ul> 
 <li>Kitchen Sink:&nbsp;Kitchen Sink - 8"" Deep Stainless</li> 
 <li>Kitchen Refrigerator:&nbsp;Energy Star Rated 18 Cu. Ft . Refrigerator - Stainless / Plumb Only for Icemaker</li> 
 <li>Kitchen Range Type:&nbsp;Smooth Top Self-Cleaning Electric Range - Stainless</li> 
 <li>Kitchen Range Hood:&nbsp;Designer Rangehood - Stainless</li> 
 <li>Kitchen Faucets:&nbsp;Stellen - 1-Handle Pull Down Kitchen Faucet - Stainless</li> 
 <li>Kitchen Drawer Type:&nbsp;Metal Roller Drawer Guides / Bank of Drawers - Kitchen (2 Large &amp; 1 Small)</li> 
 <li>Kitchen Dishwasher:&nbsp;Energy Star Rated Dishwasher - Stainless</li> 
 <li>Kitchen Countertops:&nbsp;Laminate Countertops - Color Per Order Specs</li> 
 <li>Kitchen Cabinetry:&nbsp;Kitchen Perimeter Cabinets - Studio Beige or Bishop Oak / Island Bar Cabinets - Onyx Black or Plover</li> 
 <li>Kitchen Backsplash:&nbsp;4"" Laminate Backsplash Throughout (NO Sidesplash)</li> 
</ul> 
<p>&nbsp;</p> 
<p><u><strong>Baths Specifications</strong></u></p> 
<ul> 
 <li>Bathroom Cabinets:&nbsp;Bathroom Cabinets - Studio Beige or Bishop Oak</li> 
 <li>Bathroom Sink:&nbsp;Square China Sink w/ Pop Up</li> 
 <li>Bathroom Lighting:&nbsp;1 Recessed LED Light - Secondary Bedrooms / Recessed LED Lights Over Bath Sinks</li> 
 <li>Bathroom Countertops:&nbsp;Laminate Countertops - Color Per Order Specs</li> 
 <li>Bathroom Faucets:&nbsp;Weller - Brushed Nickel 2 - Handle Faucets / Low Flow Faucets and Shower Fixtures</li> 
 <li>Bathroom Fans:&nbsp;Power Exhaust Bath Fan</li> 
 <li>Bathroom Additional Specs:&nbsp;Privacy Locks on all Baths</li> 
 <li>Bathroom Backsplash:&nbsp;4"" Laminate Backsplash Throughout (NO Sidesplash)</li> 
 <li>Bathroom Shower:&nbsp;60"" Fiberglass Double Seat Shower w/ Framed Door (Most Baths) - See Print / Fiberglass 60 x 32 Tub Shower - Center Drain guest baths</li> 
 <li>Bathroom Toilet Type:&nbsp;Elongated Stool</li> 
 <li>Bathroom Mirror:&nbsp;Framed Mirror</li> 
</ul>",,,,,,,Clayton Homes
Product_Tem-5,Product,Yesterday,"<p>&nbsp;</p><p><strong>BEDS:</strong>&nbsp;1&nbsp; &nbsp; &nbsp;<strong>BATHS:</strong>&nbsp;1.00&nbsp; &nbsp; &nbsp;<strong>SQ FT:</strong>&nbsp;660&nbsp; &nbsp; &nbsp;</p><p><strong>W X L:</strong>&nbsp;15′&nbsp;x 44′</p><p>The Tempo / Yesterday built by Golden West Homes offers 660 square feet of cozy, well-utilized living space, featuring 1 bedroom and 1 bathroom. This manufactured home combines charm with functionality, offering an open layout that enhances daily comfort and a private bedroom for a peaceful retreat. The Yesterday is an ideal choice for individuals or couples seeking a compact, modern home that blends practicality with an inviting atmosphere, making it perfect for relaxed everyday living or an intimate getaway.</p><p>&nbsp;</p>",866235_755e681c05c142b981f553d542346e86~mv2.webp;866235_0b5995951d314a64bc975c303fca8354~mv2.png,"Tempo;Marlette;Single-Section;Golden West;500 - 1,000",51TEM16441AH,660 SQ FT,0,,TRUE,PERCENT,0,InStock,,,,,,,,,,,,,,,,,,,,,3D Tour and Downloads,"<p><u><a href=""https://86623596-2b11-4ff5-aa33-cf74cb1ae58a.usrfiles.com/ugd/5db61f_50726ca6bcc248f181612df3a9a0351b.pdf"" target=""_blank"">Click Here to Download PDF</a></u></p> 
<p>&nbsp;</p> 
<p><a href=""https://momento360.com/e/uc/42205040200945fbb5aa4c064ae81611"" target=""_blank""><u>Click Here for Virtual Tour</u></a></p>",Construction Specifications,"<p>&nbsp;</p> 
<ul> 
 <li>Ac Ready:&nbsp;Heat Pump / Air Conditioner Ready / Whole House Ventilation System</li> 
 <li>Additional Specs:&nbsp;eBuilt Home / Energy Star Certified / Vented Ridgecap (50% of Ridgeline) / Housewrap Under Siding - All Around / Smart Panel Soffit - Vented / 8"" Cement Facia w/ Painted Drip Edge to Match / 9"" Setback Frame / Brown Composite Porch Decking (if Applicable)</li> 
 <li>Exterior Wall On Center:&nbsp;16"" o.c.</li> 
 <li>Exterior Wall Studs:&nbsp;2 x 6 Exterior Walls</li> 
 <li>Floor Decking:&nbsp;19/32"" T&amp;G OSB Floor Decking</li> 
 <li>Floor Joists:&nbsp;12' Wide Floors = 2 x 6 Floor Joists - 16"" o.c. / 13' 4"" Floors = 2 x 6 Floor Joists - 16"" o.c. / 13' 4"" Wide Floors = 2 x 6 Floor Joists - 16"" o.c. / 15' Wide Floors = 2 x 6 Floor Joists - 16"" o.c.</li> 
 <li>Interior Wall On Center:&nbsp;24"" o.c.</li> 
 <li>Interior Wall Studs:&nbsp;2 x 3 Interior Walls</li> 
 <li>Roof Load:&nbsp;30# Roof Load - 24"" o.c. Rafters</li> 
 <li>Side Wall Height:&nbsp;8' Sidewalls w/ Flat Ceilings</li> 
 <li>Insulation (Floors):&nbsp;R 33 Inside I-Beams &amp; R 22 Outside I-Beams</li> 
 <li>Insulation (Walls):&nbsp;R 21</li> 
 <li>Insulation (Roof):&nbsp;R 38</li> 
 <li>Eaves:&nbsp;Single Section Homes = 4 1/2"" Sidewall &amp; 12"" Endwall (Nominal) / Multi Section Homes = 6"" Sidewall &amp; 12"" Endwall (Nominal)</li> 
</ul>",Exterior Specifications,"<ul> 
 <li>Additional Specs:&nbsp;Spring Doorstops - All Exterior Doors</li> 
 <li>Dormer:&nbsp;16' Dormer Multi Section Homes - Per Print (N/A on Porch Models) / Columns at Dormer Valleys / Accent Paint Between Columns and Under Dormer</li> 
 <li>Front Door:&nbsp;36"" Craftsman Fiberglass w/ Matte Black Thumblatch</li> 
 <li>Rear Door:&nbsp;36"" 9 Lite Fiberglass w/ Brushed Nickel Egg Knob</li> 
 <li>Roof Pitch:&nbsp;Single Section Homes = 4/12 Roof Pitch / Multi Section Homes = Nominal 3/12 Roof Pitch</li> 
 <li>Shingles:&nbsp;Architectural Shingles - Color: Weathered Wood</li> 
 <li>Siding:&nbsp;3/8"" LP Smartpanel Vertical Siding</li> 
 <li>Window Trim:&nbsp;4"" LP Window Trim</li> 
 <li>Window Type:&nbsp;White Vinyl Framed, Argon Gas, Low ""E"" Windows</li> 
 <li>Exterior Lighting:&nbsp;Black Lantern Style Exterior Light w/ LED Bulb - Front Door / Jelly Jar Style Exterior Light w/ LED Bulb - Back Door(s)</li> 
 <li>Exterior Outlets:&nbsp;Exterior GFI Receptacle (2) - Front and Back - Per Print</li> 
</ul>",Interior Specifications,"<ul> 
 <li>Baseboards:&nbsp;3 1/2"" White Baseboard Throughout (Closets w/ Doors &amp; Pantries = 2"" Batton)</li> 
 <li>Ceiling Fans:&nbsp;Wire &amp; Brace for Fan - Living Room and Primary Bedroom</li> 
 <li>Ceiling Type Or Grade:&nbsp;2 1/4"" White Ceiling Trim (Closets w/ Doors &amp; Pantries = 2"" Batton)</li> 
 <li>Safety Alarms:&nbsp;Combination CO / Smoke Detector</li> 
 <li>Window Type:&nbsp;White Cased Window Wrap - All Windows</li> 
 <li>Wall Finish:&nbsp;Orange Peel Drywall Texture / Square Drywall Corners</li> 
 <li>Interior Doors:&nbsp;White Cathedral Interior Doors w/ 3 Hinges / 2 1/4"" White Door Casing (Closets w/ Doors &amp; Pantries = 2"" Batton)</li> 
 <li>Interior Lighting:&nbsp;Recessed LED Lights - Per Electrical Print</li> 
 <li>Interior Flooring:&nbsp;LUX Aged European Oak LX 311 - Vinyl Sheet Flooring - Per Print</li> 
 <li>Cabinetry &amp; Counters:&nbsp;Wire Shelving in Closets, Linens and Pantries / Full Hardwood Cabinet System - Doors, Face Frames and Sidepanels / 42"" Overhead Cabinets / Flat Crown Moulding on Overheads / Blonde Maple Lined Base &amp; Overhead Cabinets / Cabinet Matched Liner Behind Refrigerator / 1 Fixed Half Shelf in Base Cabinets (1/2"" Thick w/ Cleats) / 1 Fixed Shelf in Overhead Cabinets (1/2"" Thick w/ Wrapped Cleats)</li> 
 <li>Interior Paint:&nbsp;Interior Paint = Greek Villa SW 7551 (Flat Finish)</li> 
 <li>Carpet Type Or Grade:&nbsp;25 oz. New Wave Carpet - Color: Weathered (Multi Sections Only) - Shipped Loose / 5# Carpet Pad</li> 
</ul>",Utilities Specifications,"<p>Electrical Service:&nbsp;200 Amp Electrical Service / Solar and Wind-Ready w/ 1"" Conduit<br> Furnace:&nbsp;Electric Furnace - Sized in Accordance w/ ACCA Manual S &amp; Manual J<br> Heat Duct Registers:&nbsp;In-Floor Crossover Heat Duct System<br> Other:&nbsp;Hose Bibb (2) - Front and Back - Per Print<br> Shut Off Valves Throughout:&nbsp;Whole House Master Water Shut-Off Valve<br> Thermostat:&nbsp;ecobee Programmable Thermostat<br> Washer Dryer Plumb Wire:&nbsp;Plumbed and Wired for Clothes Washer &amp; Dryer<br> Water Heater:&nbsp;Rheem 40 Gallon Hybrid Heat Pump Water Heater<br> Water Shut Off Valves:&nbsp;Shut Off Valves at all Sinks and Commodes<br> Door Hardware:&nbsp;Brushed Nickel Egg Shaped Interior Door Knobs</p>",Kitchen & Baths Specifications,"<p><u><strong>Kitchen Specifications</strong></u></p> 
<ul> 
 <li>Kitchen Sink:&nbsp;Kitchen Sink - 8"" Deep Stainless</li> 
 <li>Kitchen Refrigerator:&nbsp;Energy Star Rated 18 Cu. Ft . Refrigerator - Stainless / Plumb Only for Icemaker</li> 
 <li>Kitchen Range Type:&nbsp;Smooth Top Self-Cleaning Electric Range - Stainless</li> 
 <li>Kitchen Range Hood:&nbsp;Designer Rangehood - Stainless</li> 
 <li>Kitchen Faucets:&nbsp;Stellen - 1-Handle Pull Down Kitchen Faucet - Stainless</li> 
 <li>Kitchen Drawer Type:&nbsp;Metal Roller Drawer Guides / Bank of Drawers - Kitchen (2 Large &amp; 1 Small)</li> 
 <li>Kitchen Dishwasher:&nbsp;Energy Star Rated Dishwasher - Stainless</li> 
 <li>Kitchen Countertops:&nbsp;Laminate Countertops - Color Per Order Specs</li> 
 <li>Kitchen Cabinetry:&nbsp;Kitchen Perimeter Cabinets - Studio Beige or Bishop Oak / Island Bar Cabinets - Onyx Black or Plover</li> 
 <li>Kitchen Backsplash:&nbsp;4"" Laminate Backsplash Throughout (NO Sidesplash)</li> 
</ul> 
<p>&nbsp;</p> 
<p><u><strong>Baths Specifications</strong></u></p> 
<ul> 
 <li>Bathroom Cabinets:&nbsp;Bathroom Cabinets - Studio Beige or Bishop Oak</li> 
 <li>Bathroom Sink:&nbsp;Square China Sink w/ Pop Up</li> 
 <li>Bathroom Lighting:&nbsp;1 Recessed LED Light - Secondary Bedrooms / Recessed LED Lights Over Bath Sinks</li> 
 <li>Bathroom Countertops:&nbsp;Laminate Countertops - Color Per Order Specs</li> 
 <li>Bathroom Faucets:&nbsp;Weller - Brushed Nickel 2 - Handle Faucets / Low Flow Faucets and Shower Fixtures</li> 
 <li>Bathroom Fans:&nbsp;Power Exhaust Bath Fan</li> 
 <li>Bathroom Additional Specs:&nbsp;Privacy Locks on all Baths</li> 
 <li>Bathroom Backsplash:&nbsp;4"" Laminate Backsplash Throughout (NO Sidesplash)</li> 
 <li>Bathroom Shower:&nbsp;60"" Fiberglass Double Seat Shower w/ Framed Door (Most Baths) - See Print / Fiberglass 60 x 32 Tub Shower - Center Drain guest baths</li> 
 <li>Bathroom Toilet Type:&nbsp;Elongated Stool</li> 
 <li>Bathroom Mirror:&nbsp;Framed Mirror</li> 
</ul>",,,,,,,Clayton Homes
Product_Tem-6,Product,Layla,"<p>&nbsp;</p><p><strong>BEDS:</strong>&nbsp;2&nbsp; &nbsp; &nbsp;<strong>BATHS:</strong>&nbsp;1&nbsp; &nbsp; &nbsp;<strong>SQ FT:</strong>&nbsp;780&nbsp; &nbsp; &nbsp;</p><p><strong>W X L:</strong>&nbsp;15′&nbsp;x 52′</p><p>The Tempo / Layla built by Golden West Homes provides 780 square feet of thoughtfully arranged living space, featuring 2 bedrooms and 1 bathroom. This manufactured home is designed for both functionality and style, offering open living areas that foster connection and private bedrooms that provide a cozy retreat. The Layla is an ideal choice for individuals or couples seeking a compact, modern home that balances practicality with a warm, inviting atmosphere, making it perfect for daily living or weekend escapes.</p><p>&nbsp;</p>",866235_19cdc25fc79243c18faaf493a7a12965~mv2.webp;866235_3fc3bf73be55472fac5c421d10af6bc1~mv2.png,"Tempo;Marlette;Single-Section;Golden West;500 - 1,000",51TEM16522AH,780 SQ FT,0,,TRUE,PERCENT,0,InStock,,,,,,,,,,,,,,,,,,,,,3D Tour and Downloads,"<p><u><a href=""https://86623596-2b11-4ff5-aa33-cf74cb1ae58a.usrfiles.com/ugd/5db61f_50b5e51444c04bbdb4b6fd3cc58438d6.pdf"" target=""_blank"">Click Here to Download PDF</a></u></p> 
<p>&nbsp;</p> 
<p><a href=""https://cadelmvh.github.io/Tempo-Layla/"" target=""_blank""><u>Click Here for Virtual Tour</u></a></p>",Construction Specifications,"<p>&nbsp;</p> 
<ul> 
 <li>Ac Ready:&nbsp;Heat Pump / Air Conditioner Ready / Whole House Ventilation System</li> 
 <li>Additional Specs:&nbsp;eBuilt Home / Energy Star Certified / Vented Ridgecap (50% of Ridgeline) / Housewrap Under Siding - All Around / Smart Panel Soffit - Vented / 8"" Cement Facia w/ Painted Drip Edge to Match / 9"" Setback Frame / Brown Composite Porch Decking (if Applicable)</li> 
 <li>Exterior Wall On Center:&nbsp;16"" o.c.</li> 
 <li>Exterior Wall Studs:&nbsp;2 x 6 Exterior Walls</li> 
 <li>Floor Decking:&nbsp;19/32"" T&amp;G OSB Floor Decking</li> 
 <li>Floor Joists:&nbsp;12' Wide Floors = 2 x 6 Floor Joists - 16"" o.c. / 13' 4"" Floors = 2 x 6 Floor Joists - 16"" o.c. / 13' 4"" Wide Floors = 2 x 6 Floor Joists - 16"" o.c. / 15' Wide Floors = 2 x 6 Floor Joists - 16"" o.c.</li> 
 <li>Interior Wall On Center:&nbsp;24"" o.c.</li> 
 <li>Interior Wall Studs:&nbsp;2 x 3 Interior Walls</li> 
 <li>Roof Load:&nbsp;30# Roof Load - 24"" o.c. Rafters</li> 
 <li>Side Wall Height:&nbsp;8' Sidewalls w/ Flat Ceilings</li> 
 <li>Insulation (Floors):&nbsp;R 33 Inside I-Beams &amp; R 22 Outside I-Beams</li> 
 <li>Insulation (Walls):&nbsp;R 21</li> 
 <li>Insulation (Roof):&nbsp;R 38</li> 
 <li>Eaves:&nbsp;Single Section Homes = 4 1/2"" Sidewall &amp; 12"" Endwall (Nominal) / Multi Section Homes = 6"" Sidewall &amp; 12"" Endwall (Nominal)</li> 
</ul>",Exterior Specifications,"<ul> 
 <li>Additional Specs:&nbsp;Spring Doorstops - All Exterior Doors</li> 
 <li>Dormer:&nbsp;16' Dormer Multi Section Homes - Per Print (N/A on Porch Models) / Columns at Dormer Valleys / Accent Paint Between Columns and Under Dormer</li> 
 <li>Front Door:&nbsp;36"" Craftsman Fiberglass w/ Matte Black Thumblatch</li> 
 <li>Rear Door:&nbsp;36"" 9 Lite Fiberglass w/ Brushed Nickel Egg Knob</li> 
 <li>Roof Pitch:&nbsp;Single Section Homes = 4/12 Roof Pitch / Multi Section Homes = Nominal 3/12 Roof Pitch</li> 
 <li>Shingles:&nbsp;Architectural Shingles - Color: Weathered Wood</li> 
 <li>Siding:&nbsp;3/8"" LP Smartpanel Vertical Siding</li> 
 <li>Window Trim:&nbsp;4"" LP Window Trim</li> 
 <li>Window Type:&nbsp;White Vinyl Framed, Argon Gas, Low ""E"" Windows</li> 
 <li>Exterior Lighting:&nbsp;Black Lantern Style Exterior Light w/ LED Bulb - Front Door / Jelly Jar Style Exterior Light w/ LED Bulb - Back Door(s)</li> 
 <li>Exterior Outlets:&nbsp;Exterior GFI Receptacle (2) - Front and Back - Per Print</li> 
</ul>",Interior Specifications,"<ul> 
 <li>Baseboards:&nbsp;3 1/2"" White Baseboard Throughout (Closets w/ Doors &amp; Pantries = 2"" Batton)</li> 
 <li>Ceiling Fans:&nbsp;Wire &amp; Brace for Fan - Living Room and Primary Bedroom</li> 
 <li>Ceiling Type Or Grade:&nbsp;2 1/4"" White Ceiling Trim (Closets w/ Doors &amp; Pantries = 2"" Batton)</li> 
 <li>Safety Alarms:&nbsp;Combination CO / Smoke Detector</li> 
 <li>Window Type:&nbsp;White Cased Window Wrap - All Windows</li> 
 <li>Wall Finish:&nbsp;Orange Peel Drywall Texture / Square Drywall Corners</li> 
 <li>Interior Doors:&nbsp;White Cathedral Interior Doors w/ 3 Hinges / 2 1/4"" White Door Casing (Closets w/ Doors &amp; Pantries = 2"" Batton)</li> 
 <li>Interior Lighting:&nbsp;Recessed LED Lights - Per Electrical Print</li> 
 <li>Interior Flooring:&nbsp;LUX Aged European Oak LX 311 - Vinyl Sheet Flooring - Per Print</li> 
 <li>Cabinetry &amp; Counters:&nbsp;Wire Shelving in Closets, Linens and Pantries / Full Hardwood Cabinet System - Doors, Face Frames and Sidepanels / 42"" Overhead Cabinets / Flat Crown Moulding on Overheads / Blonde Maple Lined Base &amp; Overhead Cabinets / Cabinet Matched Liner Behind Refrigerator / 1 Fixed Half Shelf in Base Cabinets (1/2"" Thick w/ Cleats) / 1 Fixed Shelf in Overhead Cabinets (1/2"" Thick w/ Wrapped Cleats)</li> 
 <li>Interior Paint:&nbsp;Interior Paint = Greek Villa SW 7551 (Flat Finish)</li> 
 <li>Carpet Type Or Grade:&nbsp;25 oz. New Wave Carpet - Color: Weathered (Multi Sections Only) - Shipped Loose / 5# Carpet Pad</li> 
</ul>",Utilities Specifications,"<p>Electrical Service:&nbsp;200 Amp Electrical Service / Solar and Wind-Ready w/ 1"" Conduit<br> Furnace:&nbsp;Electric Furnace - Sized in Accordance w/ ACCA Manual S &amp; Manual J<br> Heat Duct Registers:&nbsp;In-Floor Crossover Heat Duct System<br> Other:&nbsp;Hose Bibb (2) - Front and Back - Per Print<br> Shut Off Valves Throughout:&nbsp;Whole House Master Water Shut-Off Valve<br> Thermostat:&nbsp;ecobee Programmable Thermostat<br> Washer Dryer Plumb Wire:&nbsp;Plumbed and Wired for Clothes Washer &amp; Dryer<br> Water Heater:&nbsp;Rheem 40 Gallon Hybrid Heat Pump Water Heater<br> Water Shut Off Valves:&nbsp;Shut Off Valves at all Sinks and Commodes<br> Door Hardware:&nbsp;Brushed Nickel Egg Shaped Interior Door Knobs</p>",Kitchen & Baths Specifications,"<p><u><strong>Kitchen Specifications</strong></u></p> 
<ul> 
 <li>Kitchen Sink:&nbsp;Kitchen Sink - 8"" Deep Stainless</li> 
 <li>Kitchen Refrigerator:&nbsp;Energy Star Rated 18 Cu. Ft . Refrigerator - Stainless / Plumb Only for Icemaker</li> 
 <li>Kitchen Range Type:&nbsp;Smooth Top Self-Cleaning Electric Range - Stainless</li> 
 <li>Kitchen Range Hood:&nbsp;Designer Rangehood - Stainless</li> 
 <li>Kitchen Faucets:&nbsp;Stellen - 1-Handle Pull Down Kitchen Faucet - Stainless</li> 
 <li>Kitchen Drawer Type:&nbsp;Metal Roller Drawer Guides / Bank of Drawers - Kitchen (2 Large &amp; 1 Small)</li> 
 <li>Kitchen Dishwasher:&nbsp;Energy Star Rated Dishwasher - Stainless</li> 
 <li>Kitchen Countertops:&nbsp;Laminate Countertops - Color Per Order Specs</li> 
 <li>Kitchen Cabinetry:&nbsp;Kitchen Perimeter Cabinets - Studio Beige or Bishop Oak / Island Bar Cabinets - Onyx Black or Plover</li> 
 <li>Kitchen Backsplash:&nbsp;4"" Laminate Backsplash Throughout (NO Sidesplash)</li> 
</ul> 
<p>&nbsp;</p> 
<p><u><strong>Baths Specifications</strong></u></p> 
<ul> 
 <li>Bathroom Cabinets:&nbsp;Bathroom Cabinets - Studio Beige or Bishop Oak</li> 
 <li>Bathroom Sink:&nbsp;Square China Sink w/ Pop Up</li> 
 <li>Bathroom Lighting:&nbsp;1 Recessed LED Light - Secondary Bedrooms / Recessed LED Lights Over Bath Sinks</li> 
 <li>Bathroom Countertops:&nbsp;Laminate Countertops - Color Per Order Specs</li> 
 <li>Bathroom Faucets:&nbsp;Weller - Brushed Nickel 2 - Handle Faucets / Low Flow Faucets and Shower Fixtures</li> 
 <li>Bathroom Fans:&nbsp;Power Exhaust Bath Fan</li> 
 <li>Bathroom Additional Specs:&nbsp;Privacy Locks on all Baths</li> 
 <li>Bathroom Backsplash:&nbsp;4"" Laminate Backsplash Throughout (NO Sidesplash)</li> 
 <li>Bathroom Shower:&nbsp;60"" Fiberglass Double Seat Shower w/ Framed Door (Most Baths) - See Print / Fiberglass 60 x 32 Tub Shower - Center Drain guest baths</li> 
 <li>Bathroom Toilet Type:&nbsp;Elongated Stool</li> 
 <li>Bathroom Mirror:&nbsp;Framed Mirror</li> 
</ul>",,,,,,,Clayton Homes
Product_Tem-7,Product,Still The One,"<p>&nbsp;</p><p><strong>BEDS:</strong>&nbsp;2&nbsp; &nbsp; &nbsp;<strong>BATHS:</strong>&nbsp;2&nbsp; &nbsp; &nbsp;<strong>SQ FT:</strong>&nbsp;840&nbsp; &nbsp; &nbsp;</p><p><strong>W X L:</strong>&nbsp;15′&nbsp;x 56′</p><p>The Tempo / Still the One built by Golden West Homes offers 840 square feet of well-planned living space, featuring 2 bedrooms and 2 bathrooms. This manufactured home combines style with functionality, providing open areas perfect for relaxation and private bedrooms that offer a peaceful retreat. The Still the One is an ideal choice for individuals or couples seeking a compact, modern home that balances everyday practicality with a cozy, welcoming atmosphere, making it perfect for comfortable daily living or weekend escapes.</p><p>&nbsp;</p>",866235_7f8542646a214b1b9810da52a1c868c6~mv2.webp;866235_0782ce96bac74125ba27c81b87785433~mv2.png,"Tempo;Marlette;Single-Section;Golden West;500 - 1,000",51TEM16562AH,840 SQ FT,0,,TRUE,PERCENT,0,InStock,,,,,,,,,,,,,,,,,,,,,3D Tour and Downloads,"<p><u><a href=""https://86623596-2b11-4ff5-aa33-cf74cb1ae58a.usrfiles.com/ugd/5db61f_b127cf5d9ae449cfb7ff5da7029769e9.pdf"" target=""_blank"">Click Here to Download PDF</a></u></p> 
<p>&nbsp;</p> 
<p><a target=""_blank""><u>Click Here for Virtual Tour</u></a></p> 
<p>""</p>",Construction Specifications,"<p>&nbsp;</p> 
<ul> 
 <li>Ac Ready:&nbsp;Heat Pump / Air Conditioner Ready / Whole House Ventilation System</li> 
 <li>Additional Specs:&nbsp;eBuilt Home / Energy Star Certified / Vented Ridgecap (50% of Ridgeline) / Housewrap Under Siding - All Around / Smart Panel Soffit - Vented / 8"" Cement Facia w/ Painted Drip Edge to Match / 9"" Setback Frame / Brown Composite Porch Decking (if Applicable)</li> 
 <li>Exterior Wall On Center:&nbsp;16"" o.c.</li> 
 <li>Exterior Wall Studs:&nbsp;2 x 6 Exterior Walls</li> 
 <li>Floor Decking:&nbsp;19/32"" T&amp;G OSB Floor Decking</li> 
 <li>Floor Joists:&nbsp;12' Wide Floors = 2 x 6 Floor Joists - 16"" o.c. / 13' 4"" Floors = 2 x 6 Floor Joists - 16"" o.c. / 13' 4"" Wide Floors = 2 x 6 Floor Joists - 16"" o.c. / 15' Wide Floors = 2 x 6 Floor Joists - 16"" o.c.</li> 
 <li>Interior Wall On Center:&nbsp;24"" o.c.</li> 
 <li>Interior Wall Studs:&nbsp;2 x 3 Interior Walls</li> 
 <li>Roof Load:&nbsp;30# Roof Load - 24"" o.c. Rafters</li> 
 <li>Side Wall Height:&nbsp;8' Sidewalls w/ Flat Ceilings</li> 
 <li>Insulation (Floors):&nbsp;R 33 Inside I-Beams &amp; R 22 Outside I-Beams</li> 
 <li>Insulation (Walls):&nbsp;R 21</li> 
 <li>Insulation (Roof):&nbsp;R 38</li> 
 <li>Eaves:&nbsp;Single Section Homes = 4 1/2"" Sidewall &amp; 12"" Endwall (Nominal) / Multi Section Homes = 6"" Sidewall &amp; 12"" Endwall (Nominal)</li> 
</ul>",Exterior Specifications,"<ul> 
 <li>Additional Specs:&nbsp;Spring Doorstops - All Exterior Doors</li> 
 <li>Dormer:&nbsp;16' Dormer Multi Section Homes - Per Print (N/A on Porch Models) / Columns at Dormer Valleys / Accent Paint Between Columns and Under Dormer</li> 
 <li>Front Door:&nbsp;36"" Craftsman Fiberglass w/ Matte Black Thumblatch</li> 
 <li>Rear Door:&nbsp;36"" 9 Lite Fiberglass w/ Brushed Nickel Egg Knob</li> 
 <li>Roof Pitch:&nbsp;Single Section Homes = 4/12 Roof Pitch / Multi Section Homes = Nominal 3/12 Roof Pitch</li> 
 <li>Shingles:&nbsp;Architectural Shingles - Color: Weathered Wood</li> 
 <li>Siding:&nbsp;3/8"" LP Smartpanel Vertical Siding</li> 
 <li>Window Trim:&nbsp;4"" LP Window Trim</li> 
 <li>Window Type:&nbsp;White Vinyl Framed, Argon Gas, Low ""E"" Windows</li> 
 <li>Exterior Lighting:&nbsp;Black Lantern Style Exterior Light w/ LED Bulb - Front Door / Jelly Jar Style Exterior Light w/ LED Bulb - Back Door(s)</li> 
 <li>Exterior Outlets:&nbsp;Exterior GFI Receptacle (2) - Front and Back - Per Print</li> 
</ul>",Interior Specifications,"<ul> 
 <li>Baseboards:&nbsp;3 1/2"" White Baseboard Throughout (Closets w/ Doors &amp; Pantries = 2"" Batton)</li> 
 <li>Ceiling Fans:&nbsp;Wire &amp; Brace for Fan - Living Room and Primary Bedroom</li> 
 <li>Ceiling Type Or Grade:&nbsp;2 1/4"" White Ceiling Trim (Closets w/ Doors &amp; Pantries = 2"" Batton)</li> 
 <li>Safety Alarms:&nbsp;Combination CO / Smoke Detector</li> 
 <li>Window Type:&nbsp;White Cased Window Wrap - All Windows</li> 
 <li>Wall Finish:&nbsp;Orange Peel Drywall Texture / Square Drywall Corners</li> 
 <li>Interior Doors:&nbsp;White Cathedral Interior Doors w/ 3 Hinges / 2 1/4"" White Door Casing (Closets w/ Doors &amp; Pantries = 2"" Batton)</li> 
 <li>Interior Lighting:&nbsp;Recessed LED Lights - Per Electrical Print</li> 
 <li>Interior Flooring:&nbsp;LUX Aged European Oak LX 311 - Vinyl Sheet Flooring - Per Print</li> 
 <li>Cabinetry &amp; Counters:&nbsp;Wire Shelving in Closets, Linens and Pantries / Full Hardwood Cabinet System - Doors, Face Frames and Sidepanels / 42"" Overhead Cabinets / Flat Crown Moulding on Overheads / Blonde Maple Lined Base &amp; Overhead Cabinets / Cabinet Matched Liner Behind Refrigerator / 1 Fixed Half Shelf in Base Cabinets (1/2"" Thick w/ Cleats) / 1 Fixed Shelf in Overhead Cabinets (1/2"" Thick w/ Wrapped Cleats)</li> 
 <li>Interior Paint:&nbsp;Interior Paint = Greek Villa SW 7551 (Flat Finish)</li> 
 <li>Carpet Type Or Grade:&nbsp;25 oz. New Wave Carpet - Color: Weathered (Multi Sections Only) - Shipped Loose / 5# Carpet Pad</li> 
</ul>",Utilities Specifications,"<p>Electrical Service:&nbsp;200 Amp Electrical Service / Solar and Wind-Ready w/ 1"" Conduit<br> Furnace:&nbsp;Electric Furnace - Sized in Accordance w/ ACCA Manual S &amp; Manual J<br> Heat Duct Registers:&nbsp;In-Floor Crossover Heat Duct System<br> Other:&nbsp;Hose Bibb (2) - Front and Back - Per Print<br> Shut Off Valves Throughout:&nbsp;Whole House Master Water Shut-Off Valve<br> Thermostat:&nbsp;ecobee Programmable Thermostat<br> Washer Dryer Plumb Wire:&nbsp;Plumbed and Wired for Clothes Washer &amp; Dryer<br> Water Heater:&nbsp;Rheem 40 Gallon Hybrid Heat Pump Water Heater<br> Water Shut Off Valves:&nbsp;Shut Off Valves at all Sinks and Commodes<br> Door Hardware:&nbsp;Brushed Nickel Egg Shaped Interior Door Knobs</p>",Kitchen & Baths Specifications,"<p><u><strong>Kitchen Specifications</strong></u></p> 
<ul> 
 <li>Kitchen Sink:&nbsp;Kitchen Sink - 8"" Deep Stainless</li> 
 <li>Kitchen Refrigerator:&nbsp;Energy Star Rated 18 Cu. Ft . Refrigerator - Stainless / Plumb Only for Icemaker</li> 
 <li>Kitchen Range Type:&nbsp;Smooth Top Self-Cleaning Electric Range - Stainless</li> 
 <li>Kitchen Range Hood:&nbsp;Designer Rangehood - Stainless</li> 
 <li>Kitchen Faucets:&nbsp;Stellen - 1-Handle Pull Down Kitchen Faucet - Stainless</li> 
 <li>Kitchen Drawer Type:&nbsp;Metal Roller Drawer Guides / Bank of Drawers - Kitchen (2 Large &amp; 1 Small)</li> 
 <li>Kitchen Dishwasher:&nbsp;Energy Star Rated Dishwasher - Stainless</li> 
 <li>Kitchen Countertops:&nbsp;Laminate Countertops - Color Per Order Specs</li> 
 <li>Kitchen Cabinetry:&nbsp;Kitchen Perimeter Cabinets - Studio Beige or Bishop Oak / Island Bar Cabinets - Onyx Black or Plover</li> 
 <li>Kitchen Backsplash:&nbsp;4"" Laminate Backsplash Throughout (NO Sidesplash)</li> 
</ul> 
<p>&nbsp;</p> 
<p><u><strong>Baths Specifications</strong></u></p> 
<ul> 
 <li>Bathroom Cabinets:&nbsp;Bathroom Cabinets - Studio Beige or Bishop Oak</li> 
 <li>Bathroom Sink:&nbsp;Square China Sink w/ Pop Up</li> 
 <li>Bathroom Lighting:&nbsp;1 Recessed LED Light - Secondary Bedrooms / Recessed LED Lights Over Bath Sinks</li> 
 <li>Bathroom Countertops:&nbsp;Laminate Countertops - Color Per Order Specs</li> 
 <li>Bathroom Faucets:&nbsp;Weller - Brushed Nickel 2 - Handle Faucets / Low Flow Faucets and Shower Fixtures</li> 
 <li>Bathroom Fans:&nbsp;Power Exhaust Bath Fan</li> 
 <li>Bathroom Additional Specs:&nbsp;Privacy Locks on all Baths</li> 
 <li>Bathroom Backsplash:&nbsp;4"" Laminate Backsplash Throughout (NO Sidesplash)</li> 
 <li>Bathroom Shower:&nbsp;60"" Fiberglass Double Seat Shower w/ Framed Door (Most Baths) - See Print / Fiberglass 60 x 32 Tub Shower - Center Drain guest baths</li> 
 <li>Bathroom Toilet Type:&nbsp;Elongated Stool</li> 
 <li>Bathroom Mirror:&nbsp;Framed Mirror</li> 
</ul>",,,,,,,Clayton Homes
Product_Tem-8,Product,Born to Run,"<p><strong>BEDS:</strong>&nbsp;2&nbsp; &nbsp; &nbsp;<strong>BATHS:</strong>&nbsp;2&nbsp; &nbsp; &nbsp;<strong>SQ FT:</strong>&nbsp;900&nbsp; &nbsp; &nbsp;</p><p><strong>W X L:</strong>&nbsp;15′&nbsp;x 60′</p><p>The Tempo / Born to Run built by Golden West Homes provides 900 square feet of efficiently designed living space, featuring 2 bedrooms and 2 bathrooms. This manufactured home is crafted for those who value both style and functionality, with open areas that foster connection and private bedrooms that offer a relaxing retreat. The Born to Run is an excellent choice for individuals or couples seeking a compact, modern home that combines everyday practicality with a warm, inviting atmosphere, making it perfect for comfortable living.</p>",866235_d957040013c54d8da401a3d904152240~mv2.webp;866235_2d40156382cf442a905a3773b5f1f5a5~mv2.png;866235_fdc6c11893e54f3dae9cd3fac3e1c3c1~mv2.webp;866235_0f8e29303d6542019053c5ca270114cc~mv2.webp;866235_e07536f9285f494692febd705f78c6d6~mv2.webp;866235_0ed7fa4ff014445f85f3ef4b0bf75db6~mv2.webp,"Tempo;Marlette;Single-Section;Golden West;500 - 1,000",55TEM16602AH,900 SQ FT,0,,TRUE,PERCENT,0,InStock,,,,,,,,,,,,,,,,,,,,,3D Tour and Downloads,"<p><u><a href=""https://86623596-2b11-4ff5-aa33-cf74cb1ae58a.usrfiles.com/ugd/5db61f_d3fd1735b0054453b084a07868d95d18.pdf"" target=""_blank"">Click Here to Download PDF</a></u></p> 
<p>&nbsp;</p> 
<p><a href=""https://my.matterport.com/show?play=1&amp;lang=en-US&amp;m=aB53BxTkpn9"" target=""_blank""><u>Click Here for Virtual Tour</u></a></p>",Construction Specifications,"<p>&nbsp;</p> 
<ul> 
 <li>Ac Ready:&nbsp;Heat Pump / Air Conditioner Ready / Whole House Ventilation System</li> 
 <li>Additional Specs:&nbsp;eBuilt Home / Energy Star Certified / Vented Ridgecap (50% of Ridgeline) / Housewrap Under Siding - All Around / Smart Panel Soffit - Vented / 8"" Cement Facia w/ Painted Drip Edge to Match / 9"" Setback Frame / Brown Composite Porch Decking (if Applicable)</li> 
 <li>Exterior Wall On Center:&nbsp;16"" o.c.</li> 
 <li>Exterior Wall Studs:&nbsp;2 x 6 Exterior Walls</li> 
 <li>Floor Decking:&nbsp;19/32"" T&amp;G OSB Floor Decking</li> 
 <li>Floor Joists:&nbsp;12' Wide Floors = 2 x 6 Floor Joists - 16"" o.c. / 13' 4"" Floors = 2 x 6 Floor Joists - 16"" o.c. / 13' 4"" Wide Floors = 2 x 6 Floor Joists - 16"" o.c. / 15' Wide Floors = 2 x 6 Floor Joists - 16"" o.c.</li> 
 <li>Interior Wall On Center:&nbsp;24"" o.c.</li> 
 <li>Interior Wall Studs:&nbsp;2 x 3 Interior Walls</li> 
 <li>Roof Load:&nbsp;30# Roof Load - 24"" o.c. Rafters</li> 
 <li>Side Wall Height:&nbsp;8' Sidewalls w/ Flat Ceilings</li> 
 <li>Insulation (Floors):&nbsp;R 33 Inside I-Beams &amp; R 22 Outside I-Beams</li> 
 <li>Insulation (Walls):&nbsp;R 21</li> 
 <li>Insulation (Roof):&nbsp;R 38</li> 
 <li>Eaves:&nbsp;Single Section Homes = 4 1/2"" Sidewall &amp; 12"" Endwall (Nominal) / Multi Section Homes = 6"" Sidewall &amp; 12"" Endwall (Nominal)</li> 
</ul>",Exterior Specifications,"<ul> 
 <li>Additional Specs:&nbsp;Spring Doorstops - All Exterior Doors</li> 
 <li>Dormer:&nbsp;16' Dormer Multi Section Homes - Per Print (N/A on Porch Models) / Columns at Dormer Valleys / Accent Paint Between Columns and Under Dormer</li> 
 <li>Front Door:&nbsp;36"" Craftsman Fiberglass w/ Matte Black Thumblatch</li> 
 <li>Rear Door:&nbsp;36"" 9 Lite Fiberglass w/ Brushed Nickel Egg Knob</li> 
 <li>Roof Pitch:&nbsp;Single Section Homes = 4/12 Roof Pitch / Multi Section Homes = Nominal 3/12 Roof Pitch</li> 
 <li>Shingles:&nbsp;Architectural Shingles - Color: Weathered Wood</li> 
 <li>Siding:&nbsp;3/8"" LP Smartpanel Vertical Siding</li> 
 <li>Window Trim:&nbsp;4"" LP Window Trim</li> 
 <li>Window Type:&nbsp;White Vinyl Framed, Argon Gas, Low ""E"" Windows</li> 
 <li>Exterior Lighting:&nbsp;Black Lantern Style Exterior Light w/ LED Bulb - Front Door / Jelly Jar Style Exterior Light w/ LED Bulb - Back Door(s)</li> 
 <li>Exterior Outlets:&nbsp;Exterior GFI Receptacle (2) - Front and Back - Per Print</li> 
</ul>",Interior Specifications,"<ul> 
 <li>Baseboards:&nbsp;3 1/2"" White Baseboard Throughout (Closets w/ Doors &amp; Pantries = 2"" Batton)</li> 
 <li>Ceiling Fans:&nbsp;Wire &amp; Brace for Fan - Living Room and Primary Bedroom</li> 
 <li>Ceiling Type Or Grade:&nbsp;2 1/4"" White Ceiling Trim (Closets w/ Doors &amp; Pantries = 2"" Batton)</li> 
 <li>Safety Alarms:&nbsp;Combination CO / Smoke Detector</li> 
 <li>Window Type:&nbsp;White Cased Window Wrap - All Windows</li> 
 <li>Wall Finish:&nbsp;Orange Peel Drywall Texture / Square Drywall Corners</li> 
 <li>Interior Doors:&nbsp;White Cathedral Interior Doors w/ 3 Hinges / 2 1/4"" White Door Casing (Closets w/ Doors &amp; Pantries = 2"" Batton)</li> 
 <li>Interior Lighting:&nbsp;Recessed LED Lights - Per Electrical Print</li> 
 <li>Interior Flooring:&nbsp;LUX Aged European Oak LX 311 - Vinyl Sheet Flooring - Per Print</li> 
 <li>Cabinetry &amp; Counters:&nbsp;Wire Shelving in Closets, Linens and Pantries / Full Hardwood Cabinet System - Doors, Face Frames and Sidepanels / 42"" Overhead Cabinets / Flat Crown Moulding on Overheads / Blonde Maple Lined Base &amp; Overhead Cabinets / Cabinet Matched Liner Behind Refrigerator / 1 Fixed Half Shelf in Base Cabinets (1/2"" Thick w/ Cleats) / 1 Fixed Shelf in Overhead Cabinets (1/2"" Thick w/ Wrapped Cleats)</li> 
 <li>Interior Paint:&nbsp;Interior Paint = Greek Villa SW 7551 (Flat Finish)</li> 
 <li>Carpet Type Or Grade:&nbsp;25 oz. New Wave Carpet - Color: Weathered (Multi Sections Only) - Shipped Loose / 5# Carpet Pad</li> 
</ul>",Utilities Specifications,"<p>Electrical Service:&nbsp;200 Amp Electrical Service / Solar and Wind-Ready w/ 1"" Conduit<br> Furnace:&nbsp;Electric Furnace - Sized in Accordance w/ ACCA Manual S &amp; Manual J<br> Heat Duct Registers:&nbsp;In-Floor Crossover Heat Duct System<br> Other:&nbsp;Hose Bibb (2) - Front and Back - Per Print<br> Shut Off Valves Throughout:&nbsp;Whole House Master Water Shut-Off Valve<br> Thermostat:&nbsp;ecobee Programmable Thermostat<br> Washer Dryer Plumb Wire:&nbsp;Plumbed and Wired for Clothes Washer &amp; Dryer<br> Water Heater:&nbsp;Rheem 40 Gallon Hybrid Heat Pump Water Heater<br> Water Shut Off Valves:&nbsp;Shut Off Valves at all Sinks and Commodes<br> Door Hardware:&nbsp;Brushed Nickel Egg Shaped Interior Door Knobs</p>",Kitchen & Baths Specifications,"<p><u><strong>Kitchen Specifications</strong></u></p> 
<ul> 
 <li>Kitchen Sink:&nbsp;Kitchen Sink - 8"" Deep Stainless</li> 
 <li>Kitchen Refrigerator:&nbsp;Energy Star Rated 18 Cu. Ft . Refrigerator - Stainless / Plumb Only for Icemaker</li> 
 <li>Kitchen Range Type:&nbsp;Smooth Top Self-Cleaning Electric Range - Stainless</li> 
 <li>Kitchen Range Hood:&nbsp;Designer Rangehood - Stainless</li> 
 <li>Kitchen Faucets:&nbsp;Stellen - 1-Handle Pull Down Kitchen Faucet - Stainless</li> 
 <li>Kitchen Drawer Type:&nbsp;Metal Roller Drawer Guides / Bank of Drawers - Kitchen (2 Large &amp; 1 Small)</li> 
 <li>Kitchen Dishwasher:&nbsp;Energy Star Rated Dishwasher - Stainless</li> 
 <li>Kitchen Countertops:&nbsp;Laminate Countertops - Color Per Order Specs</li> 
 <li>Kitchen Cabinetry:&nbsp;Kitchen Perimeter Cabinets - Studio Beige or Bishop Oak / Island Bar Cabinets - Onyx Black or Plover</li> 
 <li>Kitchen Backsplash:&nbsp;4"" Laminate Backsplash Throughout (NO Sidesplash)</li> 
</ul> 
<p>&nbsp;</p> 
<p><u><strong>Baths Specifications</strong></u></p> 
<ul> 
 <li>Bathroom Cabinets:&nbsp;Bathroom Cabinets - Studio Beige or Bishop Oak</li> 
 <li>Bathroom Sink:&nbsp;Square China Sink w/ Pop Up</li> 
 <li>Bathroom Lighting:&nbsp;1 Recessed LED Light - Secondary Bedrooms / Recessed LED Lights Over Bath Sinks</li> 
 <li>Bathroom Countertops:&nbsp;Laminate Countertops - Color Per Order Specs</li> 
 <li>Bathroom Faucets:&nbsp;Weller - Brushed Nickel 2 - Handle Faucets / Low Flow Faucets and Shower Fixtures</li> 
 <li>Bathroom Fans:&nbsp;Power Exhaust Bath Fan</li> 
 <li>Bathroom Additional Specs:&nbsp;Privacy Locks on all Baths</li> 
 <li>Bathroom Backsplash:&nbsp;4"" Laminate Backsplash Throughout (NO Sidesplash)</li> 
 <li>Bathroom Shower:&nbsp;60"" Fiberglass Double Seat Shower w/ Framed Door (Most Baths) - See Print / Fiberglass 60 x 32 Tub Shower - Center Drain guest baths</li> 
 <li>Bathroom Toilet Type:&nbsp;Elongated Stool</li> 
 <li>Bathroom Mirror:&nbsp;Framed Mirror</li> 
</ul>",,,,,,,Clayton Homes
Product_Tem-9,Product,Rhythm Nation,"<p>&nbsp;</p><p><strong>BEDS:</strong>&nbsp;3&nbsp; &nbsp; &nbsp;<strong>BATHS:</strong>&nbsp;2&nbsp; &nbsp; &nbsp;<strong>SQ FT:</strong>&nbsp;990&nbsp; &nbsp; &nbsp;</p><p><strong>W X L:</strong>&nbsp;15′&nbsp;x 66′</p><p>The Tempo / Rhythm Nation built by Golden West Homes offers 990 square feet of well-designed living space, featuring 3 bedrooms and 2 bathrooms. This manufactured home is tailored for modern living, with open areas ideal for family gatherings and private bedrooms that create a peaceful retreat. The Rhythm Nation is an excellent choice for families or individuals seeking a compact, stylish home that balances functionality with a welcoming atmosphere, making it perfect for comfortable, everyday living.</p><p>&nbsp;</p>",866235_2badd1981f624043b46311df245d9538~mv2.webp;866235_695a8ce9b111406a903bdab6b463a141~mv2.png,"Tempo;Marlette;Single-Section;Golden West;500 - 1,000",51TEM16663AH,990 SQ FT,0,,TRUE,PERCENT,0,InStock,,,,,,,,,,,,,,,,,,,,,3D Tour and Downloads,"<p><u><a href=""https://86623596-2b11-4ff5-aa33-cf74cb1ae58a.usrfiles.com/ugd/5db61f_899dbd01dd6a4c5b8aa434868d559972.pdf"" target=""_blank"">Click Here to Download PDF</a></u></p> 
<p>&nbsp;</p> 
<p><a href=""https://momento360.com/e/uc/e6656cfc4f184010a758bf06dc03d44c"" target=""_blank""><u>Click Here for Virtual Tour</u></a></p>",Construction Specifications,"<p>&nbsp;</p> 
<ul> 
 <li>Ac Ready:&nbsp;Heat Pump / Air Conditioner Ready / Whole House Ventilation System</li> 
 <li>Additional Specs:&nbsp;eBuilt Home / Energy Star Certified / Vented Ridgecap (50% of Ridgeline) / Housewrap Under Siding - All Around / Smart Panel Soffit - Vented / 8"" Cement Facia w/ Painted Drip Edge to Match / 9"" Setback Frame / Brown Composite Porch Decking (if Applicable)</li> 
 <li>Exterior Wall On Center:&nbsp;16"" o.c.</li> 
 <li>Exterior Wall Studs:&nbsp;2 x 6 Exterior Walls</li> 
 <li>Floor Decking:&nbsp;19/32"" T&amp;G OSB Floor Decking</li> 
 <li>Floor Joists:&nbsp;12' Wide Floors = 2 x 6 Floor Joists - 16"" o.c. / 13' 4"" Floors = 2 x 6 Floor Joists - 16"" o.c. / 13' 4"" Wide Floors = 2 x 6 Floor Joists - 16"" o.c. / 15' Wide Floors = 2 x 6 Floor Joists - 16"" o.c.</li> 
 <li>Interior Wall On Center:&nbsp;24"" o.c.</li> 
 <li>Interior Wall Studs:&nbsp;2 x 3 Interior Walls</li> 
 <li>Roof Load:&nbsp;30# Roof Load - 24"" o.c. Rafters</li> 
 <li>Side Wall Height:&nbsp;8' Sidewalls w/ Flat Ceilings</li> 
 <li>Insulation (Floors):&nbsp;R 33 Inside I-Beams &amp; R 22 Outside I-Beams</li> 
 <li>Insulation (Walls):&nbsp;R 21</li> 
 <li>Insulation (Roof):&nbsp;R 38</li> 
 <li>Eaves:&nbsp;Single Section Homes = 4 1/2"" Sidewall &amp; 12"" Endwall (Nominal) / Multi Section Homes = 6"" Sidewall &amp; 12"" Endwall (Nominal)</li> 
</ul>",Exterior Specifications,"<ul> 
 <li>Additional Specs:&nbsp;Spring Doorstops - All Exterior Doors</li> 
 <li>Dormer:&nbsp;16' Dormer Multi Section Homes - Per Print (N/A on Porch Models) / Columns at Dormer Valleys / Accent Paint Between Columns and Under Dormer</li> 
 <li>Front Door:&nbsp;36"" Craftsman Fiberglass w/ Matte Black Thumblatch</li> 
 <li>Rear Door:&nbsp;36"" 9 Lite Fiberglass w/ Brushed Nickel Egg Knob</li> 
 <li>Roof Pitch:&nbsp;Single Section Homes = 4/12 Roof Pitch / Multi Section Homes = Nominal 3/12 Roof Pitch</li> 
 <li>Shingles:&nbsp;Architectural Shingles - Color: Weathered Wood</li> 
 <li>Siding:&nbsp;3/8"" LP Smartpanel Vertical Siding</li> 
 <li>Window Trim:&nbsp;4"" LP Window Trim</li> 
 <li>Window Type:&nbsp;White Vinyl Framed, Argon Gas, Low ""E"" Windows</li> 
 <li>Exterior Lighting:&nbsp;Black Lantern Style Exterior Light w/ LED Bulb - Front Door / Jelly Jar Style Exterior Light w/ LED Bulb - Back Door(s)</li> 
 <li>Exterior Outlets:&nbsp;Exterior GFI Receptacle (2) - Front and Back - Per Print</li> 
</ul>",Interior Specifications,"<ul> 
 <li>Baseboards:&nbsp;3 1/2"" White Baseboard Throughout (Closets w/ Doors &amp; Pantries = 2"" Batton)</li> 
 <li>Ceiling Fans:&nbsp;Wire &amp; Brace for Fan - Living Room and Primary Bedroom</li> 
 <li>Ceiling Type Or Grade:&nbsp;2 1/4"" White Ceiling Trim (Closets w/ Doors &amp; Pantries = 2"" Batton)</li> 
 <li>Safety Alarms:&nbsp;Combination CO / Smoke Detector</li> 
 <li>Window Type:&nbsp;White Cased Window Wrap - All Windows</li> 
 <li>Wall Finish:&nbsp;Orange Peel Drywall Texture / Square Drywall Corners</li> 
 <li>Interior Doors:&nbsp;White Cathedral Interior Doors w/ 3 Hinges / 2 1/4"" White Door Casing (Closets w/ Doors &amp; Pantries = 2"" Batton)</li> 
 <li>Interior Lighting:&nbsp;Recessed LED Lights - Per Electrical Print</li> 
 <li>Interior Flooring:&nbsp;LUX Aged European Oak LX 311 - Vinyl Sheet Flooring - Per Print</li> 
 <li>Cabinetry &amp; Counters:&nbsp;Wire Shelving in Closets, Linens and Pantries / Full Hardwood Cabinet System - Doors, Face Frames and Sidepanels / 42"" Overhead Cabinets / Flat Crown Moulding on Overheads / Blonde Maple Lined Base &amp; Overhead Cabinets / Cabinet Matched Liner Behind Refrigerator / 1 Fixed Half Shelf in Base Cabinets (1/2"" Thick w/ Cleats) / 1 Fixed Shelf in Overhead Cabinets (1/2"" Thick w/ Wrapped Cleats)</li> 
 <li>Interior Paint:&nbsp;Interior Paint = Greek Villa SW 7551 (Flat Finish)</li> 
 <li>Carpet Type Or Grade:&nbsp;25 oz. New Wave Carpet - Color: Weathered (Multi Sections Only) - Shipped Loose / 5# Carpet Pad</li> 
</ul>",Utilities Specifications,"<p>Electrical Service:&nbsp;200 Amp Electrical Service / Solar and Wind-Ready w/ 1"" Conduit<br> Furnace:&nbsp;Electric Furnace - Sized in Accordance w/ ACCA Manual S &amp; Manual J<br> Heat Duct Registers:&nbsp;In-Floor Crossover Heat Duct System<br> Other:&nbsp;Hose Bibb (2) - Front and Back - Per Print<br> Shut Off Valves Throughout:&nbsp;Whole House Master Water Shut-Off Valve<br> Thermostat:&nbsp;ecobee Programmable Thermostat<br> Washer Dryer Plumb Wire:&nbsp;Plumbed and Wired for Clothes Washer &amp; Dryer<br> Water Heater:&nbsp;Rheem 40 Gallon Hybrid Heat Pump Water Heater<br> Water Shut Off Valves:&nbsp;Shut Off Valves at all Sinks and Commodes<br> Door Hardware:&nbsp;Brushed Nickel Egg Shaped Interior Door Knobs</p>",Kitchen & Baths Specifications,"<p><u><strong>Kitchen Specifications</strong></u></p> 
<ul> 
 <li>Kitchen Sink:&nbsp;Kitchen Sink - 8"" Deep Stainless</li> 
 <li>Kitchen Refrigerator:&nbsp;Energy Star Rated 18 Cu. Ft . Refrigerator - Stainless / Plumb Only for Icemaker</li> 
 <li>Kitchen Range Type:&nbsp;Smooth Top Self-Cleaning Electric Range - Stainless</li> 
 <li>Kitchen Range Hood:&nbsp;Designer Rangehood - Stainless</li> 
 <li>Kitchen Faucets:&nbsp;Stellen - 1-Handle Pull Down Kitchen Faucet - Stainless</li> 
 <li>Kitchen Drawer Type:&nbsp;Metal Roller Drawer Guides / Bank of Drawers - Kitchen (2 Large &amp; 1 Small)</li> 
 <li>Kitchen Dishwasher:&nbsp;Energy Star Rated Dishwasher - Stainless</li> 
 <li>Kitchen Countertops:&nbsp;Laminate Countertops - Color Per Order Specs</li> 
 <li>Kitchen Cabinetry:&nbsp;Kitchen Perimeter Cabinets - Studio Beige or Bishop Oak / Island Bar Cabinets - Onyx Black or Plover</li> 
 <li>Kitchen Backsplash:&nbsp;4"" Laminate Backsplash Throughout (NO Sidesplash)</li> 
</ul> 
<p>&nbsp;</p> 
<p><u><strong>Baths Specifications</strong></u></p> 
<ul> 
 <li>Bathroom Cabinets:&nbsp;Bathroom Cabinets - Studio Beige or Bishop Oak</li> 
 <li>Bathroom Sink:&nbsp;Square China Sink w/ Pop Up</li> 
 <li>Bathroom Lighting:&nbsp;1 Recessed LED Light - Secondary Bedrooms / Recessed LED Lights Over Bath Sinks</li> 
 <li>Bathroom Countertops:&nbsp;Laminate Countertops - Color Per Order Specs</li> 
 <li>Bathroom Faucets:&nbsp;Weller - Brushed Nickel 2 - Handle Faucets / Low Flow Faucets and Shower Fixtures</li> 
 <li>Bathroom Fans:&nbsp;Power Exhaust Bath Fan</li> 
 <li>Bathroom Additional Specs:&nbsp;Privacy Locks on all Baths</li> 
 <li>Bathroom Backsplash:&nbsp;4"" Laminate Backsplash Throughout (NO Sidesplash)</li> 
 <li>Bathroom Shower:&nbsp;60"" Fiberglass Double Seat Shower w/ Framed Door (Most Baths) - See Print / Fiberglass 60 x 32 Tub Shower - Center Drain guest baths</li> 
 <li>Bathroom Toilet Type:&nbsp;Elongated Stool</li> 
 <li>Bathroom Mirror:&nbsp;Framed Mirror</li> 
</ul>",,,,,,,Clayton Homes
Product_Tem-10,Product,Move on up,"<p><strong>BEDS:</strong>&nbsp;3&nbsp; &nbsp; &nbsp;<strong>BATHS:</strong>&nbsp;2&nbsp; &nbsp; &nbsp;<strong>SQ FT:</strong>&nbsp;1080&nbsp; &nbsp; &nbsp;</p><p><strong>W X L:</strong>&nbsp;15′&nbsp;x 72′</p><p>The Tempo / Move On Up built by Golden West Homes provides 1,080 square feet of thoughtfully planned living space, featuring 3 bedrooms and 2 bathrooms. This manufactured home combines comfort with efficiency, offering open areas ideal for gatherings and private bedrooms that ensure a cozy retreat. The Move On Up is a fantastic choice for families or individuals seeking a modern home that balances functionality with an inviting atmosphere, making it perfect for both everyday life and relaxed weekends.</p><p>&nbsp;</p><p><a href=""https://my.matterport.com/show/?play=1&amp;m=YQrYPRUR4Di""><strong>Click Here for 3D Tour</strong></a></p>",866235_718466bfdc9b4fbc919f9841af5b015f~mv2.png;866235_b9302d6468124850a27311e3f3bf0cfc~mv2.jpg;866235_de56f8a12933406d88da107ed90f8125~mv2.jpg;866235_d7070508bccd4c649969a00f43c8a208~mv2.jpg;866235_2d859c0bdee9453ca8e52e851cc94152~mv2.jpg;866235_be14b833448343048e6c24be16beb8c3~mv2.jpg,"Tempo;Marlette;Single-Section;Golden West;1,000 - 1,500",51TEM16723AH,"1,080 SQ FT",0,,TRUE,PERCENT,0,InStock,,,,,,,,,,,,,,,,,,,,,3D Tour and Downloads,"<p>""</p> 
<p><u><a target=""_blank"">Click Here to Download PDF</a></u></p> 
<p>&nbsp;</p> 
<p><a href=""https://my.matterport.com/show/?play=1&amp;m=YQrYPRUR4Di"" target=""_blank""><u>Click Here for Virtual Tour</u></a></p>",Construction Specifications,"<p>&nbsp;</p> 
<ul> 
 <li>Ac Ready:&nbsp;Heat Pump / Air Conditioner Ready / Whole House Ventilation System</li> 
 <li>Additional Specs:&nbsp;eBuilt Home / Energy Star Certified / Vented Ridgecap (50% of Ridgeline) / Housewrap Under Siding - All Around / Smart Panel Soffit - Vented / 8"" Cement Facia w/ Painted Drip Edge to Match / 9"" Setback Frame / Brown Composite Porch Decking (if Applicable)</li> 
 <li>Exterior Wall On Center:&nbsp;16"" o.c.</li> 
 <li>Exterior Wall Studs:&nbsp;2 x 6 Exterior Walls</li> 
 <li>Floor Decking:&nbsp;19/32"" T&amp;G OSB Floor Decking</li> 
 <li>Floor Joists:&nbsp;12' Wide Floors = 2 x 6 Floor Joists - 16"" o.c. / 13' 4"" Floors = 2 x 6 Floor Joists - 16"" o.c. / 13' 4"" Wide Floors = 2 x 6 Floor Joists - 16"" o.c. / 15' Wide Floors = 2 x 6 Floor Joists - 16"" o.c.</li> 
 <li>Interior Wall On Center:&nbsp;24"" o.c.</li> 
 <li>Interior Wall Studs:&nbsp;2 x 3 Interior Walls</li> 
 <li>Roof Load:&nbsp;30# Roof Load - 24"" o.c. Rafters</li> 
 <li>Side Wall Height:&nbsp;8' Sidewalls w/ Flat Ceilings</li> 
 <li>Insulation (Floors):&nbsp;R 33 Inside I-Beams &amp; R 22 Outside I-Beams</li> 
 <li>Insulation (Walls):&nbsp;R 21</li> 
 <li>Insulation (Roof):&nbsp;R 38</li> 
 <li>Eaves:&nbsp;Single Section Homes = 4 1/2"" Sidewall &amp; 12"" Endwall (Nominal) / Multi Section Homes = 6"" Sidewall &amp; 12"" Endwall (Nominal)</li> 
</ul>",Exterior Specifications,"<ul> 
 <li>Additional Specs:&nbsp;Spring Doorstops - All Exterior Doors</li> 
 <li>Dormer:&nbsp;16' Dormer Multi Section Homes - Per Print (N/A on Porch Models) / Columns at Dormer Valleys / Accent Paint Between Columns and Under Dormer</li> 
 <li>Front Door:&nbsp;36"" Craftsman Fiberglass w/ Matte Black Thumblatch</li> 
 <li>Rear Door:&nbsp;36"" 9 Lite Fiberglass w/ Brushed Nickel Egg Knob</li> 
 <li>Roof Pitch:&nbsp;Single Section Homes = 4/12 Roof Pitch / Multi Section Homes = Nominal 3/12 Roof Pitch</li> 
 <li>Shingles:&nbsp;Architectural Shingles - Color: Weathered Wood</li> 
 <li>Siding:&nbsp;3/8"" LP Smartpanel Vertical Siding</li> 
 <li>Window Trim:&nbsp;4"" LP Window Trim</li> 
 <li>Window Type:&nbsp;White Vinyl Framed, Argon Gas, Low ""E"" Windows</li> 
 <li>Exterior Lighting:&nbsp;Black Lantern Style Exterior Light w/ LED Bulb - Front Door / Jelly Jar Style Exterior Light w/ LED Bulb - Back Door(s)</li> 
 <li>Exterior Outlets:&nbsp;Exterior GFI Receptacle (2) - Front and Back - Per Print</li> 
</ul>",Interior Specifications,"<ul> 
 <li>Baseboards:&nbsp;3 1/2"" White Baseboard Throughout (Closets w/ Doors &amp; Pantries = 2"" Batton)</li> 
 <li>Ceiling Fans:&nbsp;Wire &amp; Brace for Fan - Living Room and Primary Bedroom</li> 
 <li>Ceiling Type Or Grade:&nbsp;2 1/4"" White Ceiling Trim (Closets w/ Doors &amp; Pantries = 2"" Batton)</li> 
 <li>Safety Alarms:&nbsp;Combination CO / Smoke Detector</li> 
 <li>Window Type:&nbsp;White Cased Window Wrap - All Windows</li> 
 <li>Wall Finish:&nbsp;Orange Peel Drywall Texture / Square Drywall Corners</li> 
 <li>Interior Doors:&nbsp;White Cathedral Interior Doors w/ 3 Hinges / 2 1/4"" White Door Casing (Closets w/ Doors &amp; Pantries = 2"" Batton)</li> 
 <li>Interior Lighting:&nbsp;Recessed LED Lights - Per Electrical Print</li> 
 <li>Interior Flooring:&nbsp;LUX Aged European Oak LX 311 - Vinyl Sheet Flooring - Per Print</li> 
 <li>Cabinetry &amp; Counters:&nbsp;Wire Shelving in Closets, Linens and Pantries / Full Hardwood Cabinet System - Doors, Face Frames and Sidepanels / 42"" Overhead Cabinets / Flat Crown Moulding on Overheads / Blonde Maple Lined Base &amp; Overhead Cabinets / Cabinet Matched Liner Behind Refrigerator / 1 Fixed Half Shelf in Base Cabinets (1/2"" Thick w/ Cleats) / 1 Fixed Shelf in Overhead Cabinets (1/2"" Thick w/ Wrapped Cleats)</li> 
 <li>Interior Paint:&nbsp;Interior Paint = Greek Villa SW 7551 (Flat Finish)</li> 
 <li>Carpet Type Or Grade:&nbsp;25 oz. New Wave Carpet - Color: Weathered (Multi Sections Only) - Shipped Loose / 5# Carpet Pad</li> 
</ul>",Utilities Specifications,"<p>Electrical Service:&nbsp;200 Amp Electrical Service / Solar and Wind-Ready w/ 1"" Conduit<br> Furnace:&nbsp;Electric Furnace - Sized in Accordance w/ ACCA Manual S &amp; Manual J<br> Heat Duct Registers:&nbsp;In-Floor Crossover Heat Duct System<br> Other:&nbsp;Hose Bibb (2) - Front and Back - Per Print<br> Shut Off Valves Throughout:&nbsp;Whole House Master Water Shut-Off Valve<br> Thermostat:&nbsp;ecobee Programmable Thermostat<br> Washer Dryer Plumb Wire:&nbsp;Plumbed and Wired for Clothes Washer &amp; Dryer<br> Water Heater:&nbsp;Rheem 40 Gallon Hybrid Heat Pump Water Heater<br> Water Shut Off Valves:&nbsp;Shut Off Valves at all Sinks and Commodes<br> Door Hardware:&nbsp;Brushed Nickel Egg Shaped Interior Door Knobs</p>",Kitchen & Baths Specifications,"<p><u><strong>Kitchen Specifications</strong></u></p> 
<ul> 
 <li>Kitchen Sink:&nbsp;Kitchen Sink - 8"" Deep Stainless</li> 
 <li>Kitchen Refrigerator:&nbsp;Energy Star Rated 18 Cu. Ft . Refrigerator - Stainless / Plumb Only for Icemaker</li> 
 <li>Kitchen Range Type:&nbsp;Smooth Top Self-Cleaning Electric Range - Stainless</li> 
 <li>Kitchen Range Hood:&nbsp;Designer Rangehood - Stainless</li> 
 <li>Kitchen Faucets:&nbsp;Stellen - 1-Handle Pull Down Kitchen Faucet - Stainless</li> 
 <li>Kitchen Drawer Type:&nbsp;Metal Roller Drawer Guides / Bank of Drawers - Kitchen (2 Large &amp; 1 Small)</li> 
 <li>Kitchen Dishwasher:&nbsp;Energy Star Rated Dishwasher - Stainless</li> 
 <li>Kitchen Countertops:&nbsp;Laminate Countertops - Color Per Order Specs</li> 
 <li>Kitchen Cabinetry:&nbsp;Kitchen Perimeter Cabinets - Studio Beige or Bishop Oak / Island Bar Cabinets - Onyx Black or Plover</li> 
 <li>Kitchen Backsplash:&nbsp;4"" Laminate Backsplash Throughout (NO Sidesplash)</li> 
</ul> 
<p>&nbsp;</p> 
<p><u><strong>Baths Specifications</strong></u></p> 
<ul> 
 <li>Bathroom Cabinets:&nbsp;Bathroom Cabinets - Studio Beige or Bishop Oak</li> 
 <li>Bathroom Sink:&nbsp;Square China Sink w/ Pop Up</li> 
 <li>Bathroom Lighting:&nbsp;1 Recessed LED Light - Secondary Bedrooms / Recessed LED Lights Over Bath Sinks</li> 
 <li>Bathroom Countertops:&nbsp;Laminate Countertops - Color Per Order Specs</li> 
 <li>Bathroom Faucets:&nbsp;Weller - Brushed Nickel 2 - Handle Faucets / Low Flow Faucets and Shower Fixtures</li> 
 <li>Bathroom Fans:&nbsp;Power Exhaust Bath Fan</li> 
 <li>Bathroom Additional Specs:&nbsp;Privacy Locks on all Baths</li> 
 <li>Bathroom Backsplash:&nbsp;4"" Laminate Backsplash Throughout (NO Sidesplash)</li> 
 <li>Bathroom Shower:&nbsp;60"" Fiberglass Double Seat Shower w/ Framed Door (Most Baths) - See Print / Fiberglass 60 x 32 Tub Shower - Center Drain guest baths</li> 
 <li>Bathroom Toilet Type:&nbsp;Elongated Stool</li> 
 <li>Bathroom Mirror:&nbsp;Framed Mirror</li> 
</ul>",,,,,,,Clayton Homes
Product_Tem-12,Product,Sweet Coroline,"<p><strong>BEDS:</strong>&nbsp;3&nbsp; &nbsp; &nbsp;<strong>BATHS:</strong>&nbsp;2&nbsp; &nbsp; &nbsp;<strong>SQ FT:</strong>&nbsp;1140&nbsp; &nbsp; &nbsp;</p><p><strong>W X L:</strong>&nbsp;15′&nbsp;x 76′&nbsp;</p><p>The Tempo / Sweet Caroline built by Golden West Homes offers 1,140 square feet of expertly arranged living space, featuring 3 bedrooms and 2 bathrooms. This manufactured home is designed for comfort and style, providing open areas perfect for gatherings and private bedrooms that create a cozy retreat. The Sweet Caroline is an ideal choice for families or individuals seeking a modern home that balances functionality with a warm, welcoming atmosphere, making everyday living both enjoyable and relaxing.</p>",,"Tempo;Marlette;Single-Section;Golden West;1,000 - 1,500",TEM16763BH,"1,140 SQ FT",0,,TRUE,PERCENT,0,InStock,,,,,,,,,,,,,,,,,,,,,3D Tour and Downloads,"<p>""</p> 
<p><u><a target=""_blank"">Click Here to Download PDF</a></u></p> 
<p>&nbsp;</p> 
<p><a href=""https://my.matterport.com/show/?m=GhpnzgychEC"" target=""_blank""><u>Click Here for Virtual Tour</u></a></p>",Construction Specifications,"<p>&nbsp;</p> 
<ul> 
 <li>Ac Ready:&nbsp;Heat Pump / Air Conditioner Ready / Whole House Ventilation System</li> 
 <li>Additional Specs:&nbsp;eBuilt Home / Energy Star Certified / Vented Ridgecap (50% of Ridgeline) / Housewrap Under Siding - All Around / Smart Panel Soffit - Vented / 8"" Cement Facia w/ Painted Drip Edge to Match / 9"" Setback Frame / Brown Composite Porch Decking (if Applicable)</li> 
 <li>Exterior Wall On Center:&nbsp;16"" o.c.</li> 
 <li>Exterior Wall Studs:&nbsp;2 x 6 Exterior Walls</li> 
 <li>Floor Decking:&nbsp;19/32"" T&amp;G OSB Floor Decking</li> 
 <li>Floor Joists:&nbsp;12' Wide Floors = 2 x 6 Floor Joists - 16"" o.c. / 13' 4"" Floors = 2 x 6 Floor Joists - 16"" o.c. / 13' 4"" Wide Floors = 2 x 6 Floor Joists - 16"" o.c. / 15' Wide Floors = 2 x 6 Floor Joists - 16"" o.c.</li> 
 <li>Interior Wall On Center:&nbsp;24"" o.c.</li> 
 <li>Interior Wall Studs:&nbsp;2 x 3 Interior Walls</li> 
 <li>Roof Load:&nbsp;30# Roof Load - 24"" o.c. Rafters</li> 
 <li>Side Wall Height:&nbsp;8' Sidewalls w/ Flat Ceilings</li> 
 <li>Insulation (Floors):&nbsp;R 33 Inside I-Beams &amp; R 22 Outside I-Beams</li> 
 <li>Insulation (Walls):&nbsp;R 21</li> 
 <li>Insulation (Roof):&nbsp;R 38</li> 
 <li>Eaves:&nbsp;Single Section Homes = 4 1/2"" Sidewall &amp; 12"" Endwall (Nominal) / Multi Section Homes = 6"" Sidewall &amp; 12"" Endwall (Nominal)</li> 
</ul>",Exterior Specifications,"<ul> 
 <li>Additional Specs:&nbsp;Spring Doorstops - All Exterior Doors</li> 
 <li>Dormer:&nbsp;16' Dormer Multi Section Homes - Per Print (N/A on Porch Models) / Columns at Dormer Valleys / Accent Paint Between Columns and Under Dormer</li> 
 <li>Front Door:&nbsp;36"" Craftsman Fiberglass w/ Matte Black Thumblatch</li> 
 <li>Rear Door:&nbsp;36"" 9 Lite Fiberglass w/ Brushed Nickel Egg Knob</li> 
 <li>Roof Pitch:&nbsp;Single Section Homes = 4/12 Roof Pitch / Multi Section Homes = Nominal 3/12 Roof Pitch</li> 
 <li>Shingles:&nbsp;Architectural Shingles - Color: Weathered Wood</li> 
 <li>Siding:&nbsp;3/8"" LP Smartpanel Vertical Siding</li> 
 <li>Window Trim:&nbsp;4"" LP Window Trim</li> 
 <li>Window Type:&nbsp;White Vinyl Framed, Argon Gas, Low ""E"" Windows</li> 
 <li>Exterior Lighting:&nbsp;Black Lantern Style Exterior Light w/ LED Bulb - Front Door / Jelly Jar Style Exterior Light w/ LED Bulb - Back Door(s)</li> 
 <li>Exterior Outlets:&nbsp;Exterior GFI Receptacle (2) - Front and Back - Per Print</li> 
</ul>",Interior Specifications,"<ul> 
 <li>Baseboards:&nbsp;3 1/2"" White Baseboard Throughout (Closets w/ Doors &amp; Pantries = 2"" Batton)</li> 
 <li>Ceiling Fans:&nbsp;Wire &amp; Brace for Fan - Living Room and Primary Bedroom</li> 
 <li>Ceiling Type Or Grade:&nbsp;2 1/4"" White Ceiling Trim (Closets w/ Doors &amp; Pantries = 2"" Batton)</li> 
 <li>Safety Alarms:&nbsp;Combination CO / Smoke Detector</li> 
 <li>Window Type:&nbsp;White Cased Window Wrap - All Windows</li> 
 <li>Wall Finish:&nbsp;Orange Peel Drywall Texture / Square Drywall Corners</li> 
 <li>Interior Doors:&nbsp;White Cathedral Interior Doors w/ 3 Hinges / 2 1/4"" White Door Casing (Closets w/ Doors &amp; Pantries = 2"" Batton)</li> 
 <li>Interior Lighting:&nbsp;Recessed LED Lights - Per Electrical Print</li> 
 <li>Interior Flooring:&nbsp;LUX Aged European Oak LX 311 - Vinyl Sheet Flooring - Per Print</li> 
 <li>Cabinetry &amp; Counters:&nbsp;Wire Shelving in Closets, Linens and Pantries / Full Hardwood Cabinet System - Doors, Face Frames and Sidepanels / 42"" Overhead Cabinets / Flat Crown Moulding on Overheads / Blonde Maple Lined Base &amp; Overhead Cabinets / Cabinet Matched Liner Behind Refrigerator / 1 Fixed Half Shelf in Base Cabinets (1/2"" Thick w/ Cleats) / 1 Fixed Shelf in Overhead Cabinets (1/2"" Thick w/ Wrapped Cleats)</li> 
 <li>Interior Paint:&nbsp;Interior Paint = Greek Villa SW 7551 (Flat Finish)</li> 
 <li>Carpet Type Or Grade:&nbsp;25 oz. New Wave Carpet - Color: Weathered (Multi Sections Only) - Shipped Loose / 5# Carpet Pad</li> 
</ul>",Utilities Specifications,"<p>Electrical Service:&nbsp;200 Amp Electrical Service / Solar and Wind-Ready w/ 1"" Conduit<br> Furnace:&nbsp;Electric Furnace - Sized in Accordance w/ ACCA Manual S &amp; Manual J<br> Heat Duct Registers:&nbsp;In-Floor Crossover Heat Duct System<br> Other:&nbsp;Hose Bibb (2) - Front and Back - Per Print<br> Shut Off Valves Throughout:&nbsp;Whole House Master Water Shut-Off Valve<br> Thermostat:&nbsp;ecobee Programmable Thermostat<br> Washer Dryer Plumb Wire:&nbsp;Plumbed and Wired for Clothes Washer &amp; Dryer<br> Water Heater:&nbsp;Rheem 40 Gallon Hybrid Heat Pump Water Heater<br> Water Shut Off Valves:&nbsp;Shut Off Valves at all Sinks and Commodes<br> Door Hardware:&nbsp;Brushed Nickel Egg Shaped Interior Door Knobs</p>",Kitchen & Baths Specifications,"<p><u><strong>Kitchen Specifications</strong></u></p> 
<ul> 
 <li>Kitchen Sink:&nbsp;Kitchen Sink - 8"" Deep Stainless</li> 
 <li>Kitchen Refrigerator:&nbsp;Energy Star Rated 18 Cu. Ft . Refrigerator - Stainless / Plumb Only for Icemaker</li> 
 <li>Kitchen Range Type:&nbsp;Smooth Top Self-Cleaning Electric Range - Stainless</li> 
 <li>Kitchen Range Hood:&nbsp;Designer Rangehood - Stainless</li> 
 <li>Kitchen Faucets:&nbsp;Stellen - 1-Handle Pull Down Kitchen Faucet - Stainless</li> 
 <li>Kitchen Drawer Type:&nbsp;Metal Roller Drawer Guides / Bank of Drawers - Kitchen (2 Large &amp; 1 Small)</li> 
 <li>Kitchen Dishwasher:&nbsp;Energy Star Rated Dishwasher - Stainless</li> 
 <li>Kitchen Countertops:&nbsp;Laminate Countertops - Color Per Order Specs</li> 
 <li>Kitchen Cabinetry:&nbsp;Kitchen Perimeter Cabinets - Studio Beige or Bishop Oak / Island Bar Cabinets - Onyx Black or Plover</li> 
 <li>Kitchen Backsplash:&nbsp;4"" Laminate Backsplash Throughout (NO Sidesplash)</li> 
</ul> 
<p>&nbsp;</p> 
<p><u><strong>Baths Specifications</strong></u></p> 
<ul> 
 <li>Bathroom Cabinets:&nbsp;Bathroom Cabinets - Studio Beige or Bishop Oak</li> 
 <li>Bathroom Sink:&nbsp;Square China Sink w/ Pop Up</li> 
 <li>Bathroom Lighting:&nbsp;1 Recessed LED Light - Secondary Bedrooms / Recessed LED Lights Over Bath Sinks</li> 
 <li>Bathroom Countertops:&nbsp;Laminate Countertops - Color Per Order Specs</li> 
 <li>Bathroom Faucets:&nbsp;Weller - Brushed Nickel 2 - Handle Faucets / Low Flow Faucets and Shower Fixtures</li> 
 <li>Bathroom Fans:&nbsp;Power Exhaust Bath Fan</li> 
 <li>Bathroom Additional Specs:&nbsp;Privacy Locks on all Baths</li> 
 <li>Bathroom Backsplash:&nbsp;4"" Laminate Backsplash Throughout (NO Sidesplash)</li> 
 <li>Bathroom Shower:&nbsp;60"" Fiberglass Double Seat Shower w/ Framed Door (Most Baths) - See Print / Fiberglass 60 x 32 Tub Shower - Center Drain guest baths</li> 
 <li>Bathroom Toilet Type:&nbsp;Elongated Stool</li> 
 <li>Bathroom Mirror:&nbsp;Framed Mirror</li> 
</ul>",,,,,,,Clayton Homes
Product_Tem-13,Product,Rising Sun,"<p>&nbsp;</p><p><strong>BEDS:</strong>&nbsp;2&nbsp; &nbsp; &nbsp;<strong>BATHS:</strong>&nbsp;2&nbsp; &nbsp; &nbsp;<strong>SQ FT:</strong>&nbsp;1,056&nbsp; &nbsp; &nbsp;</p><p><strong>W X L:</strong>&nbsp;24′&nbsp;x 44′</p><p>The Tempo / Rising Sun built by Golden West Homes offers 1,056 square feet of well-crafted living space, featuring 2 bedrooms and 2 bathrooms. This manufactured home combines style with functionality, providing open living areas ideal for social gatherings and private bedrooms for a peaceful retreat. The Rising Sun is an excellent choice for individuals or couples seeking a contemporary home that balances convenience with warmth, making it perfect for both everyday living and a serene escape.</p><p>&nbsp;</p>",866235_2f20bd0a291f4169b9b1aa0998801d99~mv2.webp;866235_856a5e141c7d47d7acf25926234ee95c~mv2.png;866235_31826d48e68e47d4a340b972aadacb8b~mv2.webp,"Double-Section;Tempo;Marlette;Golden West;1,000 - 1,500",51TEM24442AH,"1,056 SQ FT",0,,TRUE,PERCENT,0,InStock,,,,,,,,,,,,,,,,,,,,,3D Tour and Downloads,"<p><u><a href=""https://86623596-2b11-4ff5-aa33-cf74cb1ae58a.usrfiles.com/ugd/5db61f_5455209eebcf4299b794c75508aed5f0.pdf"" target=""_blank"">Click Here to Download PDF</a></u></p> 
<p>&nbsp;</p> 
<p><a href=""https://my.matterport.com/show/?play=1&amp;m=DZLggtErMeS"" target=""_blank""><u>Click Here for Virtual Tour</u></a></p>",Construction Specifications,"<p>&nbsp;</p> 
<ul> 
 <li>Ac Ready:&nbsp;Heat Pump / Air Conditioner Ready / Whole House Ventilation System</li> 
 <li>Additional Specs:&nbsp;eBuilt Home / Energy Star Certified / Vented Ridgecap (50% of Ridgeline) / Housewrap Under Siding - All Around / Smart Panel Soffit - Vented / 8"" Cement Facia w/ Painted Drip Edge to Match / 9"" Setback Frame / Brown Composite Porch Decking (if Applicable)</li> 
 <li>Exterior Wall On Center:&nbsp;16"" o.c.</li> 
 <li>Exterior Wall Studs:&nbsp;2 x 6 Exterior Walls</li> 
 <li>Floor Decking:&nbsp;19/32"" T&amp;G OSB Floor Decking</li> 
 <li>Floor Joists:&nbsp;12' Wide Floors = 2 x 6 Floor Joists - 16"" o.c. / 13' 4"" Floors = 2 x 6 Floor Joists - 16"" o.c. / 13' 4"" Wide Floors = 2 x 6 Floor Joists - 16"" o.c. / 15' Wide Floors = 2 x 6 Floor Joists - 16"" o.c.</li> 
 <li>Interior Wall On Center:&nbsp;24"" o.c.</li> 
 <li>Interior Wall Studs:&nbsp;2 x 3 Interior Walls</li> 
 <li>Roof Load:&nbsp;30# Roof Load - 24"" o.c. Rafters</li> 
 <li>Side Wall Height:&nbsp;8' Sidewalls w/ Flat Ceilings</li> 
 <li>Insulation (Floors):&nbsp;R 33 Inside I-Beams &amp; R 22 Outside I-Beams</li> 
 <li>Insulation (Walls):&nbsp;R 21</li> 
 <li>Insulation (Roof):&nbsp;R 38</li> 
 <li>Eaves:&nbsp;Single Section Homes = 4 1/2"" Sidewall &amp; 12"" Endwall (Nominal) / Multi Section Homes = 6"" Sidewall &amp; 12"" Endwall (Nominal)</li> 
</ul>",Exterior Specifications,"<ul> 
 <li>Additional Specs:&nbsp;Spring Doorstops - All Exterior Doors</li> 
 <li>Dormer:&nbsp;16' Dormer Multi Section Homes - Per Print (N/A on Porch Models) / Columns at Dormer Valleys / Accent Paint Between Columns and Under Dormer</li> 
 <li>Front Door:&nbsp;36"" Craftsman Fiberglass w/ Matte Black Thumblatch</li> 
 <li>Rear Door:&nbsp;36"" 9 Lite Fiberglass w/ Brushed Nickel Egg Knob</li> 
 <li>Roof Pitch:&nbsp;Single Section Homes = 4/12 Roof Pitch / Multi Section Homes = Nominal 3/12 Roof Pitch</li> 
 <li>Shingles:&nbsp;Architectural Shingles - Color: Weathered Wood</li> 
 <li>Siding:&nbsp;3/8"" LP Smartpanel Vertical Siding</li> 
 <li>Window Trim:&nbsp;4"" LP Window Trim</li> 
 <li>Window Type:&nbsp;White Vinyl Framed, Argon Gas, Low ""E"" Windows</li> 
 <li>Exterior Lighting:&nbsp;Black Lantern Style Exterior Light w/ LED Bulb - Front Door / Jelly Jar Style Exterior Light w/ LED Bulb - Back Door(s)</li> 
 <li>Exterior Outlets:&nbsp;Exterior GFI Receptacle (2) - Front and Back - Per Print</li> 
</ul>",Interior Specifications,"<ul> 
 <li>Baseboards:&nbsp;3 1/2"" White Baseboard Throughout (Closets w/ Doors &amp; Pantries = 2"" Batton)</li> 
 <li>Ceiling Fans:&nbsp;Wire &amp; Brace for Fan - Living Room and Primary Bedroom</li> 
 <li>Ceiling Type Or Grade:&nbsp;2 1/4"" White Ceiling Trim (Closets w/ Doors &amp; Pantries = 2"" Batton)</li> 
 <li>Safety Alarms:&nbsp;Combination CO / Smoke Detector</li> 
 <li>Window Type:&nbsp;White Cased Window Wrap - All Windows</li> 
 <li>Wall Finish:&nbsp;Orange Peel Drywall Texture / Square Drywall Corners</li> 
 <li>Interior Doors:&nbsp;White Cathedral Interior Doors w/ 3 Hinges / 2 1/4"" White Door Casing (Closets w/ Doors &amp; Pantries = 2"" Batton)</li> 
 <li>Interior Lighting:&nbsp;Recessed LED Lights - Per Electrical Print</li> 
 <li>Interior Flooring:&nbsp;LUX Aged European Oak LX 311 - Vinyl Sheet Flooring - Per Print</li> 
 <li>Cabinetry &amp; Counters:&nbsp;Wire Shelving in Closets, Linens and Pantries / Full Hardwood Cabinet System - Doors, Face Frames and Sidepanels / 42"" Overhead Cabinets / Flat Crown Moulding on Overheads / Blonde Maple Lined Base &amp; Overhead Cabinets / Cabinet Matched Liner Behind Refrigerator / 1 Fixed Half Shelf in Base Cabinets (1/2"" Thick w/ Cleats) / 1 Fixed Shelf in Overhead Cabinets (1/2"" Thick w/ Wrapped Cleats)</li> 
 <li>Interior Paint:&nbsp;Interior Paint = Greek Villa SW 7551 (Flat Finish)</li> 
 <li>Carpet Type Or Grade:&nbsp;25 oz. New Wave Carpet - Color: Weathered (Multi Sections Only) - Shipped Loose / 5# Carpet Pad</li> 
</ul>",Utilities Specifications,"<p>Electrical Service:&nbsp;200 Amp Electrical Service / Solar and Wind-Ready w/ 1"" Conduit<br> Furnace:&nbsp;Electric Furnace - Sized in Accordance w/ ACCA Manual S &amp; Manual J<br> Heat Duct Registers:&nbsp;In-Floor Crossover Heat Duct System<br> Other:&nbsp;Hose Bibb (2) - Front and Back - Per Print<br> Shut Off Valves Throughout:&nbsp;Whole House Master Water Shut-Off Valve<br> Thermostat:&nbsp;ecobee Programmable Thermostat<br> Washer Dryer Plumb Wire:&nbsp;Plumbed and Wired for Clothes Washer &amp; Dryer<br> Water Heater:&nbsp;Rheem 40 Gallon Hybrid Heat Pump Water Heater<br> Water Shut Off Valves:&nbsp;Shut Off Valves at all Sinks and Commodes<br> Door Hardware:&nbsp;Brushed Nickel Egg Shaped Interior Door Knobs</p>",Kitchen & Baths Specifications,"<p><u><strong>Kitchen Specifications</strong></u></p> 
<ul> 
 <li>Kitchen Sink:&nbsp;Kitchen Sink - 8"" Deep Stainless</li> 
 <li>Kitchen Refrigerator:&nbsp;Energy Star Rated 18 Cu. Ft . Refrigerator - Stainless / Plumb Only for Icemaker</li> 
 <li>Kitchen Range Type:&nbsp;Smooth Top Self-Cleaning Electric Range - Stainless</li> 
 <li>Kitchen Range Hood:&nbsp;Designer Rangehood - Stainless</li> 
 <li>Kitchen Faucets:&nbsp;Stellen - 1-Handle Pull Down Kitchen Faucet - Stainless</li> 
 <li>Kitchen Drawer Type:&nbsp;Metal Roller Drawer Guides / Bank of Drawers - Kitchen (2 Large &amp; 1 Small)</li> 
 <li>Kitchen Dishwasher:&nbsp;Energy Star Rated Dishwasher - Stainless</li> 
 <li>Kitchen Countertops:&nbsp;Laminate Countertops - Color Per Order Specs</li> 
 <li>Kitchen Cabinetry:&nbsp;Kitchen Perimeter Cabinets - Studio Beige or Bishop Oak / Island Bar Cabinets - Onyx Black or Plover</li> 
 <li>Kitchen Backsplash:&nbsp;4"" Laminate Backsplash Throughout (NO Sidesplash)</li> 
</ul> 
<p>&nbsp;</p> 
<p><u><strong>Baths Specifications</strong></u></p> 
<ul> 
 <li>Bathroom Cabinets:&nbsp;Bathroom Cabinets - Studio Beige or Bishop Oak</li> 
 <li>Bathroom Sink:&nbsp;Square China Sink w/ Pop Up</li> 
 <li>Bathroom Lighting:&nbsp;1 Recessed LED Light - Secondary Bedrooms / Recessed LED Lights Over Bath Sinks</li> 
 <li>Bathroom Countertops:&nbsp;Laminate Countertops - Color Per Order Specs</li> 
 <li>Bathroom Faucets:&nbsp;Weller - Brushed Nickel 2 - Handle Faucets / Low Flow Faucets and Shower Fixtures</li> 
 <li>Bathroom Fans:&nbsp;Power Exhaust Bath Fan</li> 
 <li>Bathroom Additional Specs:&nbsp;Privacy Locks on all Baths</li> 
 <li>Bathroom Backsplash:&nbsp;4"" Laminate Backsplash Throughout (NO Sidesplash)</li> 
 <li>Bathroom Shower:&nbsp;60"" Fiberglass Double Seat Shower w/ Framed Door (Most Baths) - See Print / Fiberglass 60 x 32 Tub Shower - Center Drain guest baths</li> 
 <li>Bathroom Toilet Type:&nbsp;Elongated Stool</li> 
 <li>Bathroom Mirror:&nbsp;Framed Mirror</li> 
</ul>",,,,,,,Clayton Homes
Product_Tem-14,Product,Here Comes the Sun,"<p><strong>BEDS:</strong>&nbsp;3&nbsp; &nbsp; &nbsp;<strong>BATHS:</strong>&nbsp;2&nbsp; &nbsp; &nbsp;<strong>SQ FT:</strong>&nbsp;1,152&nbsp; &nbsp; &nbsp;</p><p><strong>W X L:</strong>&nbsp;24′&nbsp;x 48′</p><p>The Tempo / Here Comes The Sun built by Golden West Homes provides 1,152 square feet of thoughtfully designed living space, featuring 3 bedrooms and 2 bathrooms. This manufactured home is crafted to blend comfort and style, offering open areas perfect for family gatherings and private bedrooms for a peaceful retreat. The Here Comes The Sun is an ideal choice for families or individuals seeking a modern home that combines practicality with a warm, inviting atmosphere, making it a perfect place for daily living.</p>",866235_d9c3f5ed584d47cc915e6dbd97410b28~mv2.webp;866235_183d1674ab3c489b9ee6dd9dea7439e3~mv2.png;866235_c7569a408a1a4467a69165264012f44c~mv2.webp,"Double-Section;Tempo;Marlette;Golden West;1,000 - 1,500",51TEM24483AH,"1,152 SQ FT",0,,TRUE,PERCENT,0,InStock,,,,,,,,,,,,,,,,,,,,,3D Tour and Downloads,"<p><u><a href=""https://86623596-2b11-4ff5-aa33-cf74cb1ae58a.usrfiles.com/ugd/5db61f_6eb2647fcb404120b0dd84955403f9fb.pdf"" target=""_blank"">Click Here to Download PDF</a></u></p> 
<p>&nbsp;</p> 
<p><a href=""https://my.matterport.com/show/?m=MiB7cqevPaj"" target=""_blank""><u>Click Here for Virtual Tour</u></a></p>",Construction Specifications,"<p>&nbsp;</p> 
<ul> 
 <li>Ac Ready:&nbsp;Heat Pump / Air Conditioner Ready / Whole House Ventilation System</li> 
 <li>Additional Specs:&nbsp;eBuilt Home / Energy Star Certified / Vented Ridgecap (50% of Ridgeline) / Housewrap Under Siding - All Around / Smart Panel Soffit - Vented / 8"" Cement Facia w/ Painted Drip Edge to Match / 9"" Setback Frame / Brown Composite Porch Decking (if Applicable)</li> 
 <li>Exterior Wall On Center:&nbsp;16"" o.c.</li> 
 <li>Exterior Wall Studs:&nbsp;2 x 6 Exterior Walls</li> 
 <li>Floor Decking:&nbsp;19/32"" T&amp;G OSB Floor Decking</li> 
 <li>Floor Joists:&nbsp;12' Wide Floors = 2 x 6 Floor Joists - 16"" o.c. / 13' 4"" Floors = 2 x 6 Floor Joists - 16"" o.c. / 13' 4"" Wide Floors = 2 x 6 Floor Joists - 16"" o.c. / 15' Wide Floors = 2 x 6 Floor Joists - 16"" o.c.</li> 
 <li>Interior Wall On Center:&nbsp;24"" o.c.</li> 
 <li>Interior Wall Studs:&nbsp;2 x 3 Interior Walls</li> 
 <li>Roof Load:&nbsp;30# Roof Load - 24"" o.c. Rafters</li> 
 <li>Side Wall Height:&nbsp;8' Sidewalls w/ Flat Ceilings</li> 
 <li>Insulation (Floors):&nbsp;R 33 Inside I-Beams &amp; R 22 Outside I-Beams</li> 
 <li>Insulation (Walls):&nbsp;R 21</li> 
 <li>Insulation (Roof):&nbsp;R 38</li> 
 <li>Eaves:&nbsp;Single Section Homes = 4 1/2"" Sidewall &amp; 12"" Endwall (Nominal) / Multi Section Homes = 6"" Sidewall &amp; 12"" Endwall (Nominal)</li> 
</ul>",Exterior Specifications,"<ul> 
 <li>Additional Specs:&nbsp;Spring Doorstops - All Exterior Doors</li> 
 <li>Dormer:&nbsp;16' Dormer Multi Section Homes - Per Print (N/A on Porch Models) / Columns at Dormer Valleys / Accent Paint Between Columns and Under Dormer</li> 
 <li>Front Door:&nbsp;36"" Craftsman Fiberglass w/ Matte Black Thumblatch</li> 
 <li>Rear Door:&nbsp;36"" 9 Lite Fiberglass w/ Brushed Nickel Egg Knob</li> 
 <li>Roof Pitch:&nbsp;Single Section Homes = 4/12 Roof Pitch / Multi Section Homes = Nominal 3/12 Roof Pitch</li> 
 <li>Shingles:&nbsp;Architectural Shingles - Color: Weathered Wood</li> 
 <li>Siding:&nbsp;3/8"" LP Smartpanel Vertical Siding</li> 
 <li>Window Trim:&nbsp;4"" LP Window Trim</li> 
 <li>Window Type:&nbsp;White Vinyl Framed, Argon Gas, Low ""E"" Windows</li> 
 <li>Exterior Lighting:&nbsp;Black Lantern Style Exterior Light w/ LED Bulb - Front Door / Jelly Jar Style Exterior Light w/ LED Bulb - Back Door(s)</li> 
 <li>Exterior Outlets:&nbsp;Exterior GFI Receptacle (2) - Front and Back - Per Print</li> 
</ul>",Interior Specifications,"<ul> 
 <li>Baseboards:&nbsp;3 1/2"" White Baseboard Throughout (Closets w/ Doors &amp; Pantries = 2"" Batton)</li> 
 <li>Ceiling Fans:&nbsp;Wire &amp; Brace for Fan - Living Room and Primary Bedroom</li> 
 <li>Ceiling Type Or Grade:&nbsp;2 1/4"" White Ceiling Trim (Closets w/ Doors &amp; Pantries = 2"" Batton)</li> 
 <li>Safety Alarms:&nbsp;Combination CO / Smoke Detector</li> 
 <li>Window Type:&nbsp;White Cased Window Wrap - All Windows</li> 
 <li>Wall Finish:&nbsp;Orange Peel Drywall Texture / Square Drywall Corners</li> 
 <li>Interior Doors:&nbsp;White Cathedral Interior Doors w/ 3 Hinges / 2 1/4"" White Door Casing (Closets w/ Doors &amp; Pantries = 2"" Batton)</li> 
 <li>Interior Lighting:&nbsp;Recessed LED Lights - Per Electrical Print</li> 
 <li>Interior Flooring:&nbsp;LUX Aged European Oak LX 311 - Vinyl Sheet Flooring - Per Print</li> 
 <li>Cabinetry &amp; Counters:&nbsp;Wire Shelving in Closets, Linens and Pantries / Full Hardwood Cabinet System - Doors, Face Frames and Sidepanels / 42"" Overhead Cabinets / Flat Crown Moulding on Overheads / Blonde Maple Lined Base &amp; Overhead Cabinets / Cabinet Matched Liner Behind Refrigerator / 1 Fixed Half Shelf in Base Cabinets (1/2"" Thick w/ Cleats) / 1 Fixed Shelf in Overhead Cabinets (1/2"" Thick w/ Wrapped Cleats)</li> 
 <li>Interior Paint:&nbsp;Interior Paint = Greek Villa SW 7551 (Flat Finish)</li> 
 <li>Carpet Type Or Grade:&nbsp;25 oz. New Wave Carpet - Color: Weathered (Multi Sections Only) - Shipped Loose / 5# Carpet Pad</li> 
</ul>",Utilities Specifications,"<p>Electrical Service:&nbsp;200 Amp Electrical Service / Solar and Wind-Ready w/ 1"" Conduit<br> Furnace:&nbsp;Electric Furnace - Sized in Accordance w/ ACCA Manual S &amp; Manual J<br> Heat Duct Registers:&nbsp;In-Floor Crossover Heat Duct System<br> Other:&nbsp;Hose Bibb (2) - Front and Back - Per Print<br> Shut Off Valves Throughout:&nbsp;Whole House Master Water Shut-Off Valve<br> Thermostat:&nbsp;ecobee Programmable Thermostat<br> Washer Dryer Plumb Wire:&nbsp;Plumbed and Wired for Clothes Washer &amp; Dryer<br> Water Heater:&nbsp;Rheem 40 Gallon Hybrid Heat Pump Water Heater<br> Water Shut Off Valves:&nbsp;Shut Off Valves at all Sinks and Commodes<br> Door Hardware:&nbsp;Brushed Nickel Egg Shaped Interior Door Knobs</p>",Kitchen & Baths Specifications,"<p><u><strong>Kitchen Specifications</strong></u></p> 
<ul> 
 <li>Kitchen Sink:&nbsp;Kitchen Sink - 8"" Deep Stainless</li> 
 <li>Kitchen Refrigerator:&nbsp;Energy Star Rated 18 Cu. Ft . Refrigerator - Stainless / Plumb Only for Icemaker</li> 
 <li>Kitchen Range Type:&nbsp;Smooth Top Self-Cleaning Electric Range - Stainless</li> 
 <li>Kitchen Range Hood:&nbsp;Designer Rangehood - Stainless</li> 
 <li>Kitchen Faucets:&nbsp;Stellen - 1-Handle Pull Down Kitchen Faucet - Stainless</li> 
 <li>Kitchen Drawer Type:&nbsp;Metal Roller Drawer Guides / Bank of Drawers - Kitchen (2 Large &amp; 1 Small)</li> 
 <li>Kitchen Dishwasher:&nbsp;Energy Star Rated Dishwasher - Stainless</li> 
 <li>Kitchen Countertops:&nbsp;Laminate Countertops - Color Per Order Specs</li> 
 <li>Kitchen Cabinetry:&nbsp;Kitchen Perimeter Cabinets - Studio Beige or Bishop Oak / Island Bar Cabinets - Onyx Black or Plover</li> 
 <li>Kitchen Backsplash:&nbsp;4"" Laminate Backsplash Throughout (NO Sidesplash)</li> 
</ul> 
<p>&nbsp;</p> 
<p><u><strong>Baths Specifications</strong></u></p> 
<ul> 
 <li>Bathroom Cabinets:&nbsp;Bathroom Cabinets - Studio Beige or Bishop Oak</li> 
 <li>Bathroom Sink:&nbsp;Square China Sink w/ Pop Up</li> 
 <li>Bathroom Lighting:&nbsp;1 Recessed LED Light - Secondary Bedrooms / Recessed LED Lights Over Bath Sinks</li> 
 <li>Bathroom Countertops:&nbsp;Laminate Countertops - Color Per Order Specs</li> 
 <li>Bathroom Faucets:&nbsp;Weller - Brushed Nickel 2 - Handle Faucets / Low Flow Faucets and Shower Fixtures</li> 
 <li>Bathroom Fans:&nbsp;Power Exhaust Bath Fan</li> 
 <li>Bathroom Additional Specs:&nbsp;Privacy Locks on all Baths</li> 
 <li>Bathroom Backsplash:&nbsp;4"" Laminate Backsplash Throughout (NO Sidesplash)</li> 
 <li>Bathroom Shower:&nbsp;60"" Fiberglass Double Seat Shower w/ Framed Door (Most Baths) - See Print / Fiberglass 60 x 32 Tub Shower - Center Drain guest baths</li> 
 <li>Bathroom Toilet Type:&nbsp;Elongated Stool</li> 
 <li>Bathroom Mirror:&nbsp;Framed Mirror</li> 
</ul>",,,,,,,Clayton Homes
Product_Tem-15,Product,Three Little Birds,"<p><strong>BEDS:</strong>&nbsp;3&nbsp; &nbsp; &nbsp;<strong>BATHS:</strong>&nbsp;2&nbsp; &nbsp; &nbsp;<strong>SQ FT:</strong>&nbsp;1,248&nbsp; &nbsp; &nbsp;</p><p><strong>W X L:</strong>&nbsp;24′&nbsp;x 52′</p><p>The Tempo / Three Little Birds built by Golden West Homes provides 1,248 square feet of thoughtfully designed living space, featuring 3 bedrooms and 2 bathrooms. This manufactured home combines modern style with everyday comfort, offering open areas perfect for gatherings and private bedrooms that create a peaceful retreat. The Three Little Birds is an excellent choice for families or individuals seeking a home that balances functionality with a warm, inviting atmosphere, ideal for relaxed living and lasting memories.</p>",866235_dc22d1b24559467c9d6950642dcee3f2~mv2.webp;866235_2996bcaf4e034b55949649fd18e50872~mv2.png,"Double-Section;Tempo;Marlette;Golden West;1,000 - 1,500",55TMP24523AH,"1,248 SQ FT",0,,TRUE,PERCENT,0,InStock,,,,,,,,,,,,,,,,,,,,,3D Tour and Downloads,"<p><u><a href=""https://86623596-2b11-4ff5-aa33-cf74cb1ae58a.usrfiles.com/ugd/5db61f_b68dfae53aa144c084f4db1418b3c207.pdf"" target=""_blank"">Click Here to Download PDF</a></u></p> 
<p>&nbsp;</p> 
<p><a href=""https://my.matterport.com/show?play=1&amp;lang=en-US&amp;m=jsXBm97BiWS"" target=""_blank""><u>Click Here for Virtual Tour</u></a></p>",Construction Specifications,"<p>&nbsp;</p> 
<ul> 
 <li>Ac Ready:&nbsp;Heat Pump / Air Conditioner Ready / Whole House Ventilation System</li> 
 <li>Additional Specs:&nbsp;eBuilt Home / Energy Star Certified / Vented Ridgecap (50% of Ridgeline) / Housewrap Under Siding - All Around / Smart Panel Soffit - Vented / 8"" Cement Facia w/ Painted Drip Edge to Match / 9"" Setback Frame / Brown Composite Porch Decking (if Applicable)</li> 
 <li>Exterior Wall On Center:&nbsp;16"" o.c.</li> 
 <li>Exterior Wall Studs:&nbsp;2 x 6 Exterior Walls</li> 
 <li>Floor Decking:&nbsp;19/32"" T&amp;G OSB Floor Decking</li> 
 <li>Floor Joists:&nbsp;12' Wide Floors = 2 x 6 Floor Joists - 16"" o.c. / 13' 4"" Floors = 2 x 6 Floor Joists - 16"" o.c. / 13' 4"" Wide Floors = 2 x 6 Floor Joists - 16"" o.c. / 15' Wide Floors = 2 x 6 Floor Joists - 16"" o.c.</li> 
 <li>Interior Wall On Center:&nbsp;24"" o.c.</li> 
 <li>Interior Wall Studs:&nbsp;2 x 3 Interior Walls</li> 
 <li>Roof Load:&nbsp;30# Roof Load - 24"" o.c. Rafters</li> 
 <li>Side Wall Height:&nbsp;8' Sidewalls w/ Flat Ceilings</li> 
 <li>Insulation (Floors):&nbsp;R 33 Inside I-Beams &amp; R 22 Outside I-Beams</li> 
 <li>Insulation (Walls):&nbsp;R 21</li> 
 <li>Insulation (Roof):&nbsp;R 38</li> 
 <li>Eaves:&nbsp;Single Section Homes = 4 1/2"" Sidewall &amp; 12"" Endwall (Nominal) / Multi Section Homes = 6"" Sidewall &amp; 12"" Endwall (Nominal)</li> 
</ul>",Exterior Specifications,"<ul> 
 <li>Additional Specs:&nbsp;Spring Doorstops - All Exterior Doors</li> 
 <li>Dormer:&nbsp;16' Dormer Multi Section Homes - Per Print (N/A on Porch Models) / Columns at Dormer Valleys / Accent Paint Between Columns and Under Dormer</li> 
 <li>Front Door:&nbsp;36"" Craftsman Fiberglass w/ Matte Black Thumblatch</li> 
 <li>Rear Door:&nbsp;36"" 9 Lite Fiberglass w/ Brushed Nickel Egg Knob</li> 
 <li>Roof Pitch:&nbsp;Single Section Homes = 4/12 Roof Pitch / Multi Section Homes = Nominal 3/12 Roof Pitch</li> 
 <li>Shingles:&nbsp;Architectural Shingles - Color: Weathered Wood</li> 
 <li>Siding:&nbsp;3/8"" LP Smartpanel Vertical Siding</li> 
 <li>Window Trim:&nbsp;4"" LP Window Trim</li> 
 <li>Window Type:&nbsp;White Vinyl Framed, Argon Gas, Low ""E"" Windows</li> 
 <li>Exterior Lighting:&nbsp;Black Lantern Style Exterior Light w/ LED Bulb - Front Door / Jelly Jar Style Exterior Light w/ LED Bulb - Back Door(s)</li> 
 <li>Exterior Outlets:&nbsp;Exterior GFI Receptacle (2) - Front and Back - Per Print</li> 
</ul>",Interior Specifications,"<ul> 
 <li>Baseboards:&nbsp;3 1/2"" White Baseboard Throughout (Closets w/ Doors &amp; Pantries = 2"" Batton)</li> 
 <li>Ceiling Fans:&nbsp;Wire &amp; Brace for Fan - Living Room and Primary Bedroom</li> 
 <li>Ceiling Type Or Grade:&nbsp;2 1/4"" White Ceiling Trim (Closets w/ Doors &amp; Pantries = 2"" Batton)</li> 
 <li>Safety Alarms:&nbsp;Combination CO / Smoke Detector</li> 
 <li>Window Type:&nbsp;White Cased Window Wrap - All Windows</li> 
 <li>Wall Finish:&nbsp;Orange Peel Drywall Texture / Square Drywall Corners</li> 
 <li>Interior Doors:&nbsp;White Cathedral Interior Doors w/ 3 Hinges / 2 1/4"" White Door Casing (Closets w/ Doors &amp; Pantries = 2"" Batton)</li> 
 <li>Interior Lighting:&nbsp;Recessed LED Lights - Per Electrical Print</li> 
 <li>Interior Flooring:&nbsp;LUX Aged European Oak LX 311 - Vinyl Sheet Flooring - Per Print</li> 
 <li>Cabinetry &amp; Counters:&nbsp;Wire Shelving in Closets, Linens and Pantries / Full Hardwood Cabinet System - Doors, Face Frames and Sidepanels / 42"" Overhead Cabinets / Flat Crown Moulding on Overheads / Blonde Maple Lined Base &amp; Overhead Cabinets / Cabinet Matched Liner Behind Refrigerator / 1 Fixed Half Shelf in Base Cabinets (1/2"" Thick w/ Cleats) / 1 Fixed Shelf in Overhead Cabinets (1/2"" Thick w/ Wrapped Cleats)</li> 
 <li>Interior Paint:&nbsp;Interior Paint = Greek Villa SW 7551 (Flat Finish)</li> 
 <li>Carpet Type Or Grade:&nbsp;25 oz. New Wave Carpet - Color: Weathered (Multi Sections Only) - Shipped Loose / 5# Carpet Pad</li> 
</ul>",Utilities Specifications,"<p>Electrical Service:&nbsp;200 Amp Electrical Service / Solar and Wind-Ready w/ 1"" Conduit<br> Furnace:&nbsp;Electric Furnace - Sized in Accordance w/ ACCA Manual S &amp; Manual J<br> Heat Duct Registers:&nbsp;In-Floor Crossover Heat Duct System<br> Other:&nbsp;Hose Bibb (2) - Front and Back - Per Print<br> Shut Off Valves Throughout:&nbsp;Whole House Master Water Shut-Off Valve<br> Thermostat:&nbsp;ecobee Programmable Thermostat<br> Washer Dryer Plumb Wire:&nbsp;Plumbed and Wired for Clothes Washer &amp; Dryer<br> Water Heater:&nbsp;Rheem 40 Gallon Hybrid Heat Pump Water Heater<br> Water Shut Off Valves:&nbsp;Shut Off Valves at all Sinks and Commodes<br> Door Hardware:&nbsp;Brushed Nickel Egg Shaped Interior Door Knobs</p>",Kitchen & Baths Specifications,"<p><u><strong>Kitchen Specifications</strong></u></p> 
<ul> 
 <li>Kitchen Sink:&nbsp;Kitchen Sink - 8"" Deep Stainless</li> 
 <li>Kitchen Refrigerator:&nbsp;Energy Star Rated 18 Cu. Ft . Refrigerator - Stainless / Plumb Only for Icemaker</li> 
 <li>Kitchen Range Type:&nbsp;Smooth Top Self-Cleaning Electric Range - Stainless</li> 
 <li>Kitchen Range Hood:&nbsp;Designer Rangehood - Stainless</li> 
 <li>Kitchen Faucets:&nbsp;Stellen - 1-Handle Pull Down Kitchen Faucet - Stainless</li> 
 <li>Kitchen Drawer Type:&nbsp;Metal Roller Drawer Guides / Bank of Drawers - Kitchen (2 Large &amp; 1 Small)</li> 
 <li>Kitchen Dishwasher:&nbsp;Energy Star Rated Dishwasher - Stainless</li> 
 <li>Kitchen Countertops:&nbsp;Laminate Countertops - Color Per Order Specs</li> 
 <li>Kitchen Cabinetry:&nbsp;Kitchen Perimeter Cabinets - Studio Beige or Bishop Oak / Island Bar Cabinets - Onyx Black or Plover</li> 
 <li>Kitchen Backsplash:&nbsp;4"" Laminate Backsplash Throughout (NO Sidesplash)</li> 
</ul> 
<p>&nbsp;</p> 
<p><u><strong>Baths Specifications</strong></u></p> 
<ul> 
 <li>Bathroom Cabinets:&nbsp;Bathroom Cabinets - Studio Beige or Bishop Oak</li> 
 <li>Bathroom Sink:&nbsp;Square China Sink w/ Pop Up</li> 
 <li>Bathroom Lighting:&nbsp;1 Recessed LED Light - Secondary Bedrooms / Recessed LED Lights Over Bath Sinks</li> 
 <li>Bathroom Countertops:&nbsp;Laminate Countertops - Color Per Order Specs</li> 
 <li>Bathroom Faucets:&nbsp;Weller - Brushed Nickel 2 - Handle Faucets / Low Flow Faucets and Shower Fixtures</li> 
 <li>Bathroom Fans:&nbsp;Power Exhaust Bath Fan</li> 
 <li>Bathroom Additional Specs:&nbsp;Privacy Locks on all Baths</li> 
 <li>Bathroom Backsplash:&nbsp;4"" Laminate Backsplash Throughout (NO Sidesplash)</li> 
 <li>Bathroom Shower:&nbsp;60"" Fiberglass Double Seat Shower w/ Framed Door (Most Baths) - See Print / Fiberglass 60 x 32 Tub Shower - Center Drain guest baths</li> 
 <li>Bathroom Toilet Type:&nbsp;Elongated Stool</li> 
 <li>Bathroom Mirror:&nbsp;Framed Mirror</li> 
</ul>",,,,,,,Clayton Homes
Product_Tem-16,Product,Stand by Me (Porch),"<p>&nbsp;</p><p><strong>BEDS:</strong>&nbsp;3&nbsp; &nbsp; &nbsp;<strong>BATHS:</strong>&nbsp;2&nbsp; &nbsp; &nbsp;<strong>SQ FT:</strong>&nbsp;1176&nbsp; &nbsp; &nbsp;</p><p><strong>W X L:</strong>&nbsp;24′&nbsp;x 52′</p><p>The Tempo / Stand By Me built by Golden West Homes offers 1,176 square feet of inviting living space, featuring 3 bedrooms and 2 bathrooms. This manufactured home is designed to balance comfort and style, with spacious open areas that enhance everyday gatherings and private bedrooms for restful retreats. The Stand By Me is an ideal choice for families or individuals seeking a contemporary home that merges practicality with warmth, making it a perfect setting for both relaxed living and memorable moments</p><p>&nbsp;</p>",866235_6a6f98cd4c3c4ed6bcad7a82ce8e14c0~mv2.webp;866235_bb197a816de6473cac534aed3a1aba56~mv2.png,"Double-Section;Tempo;Marlette;Golden West;1,000 - 1,500",51TIP24523AH,"1,176 SQ FT",0,,TRUE,PERCENT,0,InStock,,,,,,,,,,,,,,,,,,,,,3D Tour and Downloads,"<p><u><a href=""https://86623596-2b11-4ff5-aa33-cf74cb1ae58a.usrfiles.com/ugd/5db61f_d29c3f04a0984712a2c9d2c435319b1b.pdf"" target=""_blank"">Click Here to Download PDF</a></u></p> 
<p>&nbsp;</p> 
<p><a href=""https://my.matterport.com/show/?play=1&amp;m=8wrvZWnrr4V"" target=""_blank""><u>Click Here for Virtual Tour</u></a></p>",Construction Specifications,"<p>&nbsp;</p> 
<ul> 
 <li>Ac Ready:&nbsp;Heat Pump / Air Conditioner Ready / Whole House Ventilation System</li> 
 <li>Additional Specs:&nbsp;eBuilt Home / Energy Star Certified / Vented Ridgecap (50% of Ridgeline) / Housewrap Under Siding - All Around / Smart Panel Soffit - Vented / 8"" Cement Facia w/ Painted Drip Edge to Match / 9"" Setback Frame / Brown Composite Porch Decking (if Applicable)</li> 
 <li>Exterior Wall On Center:&nbsp;16"" o.c.</li> 
 <li>Exterior Wall Studs:&nbsp;2 x 6 Exterior Walls</li> 
 <li>Floor Decking:&nbsp;19/32"" T&amp;G OSB Floor Decking</li> 
 <li>Floor Joists:&nbsp;12' Wide Floors = 2 x 6 Floor Joists - 16"" o.c. / 13' 4"" Floors = 2 x 6 Floor Joists - 16"" o.c. / 13' 4"" Wide Floors = 2 x 6 Floor Joists - 16"" o.c. / 15' Wide Floors = 2 x 6 Floor Joists - 16"" o.c.</li> 
 <li>Interior Wall On Center:&nbsp;24"" o.c.</li> 
 <li>Interior Wall Studs:&nbsp;2 x 3 Interior Walls</li> 
 <li>Roof Load:&nbsp;30# Roof Load - 24"" o.c. Rafters</li> 
 <li>Side Wall Height:&nbsp;8' Sidewalls w/ Flat Ceilings</li> 
 <li>Insulation (Floors):&nbsp;R 33 Inside I-Beams &amp; R 22 Outside I-Beams</li> 
 <li>Insulation (Walls):&nbsp;R 21</li> 
 <li>Insulation (Roof):&nbsp;R 38</li> 
 <li>Eaves:&nbsp;Single Section Homes = 4 1/2"" Sidewall &amp; 12"" Endwall (Nominal) / Multi Section Homes = 6"" Sidewall &amp; 12"" Endwall (Nominal)</li> 
</ul>",Exterior Specifications,"<ul> 
 <li>Additional Specs:&nbsp;Spring Doorstops - All Exterior Doors</li> 
 <li>Dormer:&nbsp;16' Dormer Multi Section Homes - Per Print (N/A on Porch Models) / Columns at Dormer Valleys / Accent Paint Between Columns and Under Dormer</li> 
 <li>Front Door:&nbsp;36"" Craftsman Fiberglass w/ Matte Black Thumblatch</li> 
 <li>Rear Door:&nbsp;36"" 9 Lite Fiberglass w/ Brushed Nickel Egg Knob</li> 
 <li>Roof Pitch:&nbsp;Single Section Homes = 4/12 Roof Pitch / Multi Section Homes = Nominal 3/12 Roof Pitch</li> 
 <li>Shingles:&nbsp;Architectural Shingles - Color: Weathered Wood</li> 
 <li>Siding:&nbsp;3/8"" LP Smartpanel Vertical Siding</li> 
 <li>Window Trim:&nbsp;4"" LP Window Trim</li> 
 <li>Window Type:&nbsp;White Vinyl Framed, Argon Gas, Low ""E"" Windows</li> 
 <li>Exterior Lighting:&nbsp;Black Lantern Style Exterior Light w/ LED Bulb - Front Door / Jelly Jar Style Exterior Light w/ LED Bulb - Back Door(s)</li> 
 <li>Exterior Outlets:&nbsp;Exterior GFI Receptacle (2) - Front and Back - Per Print</li> 
</ul>",Interior Specifications,"<ul> 
 <li>Baseboards:&nbsp;3 1/2"" White Baseboard Throughout (Closets w/ Doors &amp; Pantries = 2"" Batton)</li> 
 <li>Ceiling Fans:&nbsp;Wire &amp; Brace for Fan - Living Room and Primary Bedroom</li> 
 <li>Ceiling Type Or Grade:&nbsp;2 1/4"" White Ceiling Trim (Closets w/ Doors &amp; Pantries = 2"" Batton)</li> 
 <li>Safety Alarms:&nbsp;Combination CO / Smoke Detector</li> 
 <li>Window Type:&nbsp;White Cased Window Wrap - All Windows</li> 
 <li>Wall Finish:&nbsp;Orange Peel Drywall Texture / Square Drywall Corners</li> 
 <li>Interior Doors:&nbsp;White Cathedral Interior Doors w/ 3 Hinges / 2 1/4"" White Door Casing (Closets w/ Doors &amp; Pantries = 2"" Batton)</li> 
 <li>Interior Lighting:&nbsp;Recessed LED Lights - Per Electrical Print</li> 
 <li>Interior Flooring:&nbsp;LUX Aged European Oak LX 311 - Vinyl Sheet Flooring - Per Print</li> 
 <li>Cabinetry &amp; Counters:&nbsp;Wire Shelving in Closets, Linens and Pantries / Full Hardwood Cabinet System - Doors, Face Frames and Sidepanels / 42"" Overhead Cabinets / Flat Crown Moulding on Overheads / Blonde Maple Lined Base &amp; Overhead Cabinets / Cabinet Matched Liner Behind Refrigerator / 1 Fixed Half Shelf in Base Cabinets (1/2"" Thick w/ Cleats) / 1 Fixed Shelf in Overhead Cabinets (1/2"" Thick w/ Wrapped Cleats)</li> 
 <li>Interior Paint:&nbsp;Interior Paint = Greek Villa SW 7551 (Flat Finish)</li> 
 <li>Carpet Type Or Grade:&nbsp;25 oz. New Wave Carpet - Color: Weathered (Multi Sections Only) - Shipped Loose / 5# Carpet Pad</li> 
</ul>",Utilities Specifications,"<p>Electrical Service:&nbsp;200 Amp Electrical Service / Solar and Wind-Ready w/ 1"" Conduit<br> Furnace:&nbsp;Electric Furnace - Sized in Accordance w/ ACCA Manual S &amp; Manual J<br> Heat Duct Registers:&nbsp;In-Floor Crossover Heat Duct System<br> Other:&nbsp;Hose Bibb (2) - Front and Back - Per Print<br> Shut Off Valves Throughout:&nbsp;Whole House Master Water Shut-Off Valve<br> Thermostat:&nbsp;ecobee Programmable Thermostat<br> Washer Dryer Plumb Wire:&nbsp;Plumbed and Wired for Clothes Washer &amp; Dryer<br> Water Heater:&nbsp;Rheem 40 Gallon Hybrid Heat Pump Water Heater<br> Water Shut Off Valves:&nbsp;Shut Off Valves at all Sinks and Commodes<br> Door Hardware:&nbsp;Brushed Nickel Egg Shaped Interior Door Knobs</p>",Kitchen & Baths Specifications,"<p><u><strong>Kitchen Specifications</strong></u></p> 
<ul> 
 <li>Kitchen Sink:&nbsp;Kitchen Sink - 8"" Deep Stainless</li> 
 <li>Kitchen Refrigerator:&nbsp;Energy Star Rated 18 Cu. Ft . Refrigerator - Stainless / Plumb Only for Icemaker</li> 
 <li>Kitchen Range Type:&nbsp;Smooth Top Self-Cleaning Electric Range - Stainless</li> 
 <li>Kitchen Range Hood:&nbsp;Designer Rangehood - Stainless</li> 
 <li>Kitchen Faucets:&nbsp;Stellen - 1-Handle Pull Down Kitchen Faucet - Stainless</li> 
 <li>Kitchen Drawer Type:&nbsp;Metal Roller Drawer Guides / Bank of Drawers - Kitchen (2 Large &amp; 1 Small)</li> 
 <li>Kitchen Dishwasher:&nbsp;Energy Star Rated Dishwasher - Stainless</li> 
 <li>Kitchen Countertops:&nbsp;Laminate Countertops - Color Per Order Specs</li> 
 <li>Kitchen Cabinetry:&nbsp;Kitchen Perimeter Cabinets - Studio Beige or Bishop Oak / Island Bar Cabinets - Onyx Black or Plover</li> 
 <li>Kitchen Backsplash:&nbsp;4"" Laminate Backsplash Throughout (NO Sidesplash)</li> 
</ul> 
<p>&nbsp;</p> 
<p><u><strong>Baths Specifications</strong></u></p> 
<ul> 
 <li>Bathroom Cabinets:&nbsp;Bathroom Cabinets - Studio Beige or Bishop Oak</li> 
 <li>Bathroom Sink:&nbsp;Square China Sink w/ Pop Up</li> 
 <li>Bathroom Lighting:&nbsp;1 Recessed LED Light - Secondary Bedrooms / Recessed LED Lights Over Bath Sinks</li> 
 <li>Bathroom Countertops:&nbsp;Laminate Countertops - Color Per Order Specs</li> 
 <li>Bathroom Faucets:&nbsp;Weller - Brushed Nickel 2 - Handle Faucets / Low Flow Faucets and Shower Fixtures</li> 
 <li>Bathroom Fans:&nbsp;Power Exhaust Bath Fan</li> 
 <li>Bathroom Additional Specs:&nbsp;Privacy Locks on all Baths</li> 
 <li>Bathroom Backsplash:&nbsp;4"" Laminate Backsplash Throughout (NO Sidesplash)</li> 
 <li>Bathroom Shower:&nbsp;60"" Fiberglass Double Seat Shower w/ Framed Door (Most Baths) - See Print / Fiberglass 60 x 32 Tub Shower - Center Drain guest baths</li> 
 <li>Bathroom Toilet Type:&nbsp;Elongated Stool</li> 
 <li>Bathroom Mirror:&nbsp;Framed Mirror</li> 
</ul>",,,,,,,Clayton Homes
Product_Tem-17,Product,My Girl,"<p>&nbsp;</p><p><strong>BEDS:</strong>&nbsp;3&nbsp; &nbsp; &nbsp;<strong>BATHS:</strong>&nbsp;2&nbsp; &nbsp; &nbsp;<strong>SQ FT:</strong>&nbsp;1,344&nbsp; &nbsp; &nbsp;</p><p><strong>W X L:</strong>&nbsp;24′&nbsp;x 56′</p><p>The Tempo / My Girl – Flipped built by Golden West Homes offers 1,344 square feet of beautifully arranged living space, featuring 3 bedrooms and 2 bathrooms. This manufactured home combines modern functionality with cozy comfort, providing open living areas perfect for family gatherings and private bedrooms that serve as a peaceful escape. The My Girl – Flipped is an ideal choice for families or individuals seeking a stylish home that balances everyday practicality with a welcoming atmosphere, making it perfect for relaxed living.</p><p>&nbsp;</p>",866235_775331bae48e498bb0405e85d1fd56dd~mv2.webp;866235_916c47a3182940e1a46f3fd215f3df0d~mv2.png,"Double-Section;Tempo;Marlette;Golden West;1,000 - 1,500",55TMP24563AH,"1,344 SQ FT",0,,TRUE,PERCENT,0,InStock,,,,,,,,,,,,,,,,,,,,,3D Tour and Downloads,"<p><u><a href=""https://86623596-2b11-4ff5-aa33-cf74cb1ae58a.usrfiles.com/ugd/5db61f_3c6ed54abda140ff93ccef96aa5d5397.pdf"" target=""_blank"">Click Here to Download PDF</a></u></p> 
<p>&nbsp;</p> 
<p><a href=""https://my.matterport.com/show?play=1&amp;lang=en-US&amp;m=Wto8MAYERdB"" target=""_blank""><u>Click Here for Virtual Tour</u></a></p>",Construction Specifications,"<p>&nbsp;</p> 
<ul> 
 <li>Ac Ready:&nbsp;Heat Pump / Air Conditioner Ready / Whole House Ventilation System</li> 
 <li>Additional Specs:&nbsp;eBuilt Home / Energy Star Certified / Vented Ridgecap (50% of Ridgeline) / Housewrap Under Siding - All Around / Smart Panel Soffit - Vented / 8"" Cement Facia w/ Painted Drip Edge to Match / 9"" Setback Frame / Brown Composite Porch Decking (if Applicable)</li> 
 <li>Exterior Wall On Center:&nbsp;16"" o.c.</li> 
 <li>Exterior Wall Studs:&nbsp;2 x 6 Exterior Walls</li> 
 <li>Floor Decking:&nbsp;19/32"" T&amp;G OSB Floor Decking</li> 
 <li>Floor Joists:&nbsp;12' Wide Floors = 2 x 6 Floor Joists - 16"" o.c. / 13' 4"" Floors = 2 x 6 Floor Joists - 16"" o.c. / 13' 4"" Wide Floors = 2 x 6 Floor Joists - 16"" o.c. / 15' Wide Floors = 2 x 6 Floor Joists - 16"" o.c.</li> 
 <li>Interior Wall On Center:&nbsp;24"" o.c.</li> 
 <li>Interior Wall Studs:&nbsp;2 x 3 Interior Walls</li> 
 <li>Roof Load:&nbsp;30# Roof Load - 24"" o.c. Rafters</li> 
 <li>Side Wall Height:&nbsp;8' Sidewalls w/ Flat Ceilings</li> 
 <li>Insulation (Floors):&nbsp;R 33 Inside I-Beams &amp; R 22 Outside I-Beams</li> 
 <li>Insulation (Walls):&nbsp;R 21</li> 
 <li>Insulation (Roof):&nbsp;R 38</li> 
 <li>Eaves:&nbsp;Single Section Homes = 4 1/2"" Sidewall &amp; 12"" Endwall (Nominal) / Multi Section Homes = 6"" Sidewall &amp; 12"" Endwall (Nominal)</li> 
</ul>",Exterior Specifications,"<ul> 
 <li>Additional Specs:&nbsp;Spring Doorstops - All Exterior Doors</li> 
 <li>Dormer:&nbsp;16' Dormer Multi Section Homes - Per Print (N/A on Porch Models) / Columns at Dormer Valleys / Accent Paint Between Columns and Under Dormer</li> 
 <li>Front Door:&nbsp;36"" Craftsman Fiberglass w/ Matte Black Thumblatch</li> 
 <li>Rear Door:&nbsp;36"" 9 Lite Fiberglass w/ Brushed Nickel Egg Knob</li> 
 <li>Roof Pitch:&nbsp;Single Section Homes = 4/12 Roof Pitch / Multi Section Homes = Nominal 3/12 Roof Pitch</li> 
 <li>Shingles:&nbsp;Architectural Shingles - Color: Weathered Wood</li> 
 <li>Siding:&nbsp;3/8"" LP Smartpanel Vertical Siding</li> 
 <li>Window Trim:&nbsp;4"" LP Window Trim</li> 
 <li>Window Type:&nbsp;White Vinyl Framed, Argon Gas, Low ""E"" Windows</li> 
 <li>Exterior Lighting:&nbsp;Black Lantern Style Exterior Light w/ LED Bulb - Front Door / Jelly Jar Style Exterior Light w/ LED Bulb - Back Door(s)</li> 
 <li>Exterior Outlets:&nbsp;Exterior GFI Receptacle (2) - Front and Back - Per Print</li> 
</ul>",Interior Specifications,"<ul> 
 <li>Baseboards:&nbsp;3 1/2"" White Baseboard Throughout (Closets w/ Doors &amp; Pantries = 2"" Batton)</li> 
 <li>Ceiling Fans:&nbsp;Wire &amp; Brace for Fan - Living Room and Primary Bedroom</li> 
 <li>Ceiling Type Or Grade:&nbsp;2 1/4"" White Ceiling Trim (Closets w/ Doors &amp; Pantries = 2"" Batton)</li> 
 <li>Safety Alarms:&nbsp;Combination CO / Smoke Detector</li> 
 <li>Window Type:&nbsp;White Cased Window Wrap - All Windows</li> 
 <li>Wall Finish:&nbsp;Orange Peel Drywall Texture / Square Drywall Corners</li> 
 <li>Interior Doors:&nbsp;White Cathedral Interior Doors w/ 3 Hinges / 2 1/4"" White Door Casing (Closets w/ Doors &amp; Pantries = 2"" Batton)</li> 
 <li>Interior Lighting:&nbsp;Recessed LED Lights - Per Electrical Print</li> 
 <li>Interior Flooring:&nbsp;LUX Aged European Oak LX 311 - Vinyl Sheet Flooring - Per Print</li> 
 <li>Cabinetry &amp; Counters:&nbsp;Wire Shelving in Closets, Linens and Pantries / Full Hardwood Cabinet System - Doors, Face Frames and Sidepanels / 42"" Overhead Cabinets / Flat Crown Moulding on Overheads / Blonde Maple Lined Base &amp; Overhead Cabinets / Cabinet Matched Liner Behind Refrigerator / 1 Fixed Half Shelf in Base Cabinets (1/2"" Thick w/ Cleats) / 1 Fixed Shelf in Overhead Cabinets (1/2"" Thick w/ Wrapped Cleats)</li> 
 <li>Interior Paint:&nbsp;Interior Paint = Greek Villa SW 7551 (Flat Finish)</li> 
 <li>Carpet Type Or Grade:&nbsp;25 oz. New Wave Carpet - Color: Weathered (Multi Sections Only) - Shipped Loose / 5# Carpet Pad</li> 
</ul>",Utilities Specifications,"<p>Electrical Service:&nbsp;200 Amp Electrical Service / Solar and Wind-Ready w/ 1"" Conduit<br> Furnace:&nbsp;Electric Furnace - Sized in Accordance w/ ACCA Manual S &amp; Manual J<br> Heat Duct Registers:&nbsp;In-Floor Crossover Heat Duct System<br> Other:&nbsp;Hose Bibb (2) - Front and Back - Per Print<br> Shut Off Valves Throughout:&nbsp;Whole House Master Water Shut-Off Valve<br> Thermostat:&nbsp;ecobee Programmable Thermostat<br> Washer Dryer Plumb Wire:&nbsp;Plumbed and Wired for Clothes Washer &amp; Dryer<br> Water Heater:&nbsp;Rheem 40 Gallon Hybrid Heat Pump Water Heater<br> Water Shut Off Valves:&nbsp;Shut Off Valves at all Sinks and Commodes<br> Door Hardware:&nbsp;Brushed Nickel Egg Shaped Interior Door Knobs</p>",Kitchen & Baths Specifications,"<p><u><strong>Kitchen Specifications</strong></u></p> 
<ul> 
 <li>Kitchen Sink:&nbsp;Kitchen Sink - 8"" Deep Stainless</li> 
 <li>Kitchen Refrigerator:&nbsp;Energy Star Rated 18 Cu. Ft . Refrigerator - Stainless / Plumb Only for Icemaker</li> 
 <li>Kitchen Range Type:&nbsp;Smooth Top Self-Cleaning Electric Range - Stainless</li> 
 <li>Kitchen Range Hood:&nbsp;Designer Rangehood - Stainless</li> 
 <li>Kitchen Faucets:&nbsp;Stellen - 1-Handle Pull Down Kitchen Faucet - Stainless</li> 
 <li>Kitchen Drawer Type:&nbsp;Metal Roller Drawer Guides / Bank of Drawers - Kitchen (2 Large &amp; 1 Small)</li> 
 <li>Kitchen Dishwasher:&nbsp;Energy Star Rated Dishwasher - Stainless</li> 
 <li>Kitchen Countertops:&nbsp;Laminate Countertops - Color Per Order Specs</li> 
 <li>Kitchen Cabinetry:&nbsp;Kitchen Perimeter Cabinets - Studio Beige or Bishop Oak / Island Bar Cabinets - Onyx Black or Plover</li> 
 <li>Kitchen Backsplash:&nbsp;4"" Laminate Backsplash Throughout (NO Sidesplash)</li> 
</ul> 
<p>&nbsp;</p> 
<p><u><strong>Baths Specifications</strong></u></p> 
<ul> 
 <li>Bathroom Cabinets:&nbsp;Bathroom Cabinets - Studio Beige or Bishop Oak</li> 
 <li>Bathroom Sink:&nbsp;Square China Sink w/ Pop Up</li> 
 <li>Bathroom Lighting:&nbsp;1 Recessed LED Light - Secondary Bedrooms / Recessed LED Lights Over Bath Sinks</li> 
 <li>Bathroom Countertops:&nbsp;Laminate Countertops - Color Per Order Specs</li> 
 <li>Bathroom Faucets:&nbsp;Weller - Brushed Nickel 2 - Handle Faucets / Low Flow Faucets and Shower Fixtures</li> 
 <li>Bathroom Fans:&nbsp;Power Exhaust Bath Fan</li> 
 <li>Bathroom Additional Specs:&nbsp;Privacy Locks on all Baths</li> 
 <li>Bathroom Backsplash:&nbsp;4"" Laminate Backsplash Throughout (NO Sidesplash)</li> 
 <li>Bathroom Shower:&nbsp;60"" Fiberglass Double Seat Shower w/ Framed Door (Most Baths) - See Print / Fiberglass 60 x 32 Tub Shower - Center Drain guest baths</li> 
 <li>Bathroom Toilet Type:&nbsp;Elongated Stool</li> 
 <li>Bathroom Mirror:&nbsp;Framed Mirror</li> 
</ul>",,,,,,,Clayton Homes
Product_Tem-18,Product,Whole Lotta Love (Porch),"<p>&nbsp;</p><p><strong>BEDS:</strong>&nbsp;3&nbsp; &nbsp; &nbsp;<strong>BATHS:</strong>&nbsp;2&nbsp; &nbsp; &nbsp;<strong>SQ FT:</strong>&nbsp;1,272&nbsp; &nbsp; &nbsp;</p><p><strong>W X L:</strong>&nbsp;24′&nbsp;x 56′</p><p>The Tempo / Whole Lotta Love built by Golden West Homes offers 1,272 square feet of thoughtfully designed living space, featuring 3 bedrooms and 2 bathrooms. This manufactured home balances style and functionality, with open areas perfect for gatherings and private bedrooms that create a cozy retreat. The Whole Lotta Love is an ideal choice for families or individuals seeking a modern home that combines practical living with a warm, inviting atmosphere, making it perfect for both everyday life and memorable moments.</p><p>&nbsp;</p>",866235_ec3adab466d94ad5983ed4ba04fbfbd4~mv2.webp;866235_6d368c2ddd8b4e1aa789396fe43f7e1d~mv2.png,"Double-Section;Tempo;Marlette;Golden West;500 - 1,000",51TIP24563AH,"1,272 SQ FT",0,,TRUE,PERCENT,0,InStock,,,,,,,,,,,,,,,,,,,,,3D Tour and Downloads,"<p><u><a href=""https://86623596-2b11-4ff5-aa33-cf74cb1ae58a.usrfiles.com/ugd/5db61f_a63e3f0ebab1421e995cfc1250b9134f.pdf"" target=""_blank"">Click Here to Download PDF</a></u></p> 
<p>&nbsp;</p> 
<p><a href=""https://momento360.com/e/uc/8ff1bfaf8f1b44b196157f476b9d15e6"" target=""_blank""><u>Click Here for Virtual Tour</u></a></p>",Construction Specifications,"<p>&nbsp;</p> 
<ul> 
 <li>Ac Ready:&nbsp;Heat Pump / Air Conditioner Ready / Whole House Ventilation System</li> 
 <li>Additional Specs:&nbsp;eBuilt Home / Energy Star Certified / Vented Ridgecap (50% of Ridgeline) / Housewrap Under Siding - All Around / Smart Panel Soffit - Vented / 8"" Cement Facia w/ Painted Drip Edge to Match / 9"" Setback Frame / Brown Composite Porch Decking (if Applicable)</li> 
 <li>Exterior Wall On Center:&nbsp;16"" o.c.</li> 
 <li>Exterior Wall Studs:&nbsp;2 x 6 Exterior Walls</li> 
 <li>Floor Decking:&nbsp;19/32"" T&amp;G OSB Floor Decking</li> 
 <li>Floor Joists:&nbsp;12' Wide Floors = 2 x 6 Floor Joists - 16"" o.c. / 13' 4"" Floors = 2 x 6 Floor Joists - 16"" o.c. / 13' 4"" Wide Floors = 2 x 6 Floor Joists - 16"" o.c. / 15' Wide Floors = 2 x 6 Floor Joists - 16"" o.c.</li> 
 <li>Interior Wall On Center:&nbsp;24"" o.c.</li> 
 <li>Interior Wall Studs:&nbsp;2 x 3 Interior Walls</li> 
 <li>Roof Load:&nbsp;30# Roof Load - 24"" o.c. Rafters</li> 
 <li>Side Wall Height:&nbsp;8' Sidewalls w/ Flat Ceilings</li> 
 <li>Insulation (Floors):&nbsp;R 33 Inside I-Beams &amp; R 22 Outside I-Beams</li> 
 <li>Insulation (Walls):&nbsp;R 21</li> 
 <li>Insulation (Roof):&nbsp;R 38</li> 
 <li>Eaves:&nbsp;Single Section Homes = 4 1/2"" Sidewall &amp; 12"" Endwall (Nominal) / Multi Section Homes = 6"" Sidewall &amp; 12"" Endwall (Nominal)</li> 
</ul>",Exterior Specifications,"<ul> 
 <li>Additional Specs:&nbsp;Spring Doorstops - All Exterior Doors</li> 
 <li>Dormer:&nbsp;16' Dormer Multi Section Homes - Per Print (N/A on Porch Models) / Columns at Dormer Valleys / Accent Paint Between Columns and Under Dormer</li> 
 <li>Front Door:&nbsp;36"" Craftsman Fiberglass w/ Matte Black Thumblatch</li> 
 <li>Rear Door:&nbsp;36"" 9 Lite Fiberglass w/ Brushed Nickel Egg Knob</li> 
 <li>Roof Pitch:&nbsp;Single Section Homes = 4/12 Roof Pitch / Multi Section Homes = Nominal 3/12 Roof Pitch</li> 
 <li>Shingles:&nbsp;Architectural Shingles - Color: Weathered Wood</li> 
 <li>Siding:&nbsp;3/8"" LP Smartpanel Vertical Siding</li> 
 <li>Window Trim:&nbsp;4"" LP Window Trim</li> 
 <li>Window Type:&nbsp;White Vinyl Framed, Argon Gas, Low ""E"" Windows</li> 
 <li>Exterior Lighting:&nbsp;Black Lantern Style Exterior Light w/ LED Bulb - Front Door / Jelly Jar Style Exterior Light w/ LED Bulb - Back Door(s)</li> 
 <li>Exterior Outlets:&nbsp;Exterior GFI Receptacle (2) - Front and Back - Per Print</li> 
</ul>",Interior Specifications,"<ul> 
 <li>Baseboards:&nbsp;3 1/2"" White Baseboard Throughout (Closets w/ Doors &amp; Pantries = 2"" Batton)</li> 
 <li>Ceiling Fans:&nbsp;Wire &amp; Brace for Fan - Living Room and Primary Bedroom</li> 
 <li>Ceiling Type Or Grade:&nbsp;2 1/4"" White Ceiling Trim (Closets w/ Doors &amp; Pantries = 2"" Batton)</li> 
 <li>Safety Alarms:&nbsp;Combination CO / Smoke Detector</li> 
 <li>Window Type:&nbsp;White Cased Window Wrap - All Windows</li> 
 <li>Wall Finish:&nbsp;Orange Peel Drywall Texture / Square Drywall Corners</li> 
 <li>Interior Doors:&nbsp;White Cathedral Interior Doors w/ 3 Hinges / 2 1/4"" White Door Casing (Closets w/ Doors &amp; Pantries = 2"" Batton)</li> 
 <li>Interior Lighting:&nbsp;Recessed LED Lights - Per Electrical Print</li> 
 <li>Interior Flooring:&nbsp;LUX Aged European Oak LX 311 - Vinyl Sheet Flooring - Per Print</li> 
 <li>Cabinetry &amp; Counters:&nbsp;Wire Shelving in Closets, Linens and Pantries / Full Hardwood Cabinet System - Doors, Face Frames and Sidepanels / 42"" Overhead Cabinets / Flat Crown Moulding on Overheads / Blonde Maple Lined Base &amp; Overhead Cabinets / Cabinet Matched Liner Behind Refrigerator / 1 Fixed Half Shelf in Base Cabinets (1/2"" Thick w/ Cleats) / 1 Fixed Shelf in Overhead Cabinets (1/2"" Thick w/ Wrapped Cleats)</li> 
 <li>Interior Paint:&nbsp;Interior Paint = Greek Villa SW 7551 (Flat Finish)</li> 
 <li>Carpet Type Or Grade:&nbsp;25 oz. New Wave Carpet - Color: Weathered (Multi Sections Only) - Shipped Loose / 5# Carpet Pad</li> 
</ul>",Utilities Specifications,"<p>Electrical Service:&nbsp;200 Amp Electrical Service / Solar and Wind-Ready w/ 1"" Conduit<br> Furnace:&nbsp;Electric Furnace - Sized in Accordance w/ ACCA Manual S &amp; Manual J<br> Heat Duct Registers:&nbsp;In-Floor Crossover Heat Duct System<br> Other:&nbsp;Hose Bibb (2) - Front and Back - Per Print<br> Shut Off Valves Throughout:&nbsp;Whole House Master Water Shut-Off Valve<br> Thermostat:&nbsp;ecobee Programmable Thermostat<br> Washer Dryer Plumb Wire:&nbsp;Plumbed and Wired for Clothes Washer &amp; Dryer<br> Water Heater:&nbsp;Rheem 40 Gallon Hybrid Heat Pump Water Heater<br> Water Shut Off Valves:&nbsp;Shut Off Valves at all Sinks and Commodes<br> Door Hardware:&nbsp;Brushed Nickel Egg Shaped Interior Door Knobs</p>",Kitchen & Baths Specifications,"<p><u><strong>Kitchen Specifications</strong></u></p> 
<ul> 
 <li>Kitchen Sink:&nbsp;Kitchen Sink - 8"" Deep Stainless</li> 
 <li>Kitchen Refrigerator:&nbsp;Energy Star Rated 18 Cu. Ft . Refrigerator - Stainless / Plumb Only for Icemaker</li> 
 <li>Kitchen Range Type:&nbsp;Smooth Top Self-Cleaning Electric Range - Stainless</li> 
 <li>Kitchen Range Hood:&nbsp;Designer Rangehood - Stainless</li> 
 <li>Kitchen Faucets:&nbsp;Stellen - 1-Handle Pull Down Kitchen Faucet - Stainless</li> 
 <li>Kitchen Drawer Type:&nbsp;Metal Roller Drawer Guides / Bank of Drawers - Kitchen (2 Large &amp; 1 Small)</li> 
 <li>Kitchen Dishwasher:&nbsp;Energy Star Rated Dishwasher - Stainless</li> 
 <li>Kitchen Countertops:&nbsp;Laminate Countertops - Color Per Order Specs</li> 
 <li>Kitchen Cabinetry:&nbsp;Kitchen Perimeter Cabinets - Studio Beige or Bishop Oak / Island Bar Cabinets - Onyx Black or Plover</li> 
 <li>Kitchen Backsplash:&nbsp;4"" Laminate Backsplash Throughout (NO Sidesplash)</li> 
</ul> 
<p>&nbsp;</p> 
<p><u><strong>Baths Specifications</strong></u></p> 
<ul> 
 <li>Bathroom Cabinets:&nbsp;Bathroom Cabinets - Studio Beige or Bishop Oak</li> 
 <li>Bathroom Sink:&nbsp;Square China Sink w/ Pop Up</li> 
 <li>Bathroom Lighting:&nbsp;1 Recessed LED Light - Secondary Bedrooms / Recessed LED Lights Over Bath Sinks</li> 
 <li>Bathroom Countertops:&nbsp;Laminate Countertops - Color Per Order Specs</li> 
 <li>Bathroom Faucets:&nbsp;Weller - Brushed Nickel 2 - Handle Faucets / Low Flow Faucets and Shower Fixtures</li> 
 <li>Bathroom Fans:&nbsp;Power Exhaust Bath Fan</li> 
 <li>Bathroom Additional Specs:&nbsp;Privacy Locks on all Baths</li> 
 <li>Bathroom Backsplash:&nbsp;4"" Laminate Backsplash Throughout (NO Sidesplash)</li> 
 <li>Bathroom Shower:&nbsp;60"" Fiberglass Double Seat Shower w/ Framed Door (Most Baths) - See Print / Fiberglass 60 x 32 Tub Shower - Center Drain guest baths</li> 
 <li>Bathroom Toilet Type:&nbsp;Elongated Stool</li> 
 <li>Bathroom Mirror:&nbsp;Framed Mirror</li> 
</ul>",,,,,,,Clayton Homes
Product_Tem-11,Product,Sweet Dreams,"<p><strong>BEDS:</strong>&nbsp;3&nbsp; &nbsp; &nbsp;<strong>BATHS:</strong>&nbsp;2&nbsp; &nbsp; &nbsp;<strong>SQ FT:</strong>&nbsp;1,067&nbsp; &nbsp; &nbsp;<strong>W X L:</strong>&nbsp;27′ &nbsp;x 40′&nbsp;</p><p>The Tempo / Sweet Dreams built by Golden West Homes offers 1,067&nbsp;square feet of thoughtfully designed living space, featuring 3 bedrooms and 2 bathrooms. This manufactured home balances style and functionality, with open areas perfect for gatherings and private bedrooms that create a cozy retreat. The Sweet Dreams is an ideal choice for families or individuals seeking a modern home that combines practical living with a warm, inviting atmosphere, making it perfect for both everyday life and memorable moments.</p>",866235_4972ef9b49a04d1a9cda144e0b98f47a~mv2.webp;866235_63705068dbf34ff2b617d6539f6ae806~mv2.png;866235_e279cd72e3844b96bee2652ede9a1329~mv2.jpg;866235_4b585d4fac50423ab841ce4c789a9332~mv2.jpg;866235_94268ec18641461aa9bf85314a3926e1~mv2.jpg;866235_51c7a8c288a14505959695e0d32d2877~mv2.jpg;866235_24cdd0424cfe4ad0b3852f43a9f6dbcf~mv2.jpg,"Double-Section;Tempo;Marlette;Homes on Display;Golden West;1,000 - 1,500",51TEM28403AH,"1,067 SQ FT",0,,TRUE,PERCENT,0,InStock,,,,,,,,,,,,,,,,,,,,,3D Tour and Downloads,"<p><u><a href=""https://86623596-2b11-4ff5-aa33-cf74cb1ae58a.usrfiles.com/ugd/5db61f_2f80179bcddb45fe9875f77653d8dad1.pdf"" target=""_blank"">Click Here to Download PDF</a></u></p> 
<p>&nbsp;</p> 
<p><a href=""https://cadelmvh.github.io/Tempo-SweetDreams-Timberlakes/"" target=""_blank""><u>Click Here for Virtual Tour</u></a></p>",Construction Specifications,"<p>&nbsp;</p> 
<ul> 
 <li>Ac Ready:&nbsp;Heat Pump / Air Conditioner Ready / Whole House Ventilation System</li> 
 <li>Additional Specs:&nbsp;eBuilt Home / Energy Star Certified / Vented Ridgecap (50% of Ridgeline) / Housewrap Under Siding - All Around / Smart Panel Soffit - Vented / 8"" Cement Facia w/ Painted Drip Edge to Match / 9"" Setback Frame / Brown Composite Porch Decking (if Applicable)</li> 
 <li>Exterior Wall On Center:&nbsp;16"" o.c.</li> 
 <li>Exterior Wall Studs:&nbsp;2 x 6 Exterior Walls</li> 
 <li>Floor Decking:&nbsp;19/32"" T&amp;G OSB Floor Decking</li> 
 <li>Floor Joists:&nbsp;12' Wide Floors = 2 x 6 Floor Joists - 16"" o.c. / 13' 4"" Floors = 2 x 6 Floor Joists - 16"" o.c. / 13' 4"" Wide Floors = 2 x 6 Floor Joists - 16"" o.c. / 15' Wide Floors = 2 x 6 Floor Joists - 16"" o.c.</li> 
 <li>Interior Wall On Center:&nbsp;24"" o.c.</li> 
 <li>Interior Wall Studs:&nbsp;2 x 3 Interior Walls</li> 
 <li>Roof Load:&nbsp;30# Roof Load - 24"" o.c. Rafters</li> 
 <li>Side Wall Height:&nbsp;8' Sidewalls w/ Flat Ceilings</li> 
 <li>Insulation (Floors):&nbsp;R 33 Inside I-Beams &amp; R 22 Outside I-Beams</li> 
 <li>Insulation (Walls):&nbsp;R 21</li> 
 <li>Insulation (Roof):&nbsp;R 38</li> 
 <li>Eaves:&nbsp;Single Section Homes = 4 1/2"" Sidewall &amp; 12"" Endwall (Nominal) / Multi Section Homes = 6"" Sidewall &amp; 12"" Endwall (Nominal)</li> 
</ul>",Exterior Specifications,"<ul> 
 <li>Additional Specs:&nbsp;Spring Doorstops - All Exterior Doors</li> 
 <li>Dormer:&nbsp;16' Dormer Multi Section Homes - Per Print (N/A on Porch Models) / Columns at Dormer Valleys / Accent Paint Between Columns and Under Dormer</li> 
 <li>Front Door:&nbsp;36"" Craftsman Fiberglass w/ Matte Black Thumblatch</li> 
 <li>Rear Door:&nbsp;36"" 9 Lite Fiberglass w/ Brushed Nickel Egg Knob</li> 
 <li>Roof Pitch:&nbsp;Single Section Homes = 4/12 Roof Pitch / Multi Section Homes = Nominal 3/12 Roof Pitch</li> 
 <li>Shingles:&nbsp;Architectural Shingles - Color: Weathered Wood</li> 
 <li>Siding:&nbsp;3/8"" LP Smartpanel Vertical Siding</li> 
 <li>Window Trim:&nbsp;4"" LP Window Trim</li> 
 <li>Window Type:&nbsp;White Vinyl Framed, Argon Gas, Low ""E"" Windows</li> 
 <li>Exterior Lighting:&nbsp;Black Lantern Style Exterior Light w/ LED Bulb - Front Door / Jelly Jar Style Exterior Light w/ LED Bulb - Back Door(s)</li> 
 <li>Exterior Outlets:&nbsp;Exterior GFI Receptacle (2) - Front and Back - Per Print</li> 
</ul>",Interior Specifications,"<ul> 
 <li>Baseboards:&nbsp;3 1/2"" White Baseboard Throughout (Closets w/ Doors &amp; Pantries = 2"" Batton)</li> 
 <li>Ceiling Fans:&nbsp;Wire &amp; Brace for Fan - Living Room and Primary Bedroom</li> 
 <li>Ceiling Type Or Grade:&nbsp;2 1/4"" White Ceiling Trim (Closets w/ Doors &amp; Pantries = 2"" Batton)</li> 
 <li>Safety Alarms:&nbsp;Combination CO / Smoke Detector</li> 
 <li>Window Type:&nbsp;White Cased Window Wrap - All Windows</li> 
 <li>Wall Finish:&nbsp;Orange Peel Drywall Texture / Square Drywall Corners</li> 
 <li>Interior Doors:&nbsp;White Cathedral Interior Doors w/ 3 Hinges / 2 1/4"" White Door Casing (Closets w/ Doors &amp; Pantries = 2"" Batton)</li> 
 <li>Interior Lighting:&nbsp;Recessed LED Lights - Per Electrical Print</li> 
 <li>Interior Flooring:&nbsp;LUX Aged European Oak LX 311 - Vinyl Sheet Flooring - Per Print</li> 
 <li>Cabinetry &amp; Counters:&nbsp;Wire Shelving in Closets, Linens and Pantries / Full Hardwood Cabinet System - Doors, Face Frames and Sidepanels / 42"" Overhead Cabinets / Flat Crown Moulding on Overheads / Blonde Maple Lined Base &amp; Overhead Cabinets / Cabinet Matched Liner Behind Refrigerator / 1 Fixed Half Shelf in Base Cabinets (1/2"" Thick w/ Cleats) / 1 Fixed Shelf in Overhead Cabinets (1/2"" Thick w/ Wrapped Cleats)</li> 
 <li>Interior Paint:&nbsp;Interior Paint = Greek Villa SW 7551 (Flat Finish)</li> 
 <li>Carpet Type Or Grade:&nbsp;25 oz. New Wave Carpet - Color: Weathered (Multi Sections Only) - Shipped Loose / 5# Carpet Pad</li> 
</ul>",Utilities Specifications,"<p>Electrical Service:&nbsp;200 Amp Electrical Service / Solar and Wind-Ready w/ 1"" Conduit<br> Furnace:&nbsp;Electric Furnace - Sized in Accordance w/ ACCA Manual S &amp; Manual J<br> Heat Duct Registers:&nbsp;In-Floor Crossover Heat Duct System<br> Other:&nbsp;Hose Bibb (2) - Front and Back - Per Print<br> Shut Off Valves Throughout:&nbsp;Whole House Master Water Shut-Off Valve<br> Thermostat:&nbsp;ecobee Programmable Thermostat<br> Washer Dryer Plumb Wire:&nbsp;Plumbed and Wired for Clothes Washer &amp; Dryer<br> Water Heater:&nbsp;Rheem 40 Gallon Hybrid Heat Pump Water Heater<br> Water Shut Off Valves:&nbsp;Shut Off Valves at all Sinks and Commodes<br> Door Hardware:&nbsp;Brushed Nickel Egg Shaped Interior Door Knobs</p>",Kitchen & Baths Specifications,"<p><u><strong>Kitchen Specifications</strong></u></p> 
<ul> 
 <li>Kitchen Sink:&nbsp;Kitchen Sink - 8"" Deep Stainless</li> 
 <li>Kitchen Refrigerator:&nbsp;Energy Star Rated 18 Cu. Ft . Refrigerator - Stainless / Plumb Only for Icemaker</li> 
 <li>Kitchen Range Type:&nbsp;Smooth Top Self-Cleaning Electric Range - Stainless</li> 
 <li>Kitchen Range Hood:&nbsp;Designer Rangehood - Stainless</li> 
 <li>Kitchen Faucets:&nbsp;Stellen - 1-Handle Pull Down Kitchen Faucet - Stainless</li> 
 <li>Kitchen Drawer Type:&nbsp;Metal Roller Drawer Guides / Bank of Drawers - Kitchen (2 Large &amp; 1 Small)</li> 
 <li>Kitchen Dishwasher:&nbsp;Energy Star Rated Dishwasher - Stainless</li> 
 <li>Kitchen Countertops:&nbsp;Laminate Countertops - Color Per Order Specs</li> 
 <li>Kitchen Cabinetry:&nbsp;Kitchen Perimeter Cabinets - Studio Beige or Bishop Oak / Island Bar Cabinets - Onyx Black or Plover</li> 
 <li>Kitchen Backsplash:&nbsp;4"" Laminate Backsplash Throughout (NO Sidesplash)</li> 
</ul> 
<p>&nbsp;</p> 
<p><u><strong>Baths Specifications</strong></u></p> 
<ul> 
 <li>Bathroom Cabinets:&nbsp;Bathroom Cabinets - Studio Beige or Bishop Oak</li> 
 <li>Bathroom Sink:&nbsp;Square China Sink w/ Pop Up</li> 
 <li>Bathroom Lighting:&nbsp;1 Recessed LED Light - Secondary Bedrooms / Recessed LED Lights Over Bath Sinks</li> 
 <li>Bathroom Countertops:&nbsp;Laminate Countertops - Color Per Order Specs</li> 
 <li>Bathroom Faucets:&nbsp;Weller - Brushed Nickel 2 - Handle Faucets / Low Flow Faucets and Shower Fixtures</li> 
 <li>Bathroom Fans:&nbsp;Power Exhaust Bath Fan</li> 
 <li>Bathroom Additional Specs:&nbsp;Privacy Locks on all Baths</li> 
 <li>Bathroom Backsplash:&nbsp;4"" Laminate Backsplash Throughout (NO Sidesplash)</li> 
 <li>Bathroom Shower:&nbsp;60"" Fiberglass Double Seat Shower w/ Framed Door (Most Baths) - See Print / Fiberglass 60 x 32 Tub Shower - Center Drain guest baths</li> 
 <li>Bathroom Toilet Type:&nbsp;Elongated Stool</li> 
 <li>Bathroom Mirror:&nbsp;Framed Mirror</li> 
</ul>",,,,,,,Clayton Homes
Product_Tem-19,Product,Beautiful Morning,"<p><strong>BEDS:</strong>&nbsp;3&nbsp; &nbsp; &nbsp;<strong>BATHS:</strong>&nbsp;2&nbsp; &nbsp; &nbsp;<strong>SQ FT:</strong>&nbsp;1,173&nbsp; &nbsp; &nbsp;</p><p><strong>W X L:</strong>&nbsp;27′&nbsp;x 44′</p><p>The Tempo / Beautiful Morning built by Golden West Homes offers 1,173 square feet of thoughtfully crafted living space, featuring 3 bedrooms and 2 bathrooms. This manufactured home is designed for comfort and functionality, providing open areas ideal for family gatherings and private bedrooms that offer a serene retreat. The Beautiful Morning is an excellent choice for families or individuals seeking a stylish home that combines practicality with a warm, inviting atmosphere, making everyday living enjoyable and relaxing.</p><p>&nbsp;</p>",866235_494025bcde1745c9b7d66edd37f22391~mv2.webp;866235_6fafbdff91874d70a3400f0157fa44c7~mv2.png;866235_c5930d2f66d9495ab035e5bef199b372~mv2.jpg;866235_9ec302f1c3494d7782c32b9af435fe86~mv2.jpg;866235_d79059648787440baf5e4bb3aafaef19~mv2.jpg,"Double-Section;Tempo;Marlette;Golden West;1,000 - 1,500",55TEM28443AH,"1,173 SQ FT",0,,TRUE,PERCENT,0,InStock,,,,,,,,,,,,,,,,,,,,,3D Tour and Downloads,"<p><u><a href=""https://86623596-2b11-4ff5-aa33-cf74cb1ae58a.usrfiles.com/ugd/5db61f_b2c333133d784ae9bcfc27ed667a8379.pdf"" target=""_blank"">Click Here to Download PDF</a></u></p> 
<p>&nbsp;</p> 
<p><a href=""https://momento360.com/e/uc/9641df1bdecf4eb8b682635658efbe5b"" target=""_blank""><u>Click Here for Virtual Tour</u></a></p>",Construction Specifications,"<p>&nbsp;</p> 
<ul> 
 <li>Ac Ready:&nbsp;Heat Pump / Air Conditioner Ready / Whole House Ventilation System</li> 
 <li>Additional Specs:&nbsp;eBuilt Home / Energy Star Certified / Vented Ridgecap (50% of Ridgeline) / Housewrap Under Siding - All Around / Smart Panel Soffit - Vented / 8"" Cement Facia w/ Painted Drip Edge to Match / 9"" Setback Frame / Brown Composite Porch Decking (if Applicable)</li> 
 <li>Exterior Wall On Center:&nbsp;16"" o.c.</li> 
 <li>Exterior Wall Studs:&nbsp;2 x 6 Exterior Walls</li> 
 <li>Floor Decking:&nbsp;19/32"" T&amp;G OSB Floor Decking</li> 
 <li>Floor Joists:&nbsp;12' Wide Floors = 2 x 6 Floor Joists - 16"" o.c. / 13' 4"" Floors = 2 x 6 Floor Joists - 16"" o.c. / 13' 4"" Wide Floors = 2 x 6 Floor Joists - 16"" o.c. / 15' Wide Floors = 2 x 6 Floor Joists - 16"" o.c.</li> 
 <li>Interior Wall On Center:&nbsp;24"" o.c.</li> 
 <li>Interior Wall Studs:&nbsp;2 x 3 Interior Walls</li> 
 <li>Roof Load:&nbsp;30# Roof Load - 24"" o.c. Rafters</li> 
 <li>Side Wall Height:&nbsp;8' Sidewalls w/ Flat Ceilings</li> 
 <li>Insulation (Floors):&nbsp;R 33 Inside I-Beams &amp; R 22 Outside I-Beams</li> 
 <li>Insulation (Walls):&nbsp;R 21</li> 
 <li>Insulation (Roof):&nbsp;R 38</li> 
 <li>Eaves:&nbsp;Single Section Homes = 4 1/2"" Sidewall &amp; 12"" Endwall (Nominal) / Multi Section Homes = 6"" Sidewall &amp; 12"" Endwall (Nominal)</li> 
</ul>",Exterior Specifications,"<ul> 
 <li>Additional Specs:&nbsp;Spring Doorstops - All Exterior Doors</li> 
 <li>Dormer:&nbsp;16' Dormer Multi Section Homes - Per Print (N/A on Porch Models) / Columns at Dormer Valleys / Accent Paint Between Columns and Under Dormer</li> 
 <li>Front Door:&nbsp;36"" Craftsman Fiberglass w/ Matte Black Thumblatch</li> 
 <li>Rear Door:&nbsp;36"" 9 Lite Fiberglass w/ Brushed Nickel Egg Knob</li> 
 <li>Roof Pitch:&nbsp;Single Section Homes = 4/12 Roof Pitch / Multi Section Homes = Nominal 3/12 Roof Pitch</li> 
 <li>Shingles:&nbsp;Architectural Shingles - Color: Weathered Wood</li> 
 <li>Siding:&nbsp;3/8"" LP Smartpanel Vertical Siding</li> 
 <li>Window Trim:&nbsp;4"" LP Window Trim</li> 
 <li>Window Type:&nbsp;White Vinyl Framed, Argon Gas, Low ""E"" Windows</li> 
 <li>Exterior Lighting:&nbsp;Black Lantern Style Exterior Light w/ LED Bulb - Front Door / Jelly Jar Style Exterior Light w/ LED Bulb - Back Door(s)</li> 
 <li>Exterior Outlets:&nbsp;Exterior GFI Receptacle (2) - Front and Back - Per Print</li> 
</ul>",Interior Specifications,"<ul> 
 <li>Baseboards:&nbsp;3 1/2"" White Baseboard Throughout (Closets w/ Doors &amp; Pantries = 2"" Batton)</li> 
 <li>Ceiling Fans:&nbsp;Wire &amp; Brace for Fan - Living Room and Primary Bedroom</li> 
 <li>Ceiling Type Or Grade:&nbsp;2 1/4"" White Ceiling Trim (Closets w/ Doors &amp; Pantries = 2"" Batton)</li> 
 <li>Safety Alarms:&nbsp;Combination CO / Smoke Detector</li> 
 <li>Window Type:&nbsp;White Cased Window Wrap - All Windows</li> 
 <li>Wall Finish:&nbsp;Orange Peel Drywall Texture / Square Drywall Corners</li> 
 <li>Interior Doors:&nbsp;White Cathedral Interior Doors w/ 3 Hinges / 2 1/4"" White Door Casing (Closets w/ Doors &amp; Pantries = 2"" Batton)</li> 
 <li>Interior Lighting:&nbsp;Recessed LED Lights - Per Electrical Print</li> 
 <li>Interior Flooring:&nbsp;LUX Aged European Oak LX 311 - Vinyl Sheet Flooring - Per Print</li> 
 <li>Cabinetry &amp; Counters:&nbsp;Wire Shelving in Closets, Linens and Pantries / Full Hardwood Cabinet System - Doors, Face Frames and Sidepanels / 42"" Overhead Cabinets / Flat Crown Moulding on Overheads / Blonde Maple Lined Base &amp; Overhead Cabinets / Cabinet Matched Liner Behind Refrigerator / 1 Fixed Half Shelf in Base Cabinets (1/2"" Thick w/ Cleats) / 1 Fixed Shelf in Overhead Cabinets (1/2"" Thick w/ Wrapped Cleats)</li> 
 <li>Interior Paint:&nbsp;Interior Paint = Greek Villa SW 7551 (Flat Finish)</li> 
 <li>Carpet Type Or Grade:&nbsp;25 oz. New Wave Carpet - Color: Weathered (Multi Sections Only) - Shipped Loose / 5# Carpet Pad</li> 
</ul>",Utilities Specifications,"<p>Electrical Service:&nbsp;200 Amp Electrical Service / Solar and Wind-Ready w/ 1"" Conduit<br> Furnace:&nbsp;Electric Furnace - Sized in Accordance w/ ACCA Manual S &amp; Manual J<br> Heat Duct Registers:&nbsp;In-Floor Crossover Heat Duct System<br> Other:&nbsp;Hose Bibb (2) - Front and Back - Per Print<br> Shut Off Valves Throughout:&nbsp;Whole House Master Water Shut-Off Valve<br> Thermostat:&nbsp;ecobee Programmable Thermostat<br> Washer Dryer Plumb Wire:&nbsp;Plumbed and Wired for Clothes Washer &amp; Dryer<br> Water Heater:&nbsp;Rheem 40 Gallon Hybrid Heat Pump Water Heater<br> Water Shut Off Valves:&nbsp;Shut Off Valves at all Sinks and Commodes<br> Door Hardware:&nbsp;Brushed Nickel Egg Shaped Interior Door Knobs</p>",Kitchen & Baths Specifications,"<p><u><strong>Kitchen Specifications</strong></u></p> 
<ul> 
 <li>Kitchen Sink:&nbsp;Kitchen Sink - 8"" Deep Stainless</li> 
 <li>Kitchen Refrigerator:&nbsp;Energy Star Rated 18 Cu. Ft . Refrigerator - Stainless / Plumb Only for Icemaker</li> 
 <li>Kitchen Range Type:&nbsp;Smooth Top Self-Cleaning Electric Range - Stainless</li> 
 <li>Kitchen Range Hood:&nbsp;Designer Rangehood - Stainless</li> 
 <li>Kitchen Faucets:&nbsp;Stellen - 1-Handle Pull Down Kitchen Faucet - Stainless</li> 
 <li>Kitchen Drawer Type:&nbsp;Metal Roller Drawer Guides / Bank of Drawers - Kitchen (2 Large &amp; 1 Small)</li> 
 <li>Kitchen Dishwasher:&nbsp;Energy Star Rated Dishwasher - Stainless</li> 
 <li>Kitchen Countertops:&nbsp;Laminate Countertops - Color Per Order Specs</li> 
 <li>Kitchen Cabinetry:&nbsp;Kitchen Perimeter Cabinets - Studio Beige or Bishop Oak / Island Bar Cabinets - Onyx Black or Plover</li> 
 <li>Kitchen Backsplash:&nbsp;4"" Laminate Backsplash Throughout (NO Sidesplash)</li> 
</ul> 
<p>&nbsp;</p> 
<p><u><strong>Baths Specifications</strong></u></p> 
<ul> 
 <li>Bathroom Cabinets:&nbsp;Bathroom Cabinets - Studio Beige or Bishop Oak</li> 
 <li>Bathroom Sink:&nbsp;Square China Sink w/ Pop Up</li> 
 <li>Bathroom Lighting:&nbsp;1 Recessed LED Light - Secondary Bedrooms / Recessed LED Lights Over Bath Sinks</li> 
 <li>Bathroom Countertops:&nbsp;Laminate Countertops - Color Per Order Specs</li> 
 <li>Bathroom Faucets:&nbsp;Weller - Brushed Nickel 2 - Handle Faucets / Low Flow Faucets and Shower Fixtures</li> 
 <li>Bathroom Fans:&nbsp;Power Exhaust Bath Fan</li> 
 <li>Bathroom Additional Specs:&nbsp;Privacy Locks on all Baths</li> 
 <li>Bathroom Backsplash:&nbsp;4"" Laminate Backsplash Throughout (NO Sidesplash)</li> 
 <li>Bathroom Shower:&nbsp;60"" Fiberglass Double Seat Shower w/ Framed Door (Most Baths) - See Print / Fiberglass 60 x 32 Tub Shower - Center Drain guest baths</li> 
 <li>Bathroom Toilet Type:&nbsp;Elongated Stool</li> 
 <li>Bathroom Mirror:&nbsp;Framed Mirror</li> 
</ul>",,,,,,,Clayton Homes
Product_Tem-20,Product,Under Pressure,"<p>&nbsp;</p><p><strong>BEDS:</strong>&nbsp;3&nbsp; &nbsp; &nbsp;<strong>BATHS:</strong>&nbsp;2&nbsp; &nbsp; &nbsp;<strong>SQ FT:</strong>&nbsp;1,280&nbsp; &nbsp; &nbsp;</p><p><strong>W X L:</strong>&nbsp;27′&nbsp;x 48′</p><p>The Tempo / Under Pressure built by Golden West Homes delivers 1,280 square feet of versatile living space, featuring 3 bedrooms and 2 bathrooms. This manufactured home offers a refreshing layout, with open spaces that invite relaxation and well-separated bedrooms for added privacy. The Under Pressure model is an ideal choice for those seeking a balance of function and comfort, designed to accommodate modern lifestyles with style and flexibility, making it perfect for both lively gatherings and quiet retreats.</p><p>&nbsp;</p>",866235_17027f87070d43b9aa32767dfebdded6~mv2.webp;866235_af002400eed843f38695f1af38ca0968~mv2.png,"Double-Section;Tempo;Marlette;Golden West;1,000 - 1,500",51TEM28483AH,"1,280 SQ FT",0,,TRUE,PERCENT,0,InStock,,,,,,,,,,,,,,,,,,,,,3D Tour and Downloads,"<p><u><a href=""https://86623596-2b11-4ff5-aa33-cf74cb1ae58a.usrfiles.com/ugd/5db61f_86b10cc673754c71aee2cac8223582e4.pdf"" target=""_blank"">Click Here to Download PDF</a></u></p> 
<p>&nbsp;</p> 
<p><a href=""https://momento360.com/e/uc/4b4d091ffa6e4822a8e1166cf12be1af"" target=""_blank""><u>Click Here for Virtual Tour</u></a></p>",Construction Specifications,"<p>&nbsp;</p> 
<ul> 
 <li>Ac Ready:&nbsp;Heat Pump / Air Conditioner Ready / Whole House Ventilation System</li> 
 <li>Additional Specs:&nbsp;eBuilt Home / Energy Star Certified / Vented Ridgecap (50% of Ridgeline) / Housewrap Under Siding - All Around / Smart Panel Soffit - Vented / 8"" Cement Facia w/ Painted Drip Edge to Match / 9"" Setback Frame / Brown Composite Porch Decking (if Applicable)</li> 
 <li>Exterior Wall On Center:&nbsp;16"" o.c.</li> 
 <li>Exterior Wall Studs:&nbsp;2 x 6 Exterior Walls</li> 
 <li>Floor Decking:&nbsp;19/32"" T&amp;G OSB Floor Decking</li> 
 <li>Floor Joists:&nbsp;12' Wide Floors = 2 x 6 Floor Joists - 16"" o.c. / 13' 4"" Floors = 2 x 6 Floor Joists - 16"" o.c. / 13' 4"" Wide Floors = 2 x 6 Floor Joists - 16"" o.c. / 15' Wide Floors = 2 x 6 Floor Joists - 16"" o.c.</li> 
 <li>Interior Wall On Center:&nbsp;24"" o.c.</li> 
 <li>Interior Wall Studs:&nbsp;2 x 3 Interior Walls</li> 
 <li>Roof Load:&nbsp;30# Roof Load - 24"" o.c. Rafters</li> 
 <li>Side Wall Height:&nbsp;8' Sidewalls w/ Flat Ceilings</li> 
 <li>Insulation (Floors):&nbsp;R 33 Inside I-Beams &amp; R 22 Outside I-Beams</li> 
 <li>Insulation (Walls):&nbsp;R 21</li> 
 <li>Insulation (Roof):&nbsp;R 38</li> 
 <li>Eaves:&nbsp;Single Section Homes = 4 1/2"" Sidewall &amp; 12"" Endwall (Nominal) / Multi Section Homes = 6"" Sidewall &amp; 12"" Endwall (Nominal)</li> 
</ul>",Exterior Specifications,"<ul> 
 <li>Additional Specs:&nbsp;Spring Doorstops - All Exterior Doors</li> 
 <li>Dormer:&nbsp;16' Dormer Multi Section Homes - Per Print (N/A on Porch Models) / Columns at Dormer Valleys / Accent Paint Between Columns and Under Dormer</li> 
 <li>Front Door:&nbsp;36"" Craftsman Fiberglass w/ Matte Black Thumblatch</li> 
 <li>Rear Door:&nbsp;36"" 9 Lite Fiberglass w/ Brushed Nickel Egg Knob</li> 
 <li>Roof Pitch:&nbsp;Single Section Homes = 4/12 Roof Pitch / Multi Section Homes = Nominal 3/12 Roof Pitch</li> 
 <li>Shingles:&nbsp;Architectural Shingles - Color: Weathered Wood</li> 
 <li>Siding:&nbsp;3/8"" LP Smartpanel Vertical Siding</li> 
 <li>Window Trim:&nbsp;4"" LP Window Trim</li> 
 <li>Window Type:&nbsp;White Vinyl Framed, Argon Gas, Low ""E"" Windows</li> 
 <li>Exterior Lighting:&nbsp;Black Lantern Style Exterior Light w/ LED Bulb - Front Door / Jelly Jar Style Exterior Light w/ LED Bulb - Back Door(s)</li> 
 <li>Exterior Outlets:&nbsp;Exterior GFI Receptacle (2) - Front and Back - Per Print</li> 
</ul>",Interior Specifications,"<ul> 
 <li>Baseboards:&nbsp;3 1/2"" White Baseboard Throughout (Closets w/ Doors &amp; Pantries = 2"" Batton)</li> 
 <li>Ceiling Fans:&nbsp;Wire &amp; Brace for Fan - Living Room and Primary Bedroom</li> 
 <li>Ceiling Type Or Grade:&nbsp;2 1/4"" White Ceiling Trim (Closets w/ Doors &amp; Pantries = 2"" Batton)</li> 
 <li>Safety Alarms:&nbsp;Combination CO / Smoke Detector</li> 
 <li>Window Type:&nbsp;White Cased Window Wrap - All Windows</li> 
 <li>Wall Finish:&nbsp;Orange Peel Drywall Texture / Square Drywall Corners</li> 
 <li>Interior Doors:&nbsp;White Cathedral Interior Doors w/ 3 Hinges / 2 1/4"" White Door Casing (Closets w/ Doors &amp; Pantries = 2"" Batton)</li> 
 <li>Interior Lighting:&nbsp;Recessed LED Lights - Per Electrical Print</li> 
 <li>Interior Flooring:&nbsp;LUX Aged European Oak LX 311 - Vinyl Sheet Flooring - Per Print</li> 
 <li>Cabinetry &amp; Counters:&nbsp;Wire Shelving in Closets, Linens and Pantries / Full Hardwood Cabinet System - Doors, Face Frames and Sidepanels / 42"" Overhead Cabinets / Flat Crown Moulding on Overheads / Blonde Maple Lined Base &amp; Overhead Cabinets / Cabinet Matched Liner Behind Refrigerator / 1 Fixed Half Shelf in Base Cabinets (1/2"" Thick w/ Cleats) / 1 Fixed Shelf in Overhead Cabinets (1/2"" Thick w/ Wrapped Cleats)</li> 
 <li>Interior Paint:&nbsp;Interior Paint = Greek Villa SW 7551 (Flat Finish)</li> 
 <li>Carpet Type Or Grade:&nbsp;25 oz. New Wave Carpet - Color: Weathered (Multi Sections Only) - Shipped Loose / 5# Carpet Pad</li> 
</ul>",Utilities Specifications,"<p>Electrical Service:&nbsp;200 Amp Electrical Service / Solar and Wind-Ready w/ 1"" Conduit<br> Furnace:&nbsp;Electric Furnace - Sized in Accordance w/ ACCA Manual S &amp; Manual J<br> Heat Duct Registers:&nbsp;In-Floor Crossover Heat Duct System<br> Other:&nbsp;Hose Bibb (2) - Front and Back - Per Print<br> Shut Off Valves Throughout:&nbsp;Whole House Master Water Shut-Off Valve<br> Thermostat:&nbsp;ecobee Programmable Thermostat<br> Washer Dryer Plumb Wire:&nbsp;Plumbed and Wired for Clothes Washer &amp; Dryer<br> Water Heater:&nbsp;Rheem 40 Gallon Hybrid Heat Pump Water Heater<br> Water Shut Off Valves:&nbsp;Shut Off Valves at all Sinks and Commodes<br> Door Hardware:&nbsp;Brushed Nickel Egg Shaped Interior Door Knobs</p>",Kitchen & Baths Specifications,"<p><u><strong>Kitchen Specifications</strong></u></p> 
<ul> 
 <li>Kitchen Sink:&nbsp;Kitchen Sink - 8"" Deep Stainless</li> 
 <li>Kitchen Refrigerator:&nbsp;Energy Star Rated 18 Cu. Ft . Refrigerator - Stainless / Plumb Only for Icemaker</li> 
 <li>Kitchen Range Type:&nbsp;Smooth Top Self-Cleaning Electric Range - Stainless</li> 
 <li>Kitchen Range Hood:&nbsp;Designer Rangehood - Stainless</li> 
 <li>Kitchen Faucets:&nbsp;Stellen - 1-Handle Pull Down Kitchen Faucet - Stainless</li> 
 <li>Kitchen Drawer Type:&nbsp;Metal Roller Drawer Guides / Bank of Drawers - Kitchen (2 Large &amp; 1 Small)</li> 
 <li>Kitchen Dishwasher:&nbsp;Energy Star Rated Dishwasher - Stainless</li> 
 <li>Kitchen Countertops:&nbsp;Laminate Countertops - Color Per Order Specs</li> 
 <li>Kitchen Cabinetry:&nbsp;Kitchen Perimeter Cabinets - Studio Beige or Bishop Oak / Island Bar Cabinets - Onyx Black or Plover</li> 
 <li>Kitchen Backsplash:&nbsp;4"" Laminate Backsplash Throughout (NO Sidesplash)</li> 
</ul> 
<p>&nbsp;</p> 
<p><u><strong>Baths Specifications</strong></u></p> 
<ul> 
 <li>Bathroom Cabinets:&nbsp;Bathroom Cabinets - Studio Beige or Bishop Oak</li> 
 <li>Bathroom Sink:&nbsp;Square China Sink w/ Pop Up</li> 
 <li>Bathroom Lighting:&nbsp;1 Recessed LED Light - Secondary Bedrooms / Recessed LED Lights Over Bath Sinks</li> 
 <li>Bathroom Countertops:&nbsp;Laminate Countertops - Color Per Order Specs</li> 
 <li>Bathroom Faucets:&nbsp;Weller - Brushed Nickel 2 - Handle Faucets / Low Flow Faucets and Shower Fixtures</li> 
 <li>Bathroom Fans:&nbsp;Power Exhaust Bath Fan</li> 
 <li>Bathroom Additional Specs:&nbsp;Privacy Locks on all Baths</li> 
 <li>Bathroom Backsplash:&nbsp;4"" Laminate Backsplash Throughout (NO Sidesplash)</li> 
 <li>Bathroom Shower:&nbsp;60"" Fiberglass Double Seat Shower w/ Framed Door (Most Baths) - See Print / Fiberglass 60 x 32 Tub Shower - Center Drain guest baths</li> 
 <li>Bathroom Toilet Type:&nbsp;Elongated Stool</li> 
 <li>Bathroom Mirror:&nbsp;Framed Mirror</li> 
</ul>",,,,,,,Clayton Homes
Product_Tem-21,Product,Johnny B Goode (Porch),"<p>&nbsp;</p><p><strong>BEDS:</strong>&nbsp;3&nbsp; &nbsp; &nbsp;<strong>BATHS:</strong>&nbsp;2&nbsp; &nbsp; &nbsp;<strong>SQ FT:</strong>&nbsp;1,306&nbsp; &nbsp; &nbsp;</p><p><strong>W X L:</strong>&nbsp;27′ &nbsp;x 52′&nbsp;</p><p>The Tempo / Johnny B Goode built by Golden West Homes offers 1,306 square feet of versatile living space, featuring 3 bedrooms and 2 bathrooms. This manufactured home provides a thoughtfully designed layout with open spaces that enhance flow and private bedrooms that offer comfort and seclusion. The Johnny B Goode is a perfect match for those seeking a home that combines practicality with inviting charm, making it a wonderful setting for relaxed gatherings and quiet moments alike, all within a modern aesthetic.</p><p>&nbsp;</p>",866235_478f568b32bb4eb08149f0a1db20a5de~mv2.webp;866235_9bf1ddc9e81b4dc0b2a83533211d7d57~mv2.png,"Double-Section;Tempo;Marlette;Golden West;1,000 - 1,500",55TMP28523BH,"1,306 SQ FT",0,,TRUE,PERCENT,0,InStock,,,,,,,,,,,,,,,,,,,,,3D Tour and Downloads,"<p><u><a href=""https://86623596-2b11-4ff5-aa33-cf74cb1ae58a.usrfiles.com/ugd/5db61f_5cbbc9020544404f92a60c7b11a0f60c.pdf"" target=""_blank"">Click Here to Download PDF</a></u></p> 
<p>&nbsp;</p> 
<p><a href=""https://my.matterport.com/show/?m=qnssPzETfc1"" target=""_blank""><u>Click Here for Virtual Tour</u></a></p>",Construction Specifications,"<p>&nbsp;</p> 
<ul> 
 <li>Ac Ready:&nbsp;Heat Pump / Air Conditioner Ready / Whole House Ventilation System</li> 
 <li>Additional Specs:&nbsp;eBuilt Home / Energy Star Certified / Vented Ridgecap (50% of Ridgeline) / Housewrap Under Siding - All Around / Smart Panel Soffit - Vented / 8"" Cement Facia w/ Painted Drip Edge to Match / 9"" Setback Frame / Brown Composite Porch Decking (if Applicable)</li> 
 <li>Exterior Wall On Center:&nbsp;16"" o.c.</li> 
 <li>Exterior Wall Studs:&nbsp;2 x 6 Exterior Walls</li> 
 <li>Floor Decking:&nbsp;19/32"" T&amp;G OSB Floor Decking</li> 
 <li>Floor Joists:&nbsp;12' Wide Floors = 2 x 6 Floor Joists - 16"" o.c. / 13' 4"" Floors = 2 x 6 Floor Joists - 16"" o.c. / 13' 4"" Wide Floors = 2 x 6 Floor Joists - 16"" o.c. / 15' Wide Floors = 2 x 6 Floor Joists - 16"" o.c.</li> 
 <li>Interior Wall On Center:&nbsp;24"" o.c.</li> 
 <li>Interior Wall Studs:&nbsp;2 x 3 Interior Walls</li> 
 <li>Roof Load:&nbsp;30# Roof Load - 24"" o.c. Rafters</li> 
 <li>Side Wall Height:&nbsp;8' Sidewalls w/ Flat Ceilings</li> 
 <li>Insulation (Floors):&nbsp;R 33 Inside I-Beams &amp; R 22 Outside I-Beams</li> 
 <li>Insulation (Walls):&nbsp;R 21</li> 
 <li>Insulation (Roof):&nbsp;R 38</li> 
 <li>Eaves:&nbsp;Single Section Homes = 4 1/2"" Sidewall &amp; 12"" Endwall (Nominal) / Multi Section Homes = 6"" Sidewall &amp; 12"" Endwall (Nominal)</li> 
</ul>",Exterior Specifications,"<ul> 
 <li>Additional Specs:&nbsp;Spring Doorstops - All Exterior Doors</li> 
 <li>Dormer:&nbsp;16' Dormer Multi Section Homes - Per Print (N/A on Porch Models) / Columns at Dormer Valleys / Accent Paint Between Columns and Under Dormer</li> 
 <li>Front Door:&nbsp;36"" Craftsman Fiberglass w/ Matte Black Thumblatch</li> 
 <li>Rear Door:&nbsp;36"" 9 Lite Fiberglass w/ Brushed Nickel Egg Knob</li> 
 <li>Roof Pitch:&nbsp;Single Section Homes = 4/12 Roof Pitch / Multi Section Homes = Nominal 3/12 Roof Pitch</li> 
 <li>Shingles:&nbsp;Architectural Shingles - Color: Weathered Wood</li> 
 <li>Siding:&nbsp;3/8"" LP Smartpanel Vertical Siding</li> 
 <li>Window Trim:&nbsp;4"" LP Window Trim</li> 
 <li>Window Type:&nbsp;White Vinyl Framed, Argon Gas, Low ""E"" Windows</li> 
 <li>Exterior Lighting:&nbsp;Black Lantern Style Exterior Light w/ LED Bulb - Front Door / Jelly Jar Style Exterior Light w/ LED Bulb - Back Door(s)</li> 
 <li>Exterior Outlets:&nbsp;Exterior GFI Receptacle (2) - Front and Back - Per Print</li> 
</ul>",Interior Specifications,"<ul> 
 <li>Baseboards:&nbsp;3 1/2"" White Baseboard Throughout (Closets w/ Doors &amp; Pantries = 2"" Batton)</li> 
 <li>Ceiling Fans:&nbsp;Wire &amp; Brace for Fan - Living Room and Primary Bedroom</li> 
 <li>Ceiling Type Or Grade:&nbsp;2 1/4"" White Ceiling Trim (Closets w/ Doors &amp; Pantries = 2"" Batton)</li> 
 <li>Safety Alarms:&nbsp;Combination CO / Smoke Detector</li> 
 <li>Window Type:&nbsp;White Cased Window Wrap - All Windows</li> 
 <li>Wall Finish:&nbsp;Orange Peel Drywall Texture / Square Drywall Corners</li> 
 <li>Interior Doors:&nbsp;White Cathedral Interior Doors w/ 3 Hinges / 2 1/4"" White Door Casing (Closets w/ Doors &amp; Pantries = 2"" Batton)</li> 
 <li>Interior Lighting:&nbsp;Recessed LED Lights - Per Electrical Print</li> 
 <li>Interior Flooring:&nbsp;LUX Aged European Oak LX 311 - Vinyl Sheet Flooring - Per Print</li> 
 <li>Cabinetry &amp; Counters:&nbsp;Wire Shelving in Closets, Linens and Pantries / Full Hardwood Cabinet System - Doors, Face Frames and Sidepanels / 42"" Overhead Cabinets / Flat Crown Moulding on Overheads / Blonde Maple Lined Base &amp; Overhead Cabinets / Cabinet Matched Liner Behind Refrigerator / 1 Fixed Half Shelf in Base Cabinets (1/2"" Thick w/ Cleats) / 1 Fixed Shelf in Overhead Cabinets (1/2"" Thick w/ Wrapped Cleats)</li> 
 <li>Interior Paint:&nbsp;Interior Paint = Greek Villa SW 7551 (Flat Finish)</li> 
 <li>Carpet Type Or Grade:&nbsp;25 oz. New Wave Carpet - Color: Weathered (Multi Sections Only) - Shipped Loose / 5# Carpet Pad</li> 
</ul>",Utilities Specifications,"<p>Electrical Service:&nbsp;200 Amp Electrical Service / Solar and Wind-Ready w/ 1"" Conduit<br> Furnace:&nbsp;Electric Furnace - Sized in Accordance w/ ACCA Manual S &amp; Manual J<br> Heat Duct Registers:&nbsp;In-Floor Crossover Heat Duct System<br> Other:&nbsp;Hose Bibb (2) - Front and Back - Per Print<br> Shut Off Valves Throughout:&nbsp;Whole House Master Water Shut-Off Valve<br> Thermostat:&nbsp;ecobee Programmable Thermostat<br> Washer Dryer Plumb Wire:&nbsp;Plumbed and Wired for Clothes Washer &amp; Dryer<br> Water Heater:&nbsp;Rheem 40 Gallon Hybrid Heat Pump Water Heater<br> Water Shut Off Valves:&nbsp;Shut Off Valves at all Sinks and Commodes<br> Door Hardware:&nbsp;Brushed Nickel Egg Shaped Interior Door Knobs</p>",Kitchen & Baths Specifications,"<p><u><strong>Kitchen Specifications</strong></u></p> 
<ul> 
 <li>Kitchen Sink:&nbsp;Kitchen Sink - 8"" Deep Stainless</li> 
 <li>Kitchen Refrigerator:&nbsp;Energy Star Rated 18 Cu. Ft . Refrigerator - Stainless / Plumb Only for Icemaker</li> 
 <li>Kitchen Range Type:&nbsp;Smooth Top Self-Cleaning Electric Range - Stainless</li> 
 <li>Kitchen Range Hood:&nbsp;Designer Rangehood - Stainless</li> 
 <li>Kitchen Faucets:&nbsp;Stellen - 1-Handle Pull Down Kitchen Faucet - Stainless</li> 
 <li>Kitchen Drawer Type:&nbsp;Metal Roller Drawer Guides / Bank of Drawers - Kitchen (2 Large &amp; 1 Small)</li> 
 <li>Kitchen Dishwasher:&nbsp;Energy Star Rated Dishwasher - Stainless</li> 
 <li>Kitchen Countertops:&nbsp;Laminate Countertops - Color Per Order Specs</li> 
 <li>Kitchen Cabinetry:&nbsp;Kitchen Perimeter Cabinets - Studio Beige or Bishop Oak / Island Bar Cabinets - Onyx Black or Plover</li> 
 <li>Kitchen Backsplash:&nbsp;4"" Laminate Backsplash Throughout (NO Sidesplash)</li> 
</ul> 
<p>&nbsp;</p> 
<p><u><strong>Baths Specifications</strong></u></p> 
<ul> 
 <li>Bathroom Cabinets:&nbsp;Bathroom Cabinets - Studio Beige or Bishop Oak</li> 
 <li>Bathroom Sink:&nbsp;Square China Sink w/ Pop Up</li> 
 <li>Bathroom Lighting:&nbsp;1 Recessed LED Light - Secondary Bedrooms / Recessed LED Lights Over Bath Sinks</li> 
 <li>Bathroom Countertops:&nbsp;Laminate Countertops - Color Per Order Specs</li> 
 <li>Bathroom Faucets:&nbsp;Weller - Brushed Nickel 2 - Handle Faucets / Low Flow Faucets and Shower Fixtures</li> 
 <li>Bathroom Fans:&nbsp;Power Exhaust Bath Fan</li> 
 <li>Bathroom Additional Specs:&nbsp;Privacy Locks on all Baths</li> 
 <li>Bathroom Backsplash:&nbsp;4"" Laminate Backsplash Throughout (NO Sidesplash)</li> 
 <li>Bathroom Shower:&nbsp;60"" Fiberglass Double Seat Shower w/ Framed Door (Most Baths) - See Print / Fiberglass 60 x 32 Tub Shower - Center Drain guest baths</li> 
 <li>Bathroom Toilet Type:&nbsp;Elongated Stool</li> 
 <li>Bathroom Mirror:&nbsp;Framed Mirror</li> 
</ul>",,,,,,,Clayton Homes
Product_Tem-22,Product,Free Bird,"<p>&nbsp;</p><p><strong>BEDS:</strong>&nbsp;3&nbsp; &nbsp; &nbsp;<strong>BATHS:</strong>&nbsp;2&nbsp; &nbsp; &nbsp;<strong>SQ FT:</strong>&nbsp;1,387&nbsp; &nbsp; &nbsp;</p><p><strong>W X L:</strong>&nbsp;27′&nbsp;x 52′&nbsp;</p><p>The Tempo / Free Bird built by Golden West Homes provides an expansive 1,387 square feet of thoughtfully arranged space, featuring 3 bedrooms and 2 bathrooms. This manufactured home blends freedom and functionality, with a spacious living area that flows seamlessly into private quarters designed for relaxation. The Free Bird is an ideal choice for individuals or families who appreciate both open living areas and cozy personal spaces, offering a well-rounded home where convenience meets tranquility.</p><p>&nbsp;</p>",866235_b1452c9b7a944434967d6e232864f180~mv2.webp;866235_ce8b0c3ed8974de6b58aa610c745a88e~mv2.png,"Double-Section;Tempo;Marlette;Golden West;1,000 - 1,500",51TEM28523AH,"1,387 SQ FT",0,,TRUE,PERCENT,0,InStock,,,,,,,,,,,,,,,,,,,,,3D Tour and Downloads,"<p><u><a href=""https://86623596-2b11-4ff5-aa33-cf74cb1ae58a.usrfiles.com/ugd/5db61f_7a55ce474d3741ea9ffb14e113de767a.pdf"" target=""_blank"">Click Here to Download PDF</a></u></p> 
<p>&nbsp;</p> 
<p><a href=""https://my.matterport.com/show/?m=tF9PUzfnYiT"" target=""_blank""><u>Click Here for Virtual Tour</u></a></p>",Construction Specifications,"<p>&nbsp;</p> 
<ul> 
 <li>Ac Ready:&nbsp;Heat Pump / Air Conditioner Ready / Whole House Ventilation System</li> 
 <li>Additional Specs:&nbsp;eBuilt Home / Energy Star Certified / Vented Ridgecap (50% of Ridgeline) / Housewrap Under Siding - All Around / Smart Panel Soffit - Vented / 8"" Cement Facia w/ Painted Drip Edge to Match / 9"" Setback Frame / Brown Composite Porch Decking (if Applicable)</li> 
 <li>Exterior Wall On Center:&nbsp;16"" o.c.</li> 
 <li>Exterior Wall Studs:&nbsp;2 x 6 Exterior Walls</li> 
 <li>Floor Decking:&nbsp;19/32"" T&amp;G OSB Floor Decking</li> 
 <li>Floor Joists:&nbsp;12' Wide Floors = 2 x 6 Floor Joists - 16"" o.c. / 13' 4"" Floors = 2 x 6 Floor Joists - 16"" o.c. / 13' 4"" Wide Floors = 2 x 6 Floor Joists - 16"" o.c. / 15' Wide Floors = 2 x 6 Floor Joists - 16"" o.c.</li> 
 <li>Interior Wall On Center:&nbsp;24"" o.c.</li> 
 <li>Interior Wall Studs:&nbsp;2 x 3 Interior Walls</li> 
 <li>Roof Load:&nbsp;30# Roof Load - 24"" o.c. Rafters</li> 
 <li>Side Wall Height:&nbsp;8' Sidewalls w/ Flat Ceilings</li> 
 <li>Insulation (Floors):&nbsp;R 33 Inside I-Beams &amp; R 22 Outside I-Beams</li> 
 <li>Insulation (Walls):&nbsp;R 21</li> 
 <li>Insulation (Roof):&nbsp;R 38</li> 
 <li>Eaves:&nbsp;Single Section Homes = 4 1/2"" Sidewall &amp; 12"" Endwall (Nominal) / Multi Section Homes = 6"" Sidewall &amp; 12"" Endwall (Nominal)</li> 
</ul>",Exterior Specifications,"<ul> 
 <li>Additional Specs:&nbsp;Spring Doorstops - All Exterior Doors</li> 
 <li>Dormer:&nbsp;16' Dormer Multi Section Homes - Per Print (N/A on Porch Models) / Columns at Dormer Valleys / Accent Paint Between Columns and Under Dormer</li> 
 <li>Front Door:&nbsp;36"" Craftsman Fiberglass w/ Matte Black Thumblatch</li> 
 <li>Rear Door:&nbsp;36"" 9 Lite Fiberglass w/ Brushed Nickel Egg Knob</li> 
 <li>Roof Pitch:&nbsp;Single Section Homes = 4/12 Roof Pitch / Multi Section Homes = Nominal 3/12 Roof Pitch</li> 
 <li>Shingles:&nbsp;Architectural Shingles - Color: Weathered Wood</li> 
 <li>Siding:&nbsp;3/8"" LP Smartpanel Vertical Siding</li> 
 <li>Window Trim:&nbsp;4"" LP Window Trim</li> 
 <li>Window Type:&nbsp;White Vinyl Framed, Argon Gas, Low ""E"" Windows</li> 
 <li>Exterior Lighting:&nbsp;Black Lantern Style Exterior Light w/ LED Bulb - Front Door / Jelly Jar Style Exterior Light w/ LED Bulb - Back Door(s)</li> 
 <li>Exterior Outlets:&nbsp;Exterior GFI Receptacle (2) - Front and Back - Per Print</li> 
</ul>",Interior Specifications,"<ul> 
 <li>Baseboards:&nbsp;3 1/2"" White Baseboard Throughout (Closets w/ Doors &amp; Pantries = 2"" Batton)</li> 
 <li>Ceiling Fans:&nbsp;Wire &amp; Brace for Fan - Living Room and Primary Bedroom</li> 
 <li>Ceiling Type Or Grade:&nbsp;2 1/4"" White Ceiling Trim (Closets w/ Doors &amp; Pantries = 2"" Batton)</li> 
 <li>Safety Alarms:&nbsp;Combination CO / Smoke Detector</li> 
 <li>Window Type:&nbsp;White Cased Window Wrap - All Windows</li> 
 <li>Wall Finish:&nbsp;Orange Peel Drywall Texture / Square Drywall Corners</li> 
 <li>Interior Doors:&nbsp;White Cathedral Interior Doors w/ 3 Hinges / 2 1/4"" White Door Casing (Closets w/ Doors &amp; Pantries = 2"" Batton)</li> 
 <li>Interior Lighting:&nbsp;Recessed LED Lights - Per Electrical Print</li> 
 <li>Interior Flooring:&nbsp;LUX Aged European Oak LX 311 - Vinyl Sheet Flooring - Per Print</li> 
 <li>Cabinetry &amp; Counters:&nbsp;Wire Shelving in Closets, Linens and Pantries / Full Hardwood Cabinet System - Doors, Face Frames and Sidepanels / 42"" Overhead Cabinets / Flat Crown Moulding on Overheads / Blonde Maple Lined Base &amp; Overhead Cabinets / Cabinet Matched Liner Behind Refrigerator / 1 Fixed Half Shelf in Base Cabinets (1/2"" Thick w/ Cleats) / 1 Fixed Shelf in Overhead Cabinets (1/2"" Thick w/ Wrapped Cleats)</li> 
 <li>Interior Paint:&nbsp;Interior Paint = Greek Villa SW 7551 (Flat Finish)</li> 
 <li>Carpet Type Or Grade:&nbsp;25 oz. New Wave Carpet - Color: Weathered (Multi Sections Only) - Shipped Loose / 5# Carpet Pad</li> 
</ul>",Utilities Specifications,"<p>Electrical Service:&nbsp;200 Amp Electrical Service / Solar and Wind-Ready w/ 1"" Conduit<br> Furnace:&nbsp;Electric Furnace - Sized in Accordance w/ ACCA Manual S &amp; Manual J<br> Heat Duct Registers:&nbsp;In-Floor Crossover Heat Duct System<br> Other:&nbsp;Hose Bibb (2) - Front and Back - Per Print<br> Shut Off Valves Throughout:&nbsp;Whole House Master Water Shut-Off Valve<br> Thermostat:&nbsp;ecobee Programmable Thermostat<br> Washer Dryer Plumb Wire:&nbsp;Plumbed and Wired for Clothes Washer &amp; Dryer<br> Water Heater:&nbsp;Rheem 40 Gallon Hybrid Heat Pump Water Heater<br> Water Shut Off Valves:&nbsp;Shut Off Valves at all Sinks and Commodes<br> Door Hardware:&nbsp;Brushed Nickel Egg Shaped Interior Door Knobs</p>",Kitchen & Baths Specifications,"<p><u><strong>Kitchen Specifications</strong></u></p> 
<ul> 
 <li>Kitchen Sink:&nbsp;Kitchen Sink - 8"" Deep Stainless</li> 
 <li>Kitchen Refrigerator:&nbsp;Energy Star Rated 18 Cu. Ft . Refrigerator - Stainless / Plumb Only for Icemaker</li> 
 <li>Kitchen Range Type:&nbsp;Smooth Top Self-Cleaning Electric Range - Stainless</li> 
 <li>Kitchen Range Hood:&nbsp;Designer Rangehood - Stainless</li> 
 <li>Kitchen Faucets:&nbsp;Stellen - 1-Handle Pull Down Kitchen Faucet - Stainless</li> 
 <li>Kitchen Drawer Type:&nbsp;Metal Roller Drawer Guides / Bank of Drawers - Kitchen (2 Large &amp; 1 Small)</li> 
 <li>Kitchen Dishwasher:&nbsp;Energy Star Rated Dishwasher - Stainless</li> 
 <li>Kitchen Countertops:&nbsp;Laminate Countertops - Color Per Order Specs</li> 
 <li>Kitchen Cabinetry:&nbsp;Kitchen Perimeter Cabinets - Studio Beige or Bishop Oak / Island Bar Cabinets - Onyx Black or Plover</li> 
 <li>Kitchen Backsplash:&nbsp;4"" Laminate Backsplash Throughout (NO Sidesplash)</li> 
</ul> 
<p>&nbsp;</p> 
<p><u><strong>Baths Specifications</strong></u></p> 
<ul> 
 <li>Bathroom Cabinets:&nbsp;Bathroom Cabinets - Studio Beige or Bishop Oak</li> 
 <li>Bathroom Sink:&nbsp;Square China Sink w/ Pop Up</li> 
 <li>Bathroom Lighting:&nbsp;1 Recessed LED Light - Secondary Bedrooms / Recessed LED Lights Over Bath Sinks</li> 
 <li>Bathroom Countertops:&nbsp;Laminate Countertops - Color Per Order Specs</li> 
 <li>Bathroom Faucets:&nbsp;Weller - Brushed Nickel 2 - Handle Faucets / Low Flow Faucets and Shower Fixtures</li> 
 <li>Bathroom Fans:&nbsp;Power Exhaust Bath Fan</li> 
 <li>Bathroom Additional Specs:&nbsp;Privacy Locks on all Baths</li> 
 <li>Bathroom Backsplash:&nbsp;4"" Laminate Backsplash Throughout (NO Sidesplash)</li> 
 <li>Bathroom Shower:&nbsp;60"" Fiberglass Double Seat Shower w/ Framed Door (Most Baths) - See Print / Fiberglass 60 x 32 Tub Shower - Center Drain guest baths</li> 
 <li>Bathroom Toilet Type:&nbsp;Elongated Stool</li> 
 <li>Bathroom Mirror:&nbsp;Framed Mirror</li> 
</ul>",,,,,,,Clayton Homes
Product_Tem-23,Product,Shout,"<p><strong>BEDS:</strong>&nbsp;3&nbsp; &nbsp; &nbsp;<strong>BATHS:</strong>&nbsp;2&nbsp; &nbsp; &nbsp;<strong>SQ FT:</strong>&nbsp;1,568&nbsp;</p><p><strong>W X L:</strong>&nbsp;27′&nbsp;x 56′</p><p>The Tempo / Shout built by Golden West Homes offers a generous 1,568 square feet of living space, with 3 bedrooms and 2 bathrooms. This manufactured home is designed to combine spaciousness with style, providing a large central area perfect for entertaining and private bedrooms that offer quiet, restful escapes. The Shout is an excellent choice for families or individuals who value open, versatile living spaces and serene personal areas, delivering a home that’s both inviting and functional for modern living.</p>",866235_6bc1c7fd62eb46a8870b10f187d29e74~mv2.webp,"Marlette;Golden West;Tempo;1,000 - 1,500",,"1,493 SQ FT",0,,TRUE,PERCENT,0,InStock,,,,,,,,,,,,,,,,,,,,,3D Tour and Downloads,"<p>""</p> 
<p><u><a target=""_blank"">Click Here to Download PDF</a></u></p> 
<p>&nbsp;</p> 
<p><a href=""https://momento360.com/e/uc/c2f4608676e24913942d72cd08374f85"" target=""_blank""><u>Click Here for Virtual Tour</u></a></p>",Construction Specifications,"<p>&nbsp;</p> 
<ul> 
 <li>Ac Ready:&nbsp;Heat Pump / Air Conditioner Ready / Whole House Ventilation System</li> 
 <li>Additional Specs:&nbsp;eBuilt Home / Energy Star Certified / Vented Ridgecap (50% of Ridgeline) / Housewrap Under Siding - All Around / Smart Panel Soffit - Vented / 8"" Cement Facia w/ Painted Drip Edge to Match / 9"" Setback Frame / Brown Composite Porch Decking (if Applicable)</li> 
 <li>Exterior Wall On Center:&nbsp;16"" o.c.</li> 
 <li>Exterior Wall Studs:&nbsp;2 x 6 Exterior Walls</li> 
 <li>Floor Decking:&nbsp;19/32"" T&amp;G OSB Floor Decking</li> 
 <li>Floor Joists:&nbsp;12' Wide Floors = 2 x 6 Floor Joists - 16"" o.c. / 13' 4"" Floors = 2 x 6 Floor Joists - 16"" o.c. / 13' 4"" Wide Floors = 2 x 6 Floor Joists - 16"" o.c. / 15' Wide Floors = 2 x 6 Floor Joists - 16"" o.c.</li> 
 <li>Interior Wall On Center:&nbsp;24"" o.c.</li> 
 <li>Interior Wall Studs:&nbsp;2 x 3 Interior Walls</li> 
 <li>Roof Load:&nbsp;30# Roof Load - 24"" o.c. Rafters</li> 
 <li>Side Wall Height:&nbsp;8' Sidewalls w/ Flat Ceilings</li> 
 <li>Insulation (Floors):&nbsp;R 33 Inside I-Beams &amp; R 22 Outside I-Beams</li> 
 <li>Insulation (Walls):&nbsp;R 21</li> 
 <li>Insulation (Roof):&nbsp;R 38</li> 
 <li>Eaves:&nbsp;Single Section Homes = 4 1/2"" Sidewall &amp; 12"" Endwall (Nominal) / Multi Section Homes = 6"" Sidewall &amp; 12"" Endwall (Nominal)</li> 
</ul>",Exterior Specifications,"<ul> 
 <li>Additional Specs:&nbsp;Spring Doorstops - All Exterior Doors</li> 
 <li>Dormer:&nbsp;16' Dormer Multi Section Homes - Per Print (N/A on Porch Models) / Columns at Dormer Valleys / Accent Paint Between Columns and Under Dormer</li> 
 <li>Front Door:&nbsp;36"" Craftsman Fiberglass w/ Matte Black Thumblatch</li> 
 <li>Rear Door:&nbsp;36"" 9 Lite Fiberglass w/ Brushed Nickel Egg Knob</li> 
 <li>Roof Pitch:&nbsp;Single Section Homes = 4/12 Roof Pitch / Multi Section Homes = Nominal 3/12 Roof Pitch</li> 
 <li>Shingles:&nbsp;Architectural Shingles - Color: Weathered Wood</li> 
 <li>Siding:&nbsp;3/8"" LP Smartpanel Vertical Siding</li> 
 <li>Window Trim:&nbsp;4"" LP Window Trim</li> 
 <li>Window Type:&nbsp;White Vinyl Framed, Argon Gas, Low ""E"" Windows</li> 
 <li>Exterior Lighting:&nbsp;Black Lantern Style Exterior Light w/ LED Bulb - Front Door / Jelly Jar Style Exterior Light w/ LED Bulb - Back Door(s)</li> 
 <li>Exterior Outlets:&nbsp;Exterior GFI Receptacle (2) - Front and Back - Per Print</li> 
</ul>",Interior Specifications,"<ul> 
 <li>Baseboards:&nbsp;3 1/2"" White Baseboard Throughout (Closets w/ Doors &amp; Pantries = 2"" Batton)</li> 
 <li>Ceiling Fans:&nbsp;Wire &amp; Brace for Fan - Living Room and Primary Bedroom</li> 
 <li>Ceiling Type Or Grade:&nbsp;2 1/4"" White Ceiling Trim (Closets w/ Doors &amp; Pantries = 2"" Batton)</li> 
 <li>Safety Alarms:&nbsp;Combination CO / Smoke Detector</li> 
 <li>Window Type:&nbsp;White Cased Window Wrap - All Windows</li> 
 <li>Wall Finish:&nbsp;Orange Peel Drywall Texture / Square Drywall Corners</li> 
 <li>Interior Doors:&nbsp;White Cathedral Interior Doors w/ 3 Hinges / 2 1/4"" White Door Casing (Closets w/ Doors &amp; Pantries = 2"" Batton)</li> 
 <li>Interior Lighting:&nbsp;Recessed LED Lights - Per Electrical Print</li> 
 <li>Interior Flooring:&nbsp;LUX Aged European Oak LX 311 - Vinyl Sheet Flooring - Per Print</li> 
 <li>Cabinetry &amp; Counters:&nbsp;Wire Shelving in Closets, Linens and Pantries / Full Hardwood Cabinet System - Doors, Face Frames and Sidepanels / 42"" Overhead Cabinets / Flat Crown Moulding on Overheads / Blonde Maple Lined Base &amp; Overhead Cabinets / Cabinet Matched Liner Behind Refrigerator / 1 Fixed Half Shelf in Base Cabinets (1/2"" Thick w/ Cleats) / 1 Fixed Shelf in Overhead Cabinets (1/2"" Thick w/ Wrapped Cleats)</li> 
 <li>Interior Paint:&nbsp;Interior Paint = Greek Villa SW 7551 (Flat Finish)</li> 
 <li>Carpet Type Or Grade:&nbsp;25 oz. New Wave Carpet - Color: Weathered (Multi Sections Only) - Shipped Loose / 5# Carpet Pad</li> 
</ul>",Utilities Specifications,"<p>Electrical Service:&nbsp;200 Amp Electrical Service / Solar and Wind-Ready w/ 1"" Conduit<br> Furnace:&nbsp;Electric Furnace - Sized in Accordance w/ ACCA Manual S &amp; Manual J<br> Heat Duct Registers:&nbsp;In-Floor Crossover Heat Duct System<br> Other:&nbsp;Hose Bibb (2) - Front and Back - Per Print<br> Shut Off Valves Throughout:&nbsp;Whole House Master Water Shut-Off Valve<br> Thermostat:&nbsp;ecobee Programmable Thermostat<br> Washer Dryer Plumb Wire:&nbsp;Plumbed and Wired for Clothes Washer &amp; Dryer<br> Water Heater:&nbsp;Rheem 40 Gallon Hybrid Heat Pump Water Heater<br> Water Shut Off Valves:&nbsp;Shut Off Valves at all Sinks and Commodes<br> Door Hardware:&nbsp;Brushed Nickel Egg Shaped Interior Door Knobs</p>",Kitchen & Baths Specifications,"<p><u><strong>Kitchen Specifications</strong></u></p> 
<ul> 
 <li>Kitchen Sink:&nbsp;Kitchen Sink - 8"" Deep Stainless</li> 
 <li>Kitchen Refrigerator:&nbsp;Energy Star Rated 18 Cu. Ft . Refrigerator - Stainless / Plumb Only for Icemaker</li> 
 <li>Kitchen Range Type:&nbsp;Smooth Top Self-Cleaning Electric Range - Stainless</li> 
 <li>Kitchen Range Hood:&nbsp;Designer Rangehood - Stainless</li> 
 <li>Kitchen Faucets:&nbsp;Stellen - 1-Handle Pull Down Kitchen Faucet - Stainless</li> 
 <li>Kitchen Drawer Type:&nbsp;Metal Roller Drawer Guides / Bank of Drawers - Kitchen (2 Large &amp; 1 Small)</li> 
 <li>Kitchen Dishwasher:&nbsp;Energy Star Rated Dishwasher - Stainless</li> 
 <li>Kitchen Countertops:&nbsp;Laminate Countertops - Color Per Order Specs</li> 
 <li>Kitchen Cabinetry:&nbsp;Kitchen Perimeter Cabinets - Studio Beige or Bishop Oak / Island Bar Cabinets - Onyx Black or Plover</li> 
 <li>Kitchen Backsplash:&nbsp;4"" Laminate Backsplash Throughout (NO Sidesplash)</li> 
</ul> 
<p>&nbsp;</p> 
<p><u><strong>Baths Specifications</strong></u></p> 
<ul> 
 <li>Bathroom Cabinets:&nbsp;Bathroom Cabinets - Studio Beige or Bishop Oak</li> 
 <li>Bathroom Sink:&nbsp;Square China Sink w/ Pop Up</li> 
 <li>Bathroom Lighting:&nbsp;1 Recessed LED Light - Secondary Bedrooms / Recessed LED Lights Over Bath Sinks</li> 
 <li>Bathroom Countertops:&nbsp;Laminate Countertops - Color Per Order Specs</li> 
 <li>Bathroom Faucets:&nbsp;Weller - Brushed Nickel 2 - Handle Faucets / Low Flow Faucets and Shower Fixtures</li> 
 <li>Bathroom Fans:&nbsp;Power Exhaust Bath Fan</li> 
 <li>Bathroom Additional Specs:&nbsp;Privacy Locks on all Baths</li> 
 <li>Bathroom Backsplash:&nbsp;4"" Laminate Backsplash Throughout (NO Sidesplash)</li> 
 <li>Bathroom Shower:&nbsp;60"" Fiberglass Double Seat Shower w/ Framed Door (Most Baths) - See Print / Fiberglass 60 x 32 Tub Shower - Center Drain guest baths</li> 
 <li>Bathroom Toilet Type:&nbsp;Elongated Stool</li> 
 <li>Bathroom Mirror:&nbsp;Framed Mirror</li> 
</ul>",,,,,,,Clayton Homes
Product_Tem-24,Product,Stayin' Alive,"<p><strong>BEDS:</strong>&nbsp;3&nbsp; &nbsp; &nbsp;<strong>BATHS:</strong>&nbsp;2&nbsp; &nbsp; &nbsp;<strong>SQ FT:</strong>&nbsp;1,414&nbsp; &nbsp; &nbsp;</p><p><strong>W X L:</strong>&nbsp;27′&nbsp;x 56′</p><p>The Tempo / Stayin’ Alive built by Golden West Homes offers 1,414 square feet of dynamic living space, featuring 3 bedrooms and 2 bathrooms. This manufactured home is designed to balance energy and comfort, with an open layout ideal for gatherings and well-planned private bedrooms that provide a serene retreat. The Stayin’ Alive is a fantastic choice for families or individuals who appreciate modern design combined with cozy functionality, creating a lively yet relaxing environment perfect for both active days and restful nights.</p><p>&nbsp;</p><p><strong>3D Tour</strong></p><p><a href=""https://my.matterport.com/show/?play=1&amp;m=3bpsMxi1RMo"">https://my.matterport.com/show/?play=1&amp;m=3bpsMxi1RMo</a></p><p>&nbsp;</p><p><strong>Virtual Rendering</strong></p><p><a href=""https://momento360.com/e/uc/6f069a2a8e794fe7b2b912468c0e5efd?utm_campaign=embed&amp;utm_source=other&amp;reset-heading=true&amp;size=large"">https://momento360.com/e/uc/6f069a2a8e794fe7b2b912468c0e5efd?utm_campaign=embed&amp;utm_source=other&amp;reset-heading=true&amp;size=large</a></p><p>&nbsp;</p><p>&nbsp;</p>",866235_ddc7797e5f9d497395378c93caae1867~mv2.jpg;866235_cdc3f6249fa44323b21c8922779bd045~mv2.png;866235_25a667e8e16f480ea362c90053445637~mv2.jpg;866235_485c7f512a644cd68b316504fbd5be02~mv2.jpg;866235_75ce724dad7c4568a2e87eeeadc02faf~mv2.jpg;866235_2f0a803e0f3b42919205a5fabffa5f6c~mv2.jpg;866235_adfdf4c91c334a4ca24325ebb945f02d~mv2.jpg;866235_ae6cec687deb495689b1b9ab5c9cc03d~mv2.jpg;866235_b925e7d0648441f6a9d17cc4d2d8b712~mv2.jpg;866235_0940eec337a548688cdd9c4d8f8db921~mv2.jpg;866235_c47783aea2a94344841495c99fc33dac~mv2.png;866235_a8e7cf7a37a04dd39713c389e8c7fb4c~mv2.jpg;866235_50c0e7b74e0f4bc1a79c9b8d0ff70f8c~mv2.jpg;866235_067f3c35612a4e419655eb4a79b21c5a~mv2.jpg;866235_a83e38bdcb414ec2ba29527f992bde57~mv2.jpg,"Double-Section;Tempo;Marlette;Golden West;1,000 - 1,500",55TMP28563CH,"1,414 SQ FT",0,,TRUE,PERCENT,0,InStock,,,,,,,,,,,,,,,,,,,,,3D Tour and Downloads,"<p><u><a href=""https://86623596-2b11-4ff5-aa33-cf74cb1ae58a.usrfiles.com/ugd/5db61f_9584246497df491580245b5e7149de6c.pdf"" target=""_blank"">Click Here to Download PDF</a></u></p> 
<p>&nbsp;</p> 
<p><a href=""https://my.matterport.com/show?play=1&amp;lang=en-US&amp;m=3bpsMxi1RMo"" target=""_blank""><u>Click Here for Virtual Tour</u></a></p>",Construction Specifications,"<p>&nbsp;</p> 
<ul> 
 <li>Ac Ready:&nbsp;Heat Pump / Air Conditioner Ready / Whole House Ventilation System</li> 
 <li>Additional Specs:&nbsp;eBuilt Home / Energy Star Certified / Vented Ridgecap (50% of Ridgeline) / Housewrap Under Siding - All Around / Smart Panel Soffit - Vented / 8"" Cement Facia w/ Painted Drip Edge to Match / 9"" Setback Frame / Brown Composite Porch Decking (if Applicable)</li> 
 <li>Exterior Wall On Center:&nbsp;16"" o.c.</li> 
 <li>Exterior Wall Studs:&nbsp;2 x 6 Exterior Walls</li> 
 <li>Floor Decking:&nbsp;19/32"" T&amp;G OSB Floor Decking</li> 
 <li>Floor Joists:&nbsp;12' Wide Floors = 2 x 6 Floor Joists - 16"" o.c. / 13' 4"" Floors = 2 x 6 Floor Joists - 16"" o.c. / 13' 4"" Wide Floors = 2 x 6 Floor Joists - 16"" o.c. / 15' Wide Floors = 2 x 6 Floor Joists - 16"" o.c.</li> 
 <li>Interior Wall On Center:&nbsp;24"" o.c.</li> 
 <li>Interior Wall Studs:&nbsp;2 x 3 Interior Walls</li> 
 <li>Roof Load:&nbsp;30# Roof Load - 24"" o.c. Rafters</li> 
 <li>Side Wall Height:&nbsp;8' Sidewalls w/ Flat Ceilings</li> 
 <li>Insulation (Floors):&nbsp;R 33 Inside I-Beams &amp; R 22 Outside I-Beams</li> 
 <li>Insulation (Walls):&nbsp;R 21</li> 
 <li>Insulation (Roof):&nbsp;R 38</li> 
 <li>Eaves:&nbsp;Single Section Homes = 4 1/2"" Sidewall &amp; 12"" Endwall (Nominal) / Multi Section Homes = 6"" Sidewall &amp; 12"" Endwall (Nominal)</li> 
</ul>",Exterior Specifications,"<ul> 
 <li>Additional Specs:&nbsp;Spring Doorstops - All Exterior Doors</li> 
 <li>Dormer:&nbsp;16' Dormer Multi Section Homes - Per Print (N/A on Porch Models) / Columns at Dormer Valleys / Accent Paint Between Columns and Under Dormer</li> 
 <li>Front Door:&nbsp;36"" Craftsman Fiberglass w/ Matte Black Thumblatch</li> 
 <li>Rear Door:&nbsp;36"" 9 Lite Fiberglass w/ Brushed Nickel Egg Knob</li> 
 <li>Roof Pitch:&nbsp;Single Section Homes = 4/12 Roof Pitch / Multi Section Homes = Nominal 3/12 Roof Pitch</li> 
 <li>Shingles:&nbsp;Architectural Shingles - Color: Weathered Wood</li> 
 <li>Siding:&nbsp;3/8"" LP Smartpanel Vertical Siding</li> 
 <li>Window Trim:&nbsp;4"" LP Window Trim</li> 
 <li>Window Type:&nbsp;White Vinyl Framed, Argon Gas, Low ""E"" Windows</li> 
 <li>Exterior Lighting:&nbsp;Black Lantern Style Exterior Light w/ LED Bulb - Front Door / Jelly Jar Style Exterior Light w/ LED Bulb - Back Door(s)</li> 
 <li>Exterior Outlets:&nbsp;Exterior GFI Receptacle (2) - Front and Back - Per Print</li> 
</ul>",Interior Specifications,"<ul> 
 <li>Baseboards:&nbsp;3 1/2"" White Baseboard Throughout (Closets w/ Doors &amp; Pantries = 2"" Batton)</li> 
 <li>Ceiling Fans:&nbsp;Wire &amp; Brace for Fan - Living Room and Primary Bedroom</li> 
 <li>Ceiling Type Or Grade:&nbsp;2 1/4"" White Ceiling Trim (Closets w/ Doors &amp; Pantries = 2"" Batton)</li> 
 <li>Safety Alarms:&nbsp;Combination CO / Smoke Detector</li> 
 <li>Window Type:&nbsp;White Cased Window Wrap - All Windows</li> 
 <li>Wall Finish:&nbsp;Orange Peel Drywall Texture / Square Drywall Corners</li> 
 <li>Interior Doors:&nbsp;White Cathedral Interior Doors w/ 3 Hinges / 2 1/4"" White Door Casing (Closets w/ Doors &amp; Pantries = 2"" Batton)</li> 
 <li>Interior Lighting:&nbsp;Recessed LED Lights - Per Electrical Print</li> 
 <li>Interior Flooring:&nbsp;LUX Aged European Oak LX 311 - Vinyl Sheet Flooring - Per Print</li> 
 <li>Cabinetry &amp; Counters:&nbsp;Wire Shelving in Closets, Linens and Pantries / Full Hardwood Cabinet System - Doors, Face Frames and Sidepanels / 42"" Overhead Cabinets / Flat Crown Moulding on Overheads / Blonde Maple Lined Base &amp; Overhead Cabinets / Cabinet Matched Liner Behind Refrigerator / 1 Fixed Half Shelf in Base Cabinets (1/2"" Thick w/ Cleats) / 1 Fixed Shelf in Overhead Cabinets (1/2"" Thick w/ Wrapped Cleats)</li> 
 <li>Interior Paint:&nbsp;Interior Paint = Greek Villa SW 7551 (Flat Finish)</li> 
 <li>Carpet Type Or Grade:&nbsp;25 oz. New Wave Carpet - Color: Weathered (Multi Sections Only) - Shipped Loose / 5# Carpet Pad</li> 
</ul>",Utilities Specifications,"<p>Electrical Service:&nbsp;200 Amp Electrical Service / Solar and Wind-Ready w/ 1"" Conduit<br> Furnace:&nbsp;Electric Furnace - Sized in Accordance w/ ACCA Manual S &amp; Manual J<br> Heat Duct Registers:&nbsp;In-Floor Crossover Heat Duct System<br> Other:&nbsp;Hose Bibb (2) - Front and Back - Per Print<br> Shut Off Valves Throughout:&nbsp;Whole House Master Water Shut-Off Valve<br> Thermostat:&nbsp;ecobee Programmable Thermostat<br> Washer Dryer Plumb Wire:&nbsp;Plumbed and Wired for Clothes Washer &amp; Dryer<br> Water Heater:&nbsp;Rheem 40 Gallon Hybrid Heat Pump Water Heater<br> Water Shut Off Valves:&nbsp;Shut Off Valves at all Sinks and Commodes<br> Door Hardware:&nbsp;Brushed Nickel Egg Shaped Interior Door Knobs</p>",Kitchen & Baths Specifications,"<p><u><strong>Kitchen Specifications</strong></u></p> 
<ul> 
 <li>Kitchen Sink:&nbsp;Kitchen Sink - 8"" Deep Stainless</li> 
 <li>Kitchen Refrigerator:&nbsp;Energy Star Rated 18 Cu. Ft . Refrigerator - Stainless / Plumb Only for Icemaker</li> 
 <li>Kitchen Range Type:&nbsp;Smooth Top Self-Cleaning Electric Range - Stainless</li> 
 <li>Kitchen Range Hood:&nbsp;Designer Rangehood - Stainless</li> 
 <li>Kitchen Faucets:&nbsp;Stellen - 1-Handle Pull Down Kitchen Faucet - Stainless</li> 
 <li>Kitchen Drawer Type:&nbsp;Metal Roller Drawer Guides / Bank of Drawers - Kitchen (2 Large &amp; 1 Small)</li> 
 <li>Kitchen Dishwasher:&nbsp;Energy Star Rated Dishwasher - Stainless</li> 
 <li>Kitchen Countertops:&nbsp;Laminate Countertops - Color Per Order Specs</li> 
 <li>Kitchen Cabinetry:&nbsp;Kitchen Perimeter Cabinets - Studio Beige or Bishop Oak / Island Bar Cabinets - Onyx Black or Plover</li> 
 <li>Kitchen Backsplash:&nbsp;4"" Laminate Backsplash Throughout (NO Sidesplash)</li> 
</ul> 
<p>&nbsp;</p> 
<p><u><strong>Baths Specifications</strong></u></p> 
<ul> 
 <li>Bathroom Cabinets:&nbsp;Bathroom Cabinets - Studio Beige or Bishop Oak</li> 
 <li>Bathroom Sink:&nbsp;Square China Sink w/ Pop Up</li> 
 <li>Bathroom Lighting:&nbsp;1 Recessed LED Light - Secondary Bedrooms / Recessed LED Lights Over Bath Sinks</li> 
 <li>Bathroom Countertops:&nbsp;Laminate Countertops - Color Per Order Specs</li> 
 <li>Bathroom Faucets:&nbsp;Weller - Brushed Nickel 2 - Handle Faucets / Low Flow Faucets and Shower Fixtures</li> 
 <li>Bathroom Fans:&nbsp;Power Exhaust Bath Fan</li> 
 <li>Bathroom Additional Specs:&nbsp;Privacy Locks on all Baths</li> 
 <li>Bathroom Backsplash:&nbsp;4"" Laminate Backsplash Throughout (NO Sidesplash)</li> 
 <li>Bathroom Shower:&nbsp;60"" Fiberglass Double Seat Shower w/ Framed Door (Most Baths) - See Print / Fiberglass 60 x 32 Tub Shower - Center Drain guest baths</li> 
 <li>Bathroom Toilet Type:&nbsp;Elongated Stool</li> 
 <li>Bathroom Mirror:&nbsp;Framed Mirror</li> 
</ul>",,,,,,,Clayton Homes
Product_Tem-25,Product,Brown Eyed Girl,"<p><strong>BEDS:</strong>&nbsp;4&nbsp; &nbsp; &nbsp;<strong>BATHS:</strong>&nbsp;2&nbsp; &nbsp; &nbsp;<strong>SQ FT:</strong>&nbsp;1,680&nbsp; &nbsp; &nbsp;</p><p><strong>W X L:</strong>&nbsp;27′&nbsp;x 60′</p><p>The Tempo / Brown Eyed Girl built by Golden West Homes offers 1,680 square feet of spacious, well-organized living, featuring 4 bedrooms and 2 bathrooms. This manufactured home is crafted for those who value both comfort and style, with an open main area perfect for social gatherings and private bedrooms that provide quiet retreats. The Brown Eyed Girl is an ideal choice for families or individuals who need a versatile space that blends functionality with warmth, creating an inviting environment suited to everyday life and special occasions alike.</p>",866235_7dc3bdc3221b4d6db01700c63e58de50~mv2.webp,"Marlette;Golden West;Tempo;1,500 - 2,000",,"1,600 SQ FT",0,,TRUE,PERCENT,0,InStock,,,,,,,,,,,,,,,,,,,,,3D Tour and Downloads,"<p>""</p> 
<p><u><a target=""_blank"">Click Here to Download PDF</a></u></p> 
<p>&nbsp;</p> 
<p><a href=""https://momento360.com/e/uc/095791f5a6084c54ac115b04d6becdb7"" target=""_blank""><u>Click Here for Virtual Tour</u></a></p>",Construction Specifications,"<p>&nbsp;</p> 
<ul> 
 <li>Ac Ready:&nbsp;Heat Pump / Air Conditioner Ready / Whole House Ventilation System</li> 
 <li>Additional Specs:&nbsp;eBuilt Home / Energy Star Certified / Vented Ridgecap (50% of Ridgeline) / Housewrap Under Siding - All Around / Smart Panel Soffit - Vented / 8"" Cement Facia w/ Painted Drip Edge to Match / 9"" Setback Frame / Brown Composite Porch Decking (if Applicable)</li> 
 <li>Exterior Wall On Center:&nbsp;16"" o.c.</li> 
 <li>Exterior Wall Studs:&nbsp;2 x 6 Exterior Walls</li> 
 <li>Floor Decking:&nbsp;19/32"" T&amp;G OSB Floor Decking</li> 
 <li>Floor Joists:&nbsp;12' Wide Floors = 2 x 6 Floor Joists - 16"" o.c. / 13' 4"" Floors = 2 x 6 Floor Joists - 16"" o.c. / 13' 4"" Wide Floors = 2 x 6 Floor Joists - 16"" o.c. / 15' Wide Floors = 2 x 6 Floor Joists - 16"" o.c.</li> 
 <li>Interior Wall On Center:&nbsp;24"" o.c.</li> 
 <li>Interior Wall Studs:&nbsp;2 x 3 Interior Walls</li> 
 <li>Roof Load:&nbsp;30# Roof Load - 24"" o.c. Rafters</li> 
 <li>Side Wall Height:&nbsp;8' Sidewalls w/ Flat Ceilings</li> 
 <li>Insulation (Floors):&nbsp;R 33 Inside I-Beams &amp; R 22 Outside I-Beams</li> 
 <li>Insulation (Walls):&nbsp;R 21</li> 
 <li>Insulation (Roof):&nbsp;R 38</li> 
 <li>Eaves:&nbsp;Single Section Homes = 4 1/2"" Sidewall &amp; 12"" Endwall (Nominal) / Multi Section Homes = 6"" Sidewall &amp; 12"" Endwall (Nominal)</li> 
</ul>",Exterior Specifications,"<ul> 
 <li>Additional Specs:&nbsp;Spring Doorstops - All Exterior Doors</li> 
 <li>Dormer:&nbsp;16' Dormer Multi Section Homes - Per Print (N/A on Porch Models) / Columns at Dormer Valleys / Accent Paint Between Columns and Under Dormer</li> 
 <li>Front Door:&nbsp;36"" Craftsman Fiberglass w/ Matte Black Thumblatch</li> 
 <li>Rear Door:&nbsp;36"" 9 Lite Fiberglass w/ Brushed Nickel Egg Knob</li> 
 <li>Roof Pitch:&nbsp;Single Section Homes = 4/12 Roof Pitch / Multi Section Homes = Nominal 3/12 Roof Pitch</li> 
 <li>Shingles:&nbsp;Architectural Shingles - Color: Weathered Wood</li> 
 <li>Siding:&nbsp;3/8"" LP Smartpanel Vertical Siding</li> 
 <li>Window Trim:&nbsp;4"" LP Window Trim</li> 
 <li>Window Type:&nbsp;White Vinyl Framed, Argon Gas, Low ""E"" Windows</li> 
 <li>Exterior Lighting:&nbsp;Black Lantern Style Exterior Light w/ LED Bulb - Front Door / Jelly Jar Style Exterior Light w/ LED Bulb - Back Door(s)</li> 
 <li>Exterior Outlets:&nbsp;Exterior GFI Receptacle (2) - Front and Back - Per Print</li> 
</ul>",Interior Specifications,"<ul> 
 <li>Baseboards:&nbsp;3 1/2"" White Baseboard Throughout (Closets w/ Doors &amp; Pantries = 2"" Batton)</li> 
 <li>Ceiling Fans:&nbsp;Wire &amp; Brace for Fan - Living Room and Primary Bedroom</li> 
 <li>Ceiling Type Or Grade:&nbsp;2 1/4"" White Ceiling Trim (Closets w/ Doors &amp; Pantries = 2"" Batton)</li> 
 <li>Safety Alarms:&nbsp;Combination CO / Smoke Detector</li> 
 <li>Window Type:&nbsp;White Cased Window Wrap - All Windows</li> 
 <li>Wall Finish:&nbsp;Orange Peel Drywall Texture / Square Drywall Corners</li> 
 <li>Interior Doors:&nbsp;White Cathedral Interior Doors w/ 3 Hinges / 2 1/4"" White Door Casing (Closets w/ Doors &amp; Pantries = 2"" Batton)</li> 
 <li>Interior Lighting:&nbsp;Recessed LED Lights - Per Electrical Print</li> 
 <li>Interior Flooring:&nbsp;LUX Aged European Oak LX 311 - Vinyl Sheet Flooring - Per Print</li> 
 <li>Cabinetry &amp; Counters:&nbsp;Wire Shelving in Closets, Linens and Pantries / Full Hardwood Cabinet System - Doors, Face Frames and Sidepanels / 42"" Overhead Cabinets / Flat Crown Moulding on Overheads / Blonde Maple Lined Base &amp; Overhead Cabinets / Cabinet Matched Liner Behind Refrigerator / 1 Fixed Half Shelf in Base Cabinets (1/2"" Thick w/ Cleats) / 1 Fixed Shelf in Overhead Cabinets (1/2"" Thick w/ Wrapped Cleats)</li> 
 <li>Interior Paint:&nbsp;Interior Paint = Greek Villa SW 7551 (Flat Finish)</li> 
 <li>Carpet Type Or Grade:&nbsp;25 oz. New Wave Carpet - Color: Weathered (Multi Sections Only) - Shipped Loose / 5# Carpet Pad</li> 
</ul>",Utilities Specifications,"<p>Electrical Service:&nbsp;200 Amp Electrical Service / Solar and Wind-Ready w/ 1"" Conduit<br> Furnace:&nbsp;Electric Furnace - Sized in Accordance w/ ACCA Manual S &amp; Manual J<br> Heat Duct Registers:&nbsp;In-Floor Crossover Heat Duct System<br> Other:&nbsp;Hose Bibb (2) - Front and Back - Per Print<br> Shut Off Valves Throughout:&nbsp;Whole House Master Water Shut-Off Valve<br> Thermostat:&nbsp;ecobee Programmable Thermostat<br> Washer Dryer Plumb Wire:&nbsp;Plumbed and Wired for Clothes Washer &amp; Dryer<br> Water Heater:&nbsp;Rheem 40 Gallon Hybrid Heat Pump Water Heater<br> Water Shut Off Valves:&nbsp;Shut Off Valves at all Sinks and Commodes<br> Door Hardware:&nbsp;Brushed Nickel Egg Shaped Interior Door Knobs</p>",Kitchen & Baths Specifications,"<p><u><strong>Kitchen Specifications</strong></u></p> 
<ul> 
 <li>Kitchen Sink:&nbsp;Kitchen Sink - 8"" Deep Stainless</li> 
 <li>Kitchen Refrigerator:&nbsp;Energy Star Rated 18 Cu. Ft . Refrigerator - Stainless / Plumb Only for Icemaker</li> 
 <li>Kitchen Range Type:&nbsp;Smooth Top Self-Cleaning Electric Range - Stainless</li> 
 <li>Kitchen Range Hood:&nbsp;Designer Rangehood - Stainless</li> 
 <li>Kitchen Faucets:&nbsp;Stellen - 1-Handle Pull Down Kitchen Faucet - Stainless</li> 
 <li>Kitchen Drawer Type:&nbsp;Metal Roller Drawer Guides / Bank of Drawers - Kitchen (2 Large &amp; 1 Small)</li> 
 <li>Kitchen Dishwasher:&nbsp;Energy Star Rated Dishwasher - Stainless</li> 
 <li>Kitchen Countertops:&nbsp;Laminate Countertops - Color Per Order Specs</li> 
 <li>Kitchen Cabinetry:&nbsp;Kitchen Perimeter Cabinets - Studio Beige or Bishop Oak / Island Bar Cabinets - Onyx Black or Plover</li> 
 <li>Kitchen Backsplash:&nbsp;4"" Laminate Backsplash Throughout (NO Sidesplash)</li> 
</ul> 
<p>&nbsp;</p> 
<p><u><strong>Baths Specifications</strong></u></p> 
<ul> 
 <li>Bathroom Cabinets:&nbsp;Bathroom Cabinets - Studio Beige or Bishop Oak</li> 
 <li>Bathroom Sink:&nbsp;Square China Sink w/ Pop Up</li> 
 <li>Bathroom Lighting:&nbsp;1 Recessed LED Light - Secondary Bedrooms / Recessed LED Lights Over Bath Sinks</li> 
 <li>Bathroom Countertops:&nbsp;Laminate Countertops - Color Per Order Specs</li> 
 <li>Bathroom Faucets:&nbsp;Weller - Brushed Nickel 2 - Handle Faucets / Low Flow Faucets and Shower Fixtures</li> 
 <li>Bathroom Fans:&nbsp;Power Exhaust Bath Fan</li> 
 <li>Bathroom Additional Specs:&nbsp;Privacy Locks on all Baths</li> 
 <li>Bathroom Backsplash:&nbsp;4"" Laminate Backsplash Throughout (NO Sidesplash)</li> 
 <li>Bathroom Shower:&nbsp;60"" Fiberglass Double Seat Shower w/ Framed Door (Most Baths) - See Print / Fiberglass 60 x 32 Tub Shower - Center Drain guest baths</li> 
 <li>Bathroom Toilet Type:&nbsp;Elongated Stool</li> 
 <li>Bathroom Mirror:&nbsp;Framed Mirror</li> 
</ul>",,,,,,,Clayton Homes
Product_Tem-26,Product,Rocket Man,"<p>&nbsp;</p><p><strong>BEDS:</strong>&nbsp;3&nbsp; &nbsp; &nbsp;<strong>BATHS:</strong>&nbsp;2&nbsp; &nbsp; &nbsp;<strong>SQ FT:</strong>&nbsp;1782&nbsp; &nbsp; &nbsp;</p><p><strong>W X L:</strong>&nbsp;27′ &nbsp;x 66′&nbsp;</p><p>The Tempo / Rocket Man built by Golden West Homes offers a spacious 1,782 square feet, featuring 3 bedrooms and 2 bathrooms. This manufactured home is thoughtfully designed to provide ample living areas for family gatherings and quiet retreats, with an open layout that fosters connection and private bedrooms that ensure comfort. The Rocket Man is a perfect choice for families or individuals who seek a modern, roomy home that balances style with practicality, creating an environment suited for both relaxation and activity.</p><p>&nbsp;</p>",866235_fefcd425bb1e471ebe2b4d0eb659f0f3~mv2.webp;866235_41831a86fdf54572bb07adb8d4e16c8d~mv2.png,"Double-Section;Tempo;1,500 - 2,000;Marlette;Golden West",51TEM28663AH,"1,760 SQ FT",0,,TRUE,PERCENT,0,InStock,,,,,,,,,,,,,,,,,,,,,3D Tour and Downloads,"<p><u><a href=""https://86623596-2b11-4ff5-aa33-cf74cb1ae58a.usrfiles.com/ugd/5db61f_6729605979a34386ad3d11ef43fa0a80.pdf"" target=""_blank"">Click Here to Download PDF</a></u></p> 
<p>&nbsp;</p> 
<p><a href=""https://momento360.com/e/uc/7adf3930fcb64740986c55e34aa3d850"" target=""_blank""><u>Click Here for Virtual Tour</u></a></p>",Construction Specifications,"<p>&nbsp;</p> 
<ul> 
 <li>Ac Ready:&nbsp;Heat Pump / Air Conditioner Ready / Whole House Ventilation System</li> 
 <li>Additional Specs:&nbsp;eBuilt Home / Energy Star Certified / Vented Ridgecap (50% of Ridgeline) / Housewrap Under Siding - All Around / Smart Panel Soffit - Vented / 8"" Cement Facia w/ Painted Drip Edge to Match / 9"" Setback Frame / Brown Composite Porch Decking (if Applicable)</li> 
 <li>Exterior Wall On Center:&nbsp;16"" o.c.</li> 
 <li>Exterior Wall Studs:&nbsp;2 x 6 Exterior Walls</li> 
 <li>Floor Decking:&nbsp;19/32"" T&amp;G OSB Floor Decking</li> 
 <li>Floor Joists:&nbsp;12' Wide Floors = 2 x 6 Floor Joists - 16"" o.c. / 13' 4"" Floors = 2 x 6 Floor Joists - 16"" o.c. / 13' 4"" Wide Floors = 2 x 6 Floor Joists - 16"" o.c. / 15' Wide Floors = 2 x 6 Floor Joists - 16"" o.c.</li> 
 <li>Interior Wall On Center:&nbsp;24"" o.c.</li> 
 <li>Interior Wall Studs:&nbsp;2 x 3 Interior Walls</li> 
 <li>Roof Load:&nbsp;30# Roof Load - 24"" o.c. Rafters</li> 
 <li>Side Wall Height:&nbsp;8' Sidewalls w/ Flat Ceilings</li> 
 <li>Insulation (Floors):&nbsp;R 33 Inside I-Beams &amp; R 22 Outside I-Beams</li> 
 <li>Insulation (Walls):&nbsp;R 21</li> 
 <li>Insulation (Roof):&nbsp;R 38</li> 
 <li>Eaves:&nbsp;Single Section Homes = 4 1/2"" Sidewall &amp; 12"" Endwall (Nominal) / Multi Section Homes = 6"" Sidewall &amp; 12"" Endwall (Nominal)</li> 
</ul>",Exterior Specifications,"<ul> 
 <li>Additional Specs:&nbsp;Spring Doorstops - All Exterior Doors</li> 
 <li>Dormer:&nbsp;16' Dormer Multi Section Homes - Per Print (N/A on Porch Models) / Columns at Dormer Valleys / Accent Paint Between Columns and Under Dormer</li> 
 <li>Front Door:&nbsp;36"" Craftsman Fiberglass w/ Matte Black Thumblatch</li> 
 <li>Rear Door:&nbsp;36"" 9 Lite Fiberglass w/ Brushed Nickel Egg Knob</li> 
 <li>Roof Pitch:&nbsp;Single Section Homes = 4/12 Roof Pitch / Multi Section Homes = Nominal 3/12 Roof Pitch</li> 
 <li>Shingles:&nbsp;Architectural Shingles - Color: Weathered Wood</li> 
 <li>Siding:&nbsp;3/8"" LP Smartpanel Vertical Siding</li> 
 <li>Window Trim:&nbsp;4"" LP Window Trim</li> 
 <li>Window Type:&nbsp;White Vinyl Framed, Argon Gas, Low ""E"" Windows</li> 
 <li>Exterior Lighting:&nbsp;Black Lantern Style Exterior Light w/ LED Bulb - Front Door / Jelly Jar Style Exterior Light w/ LED Bulb - Back Door(s)</li> 
 <li>Exterior Outlets:&nbsp;Exterior GFI Receptacle (2) - Front and Back - Per Print</li> 
</ul>",Interior Specifications,"<ul> 
 <li>Baseboards:&nbsp;3 1/2"" White Baseboard Throughout (Closets w/ Doors &amp; Pantries = 2"" Batton)</li> 
 <li>Ceiling Fans:&nbsp;Wire &amp; Brace for Fan - Living Room and Primary Bedroom</li> 
 <li>Ceiling Type Or Grade:&nbsp;2 1/4"" White Ceiling Trim (Closets w/ Doors &amp; Pantries = 2"" Batton)</li> 
 <li>Safety Alarms:&nbsp;Combination CO / Smoke Detector</li> 
 <li>Window Type:&nbsp;White Cased Window Wrap - All Windows</li> 
 <li>Wall Finish:&nbsp;Orange Peel Drywall Texture / Square Drywall Corners</li> 
 <li>Interior Doors:&nbsp;White Cathedral Interior Doors w/ 3 Hinges / 2 1/4"" White Door Casing (Closets w/ Doors &amp; Pantries = 2"" Batton)</li> 
 <li>Interior Lighting:&nbsp;Recessed LED Lights - Per Electrical Print</li> 
 <li>Interior Flooring:&nbsp;LUX Aged European Oak LX 311 - Vinyl Sheet Flooring - Per Print</li> 
 <li>Cabinetry &amp; Counters:&nbsp;Wire Shelving in Closets, Linens and Pantries / Full Hardwood Cabinet System - Doors, Face Frames and Sidepanels / 42"" Overhead Cabinets / Flat Crown Moulding on Overheads / Blonde Maple Lined Base &amp; Overhead Cabinets / Cabinet Matched Liner Behind Refrigerator / 1 Fixed Half Shelf in Base Cabinets (1/2"" Thick w/ Cleats) / 1 Fixed Shelf in Overhead Cabinets (1/2"" Thick w/ Wrapped Cleats)</li> 
 <li>Interior Paint:&nbsp;Interior Paint = Greek Villa SW 7551 (Flat Finish)</li> 
 <li>Carpet Type Or Grade:&nbsp;25 oz. New Wave Carpet - Color: Weathered (Multi Sections Only) - Shipped Loose / 5# Carpet Pad</li> 
</ul>",Utilities Specifications,"<p>Electrical Service:&nbsp;200 Amp Electrical Service / Solar and Wind-Ready w/ 1"" Conduit<br> Furnace:&nbsp;Electric Furnace - Sized in Accordance w/ ACCA Manual S &amp; Manual J<br> Heat Duct Registers:&nbsp;In-Floor Crossover Heat Duct System<br> Other:&nbsp;Hose Bibb (2) - Front and Back - Per Print<br> Shut Off Valves Throughout:&nbsp;Whole House Master Water Shut-Off Valve<br> Thermostat:&nbsp;ecobee Programmable Thermostat<br> Washer Dryer Plumb Wire:&nbsp;Plumbed and Wired for Clothes Washer &amp; Dryer<br> Water Heater:&nbsp;Rheem 40 Gallon Hybrid Heat Pump Water Heater<br> Water Shut Off Valves:&nbsp;Shut Off Valves at all Sinks and Commodes<br> Door Hardware:&nbsp;Brushed Nickel Egg Shaped Interior Door Knobs</p>",Kitchen & Baths Specifications,"<p><u><strong>Kitchen Specifications</strong></u></p> 
<ul> 
 <li>Kitchen Sink:&nbsp;Kitchen Sink - 8"" Deep Stainless</li> 
 <li>Kitchen Refrigerator:&nbsp;Energy Star Rated 18 Cu. Ft . Refrigerator - Stainless / Plumb Only for Icemaker</li> 
 <li>Kitchen Range Type:&nbsp;Smooth Top Self-Cleaning Electric Range - Stainless</li> 
 <li>Kitchen Range Hood:&nbsp;Designer Rangehood - Stainless</li> 
 <li>Kitchen Faucets:&nbsp;Stellen - 1-Handle Pull Down Kitchen Faucet - Stainless</li> 
 <li>Kitchen Drawer Type:&nbsp;Metal Roller Drawer Guides / Bank of Drawers - Kitchen (2 Large &amp; 1 Small)</li> 
 <li>Kitchen Dishwasher:&nbsp;Energy Star Rated Dishwasher - Stainless</li> 
 <li>Kitchen Countertops:&nbsp;Laminate Countertops - Color Per Order Specs</li> 
 <li>Kitchen Cabinetry:&nbsp;Kitchen Perimeter Cabinets - Studio Beige or Bishop Oak / Island Bar Cabinets - Onyx Black or Plover</li> 
 <li>Kitchen Backsplash:&nbsp;4"" Laminate Backsplash Throughout (NO Sidesplash)</li> 
</ul> 
<p>&nbsp;</p> 
<p><u><strong>Baths Specifications</strong></u></p> 
<ul> 
 <li>Bathroom Cabinets:&nbsp;Bathroom Cabinets - Studio Beige or Bishop Oak</li> 
 <li>Bathroom Sink:&nbsp;Square China Sink w/ Pop Up</li> 
 <li>Bathroom Lighting:&nbsp;1 Recessed LED Light - Secondary Bedrooms / Recessed LED Lights Over Bath Sinks</li> 
 <li>Bathroom Countertops:&nbsp;Laminate Countertops - Color Per Order Specs</li> 
 <li>Bathroom Faucets:&nbsp;Weller - Brushed Nickel 2 - Handle Faucets / Low Flow Faucets and Shower Fixtures</li> 
 <li>Bathroom Fans:&nbsp;Power Exhaust Bath Fan</li> 
 <li>Bathroom Additional Specs:&nbsp;Privacy Locks on all Baths</li> 
 <li>Bathroom Backsplash:&nbsp;4"" Laminate Backsplash Throughout (NO Sidesplash)</li> 
 <li>Bathroom Shower:&nbsp;60"" Fiberglass Double Seat Shower w/ Framed Door (Most Baths) - See Print / Fiberglass 60 x 32 Tub Shower - Center Drain guest baths</li> 
 <li>Bathroom Toilet Type:&nbsp;Elongated Stool</li> 
 <li>Bathroom Mirror:&nbsp;Framed Mirror</li> 
</ul>",,,,,,,Clayton Homes
Product_Tem-27,Product,Hey Jude,,,Marlette;Golden West;Tempo,,"1,920 SQ FT",0,,TRUE,PERCENT,0,InStock,,,,,,,,,,,,,,,,,,,,,3D Tour and Downloads,""" 
<p><u><a target="""">Click Here to Download PDF</a></u></p> 
<p>&nbsp;</p> 
<p><a target=""""><u>Click Here for Virtual Tour</u></a></p> """,Construction Specifications,"<p>&nbsp;</p> 
<ul> 
 <li>Ac Ready:&nbsp;Heat Pump / Air Conditioner Ready / Whole House Ventilation System</li> 
 <li>Additional Specs:&nbsp;eBuilt Home / Energy Star Certified / Vented Ridgecap (50% of Ridgeline) / Housewrap Under Siding - All Around / Smart Panel Soffit - Vented / 8"" Cement Facia w/ Painted Drip Edge to Match / 9"" Setback Frame / Brown Composite Porch Decking (if Applicable)</li> 
 <li>Exterior Wall On Center:&nbsp;16"" o.c.</li> 
 <li>Exterior Wall Studs:&nbsp;2 x 6 Exterior Walls</li> 
 <li>Floor Decking:&nbsp;19/32"" T&amp;G OSB Floor Decking</li> 
 <li>Floor Joists:&nbsp;12' Wide Floors = 2 x 6 Floor Joists - 16"" o.c. / 13' 4"" Floors = 2 x 6 Floor Joists - 16"" o.c. / 13' 4"" Wide Floors = 2 x 6 Floor Joists - 16"" o.c. / 15' Wide Floors = 2 x 6 Floor Joists - 16"" o.c.</li> 
 <li>Interior Wall On Center:&nbsp;24"" o.c.</li> 
 <li>Interior Wall Studs:&nbsp;2 x 3 Interior Walls</li> 
 <li>Roof Load:&nbsp;30# Roof Load - 24"" o.c. Rafters</li> 
 <li>Side Wall Height:&nbsp;8' Sidewalls w/ Flat Ceilings</li> 
 <li>Insulation (Floors):&nbsp;R 33 Inside I-Beams &amp; R 22 Outside I-Beams</li> 
 <li>Insulation (Walls):&nbsp;R 21</li> 
 <li>Insulation (Roof):&nbsp;R 38</li> 
 <li>Eaves:&nbsp;Single Section Homes = 4 1/2"" Sidewall &amp; 12"" Endwall (Nominal) / Multi Section Homes = 6"" Sidewall &amp; 12"" Endwall (Nominal)</li> 
</ul>",Exterior Specifications,"<ul> 
 <li>Additional Specs:&nbsp;Spring Doorstops - All Exterior Doors</li> 
 <li>Dormer:&nbsp;16' Dormer Multi Section Homes - Per Print (N/A on Porch Models) / Columns at Dormer Valleys / Accent Paint Between Columns and Under Dormer</li> 
 <li>Front Door:&nbsp;36"" Craftsman Fiberglass w/ Matte Black Thumblatch</li> 
 <li>Rear Door:&nbsp;36"" 9 Lite Fiberglass w/ Brushed Nickel Egg Knob</li> 
 <li>Roof Pitch:&nbsp;Single Section Homes = 4/12 Roof Pitch / Multi Section Homes = Nominal 3/12 Roof Pitch</li> 
 <li>Shingles:&nbsp;Architectural Shingles - Color: Weathered Wood</li> 
 <li>Siding:&nbsp;3/8"" LP Smartpanel Vertical Siding</li> 
 <li>Window Trim:&nbsp;4"" LP Window Trim</li> 
 <li>Window Type:&nbsp;White Vinyl Framed, Argon Gas, Low ""E"" Windows</li> 
 <li>Exterior Lighting:&nbsp;Black Lantern Style Exterior Light w/ LED Bulb - Front Door / Jelly Jar Style Exterior Light w/ LED Bulb - Back Door(s)</li> 
 <li>Exterior Outlets:&nbsp;Exterior GFI Receptacle (2) - Front and Back - Per Print</li> 
</ul>",Interior Specifications,"<ul> 
 <li>Baseboards:&nbsp;3 1/2"" White Baseboard Throughout (Closets w/ Doors &amp; Pantries = 2"" Batton)</li> 
 <li>Ceiling Fans:&nbsp;Wire &amp; Brace for Fan - Living Room and Primary Bedroom</li> 
 <li>Ceiling Type Or Grade:&nbsp;2 1/4"" White Ceiling Trim (Closets w/ Doors &amp; Pantries = 2"" Batton)</li> 
 <li>Safety Alarms:&nbsp;Combination CO / Smoke Detector</li> 
 <li>Window Type:&nbsp;White Cased Window Wrap - All Windows</li> 
 <li>Wall Finish:&nbsp;Orange Peel Drywall Texture / Square Drywall Corners</li> 
 <li>Interior Doors:&nbsp;White Cathedral Interior Doors w/ 3 Hinges / 2 1/4"" White Door Casing (Closets w/ Doors &amp; Pantries = 2"" Batton)</li> 
 <li>Interior Lighting:&nbsp;Recessed LED Lights - Per Electrical Print</li> 
 <li>Interior Flooring:&nbsp;LUX Aged European Oak LX 311 - Vinyl Sheet Flooring - Per Print</li> 
 <li>Cabinetry &amp; Counters:&nbsp;Wire Shelving in Closets, Linens and Pantries / Full Hardwood Cabinet System - Doors, Face Frames and Sidepanels / 42"" Overhead Cabinets / Flat Crown Moulding on Overheads / Blonde Maple Lined Base &amp; Overhead Cabinets / Cabinet Matched Liner Behind Refrigerator / 1 Fixed Half Shelf in Base Cabinets (1/2"" Thick w/ Cleats) / 1 Fixed Shelf in Overhead Cabinets (1/2"" Thick w/ Wrapped Cleats)</li> 
 <li>Interior Paint:&nbsp;Interior Paint = Greek Villa SW 7551 (Flat Finish)</li> 
 <li>Carpet Type Or Grade:&nbsp;25 oz. New Wave Carpet - Color: Weathered (Multi Sections Only) - Shipped Loose / 5# Carpet Pad</li> 
</ul>",Utilities Specifications,"<p>Electrical Service:&nbsp;200 Amp Electrical Service / Solar and Wind-Ready w/ 1"" Conduit<br> Furnace:&nbsp;Electric Furnace - Sized in Accordance w/ ACCA Manual S &amp; Manual J<br> Heat Duct Registers:&nbsp;In-Floor Crossover Heat Duct System<br> Other:&nbsp;Hose Bibb (2) - Front and Back - Per Print<br> Shut Off Valves Throughout:&nbsp;Whole House Master Water Shut-Off Valve<br> Thermostat:&nbsp;ecobee Programmable Thermostat<br> Washer Dryer Plumb Wire:&nbsp;Plumbed and Wired for Clothes Washer &amp; Dryer<br> Water Heater:&nbsp;Rheem 40 Gallon Hybrid Heat Pump Water Heater<br> Water Shut Off Valves:&nbsp;Shut Off Valves at all Sinks and Commodes<br> Door Hardware:&nbsp;Brushed Nickel Egg Shaped Interior Door Knobs</p>",Kitchen & Baths Specifications,"<p><u><strong>Kitchen Specifications</strong></u></p> 
<ul> 
 <li>Kitchen Sink:&nbsp;Kitchen Sink - 8"" Deep Stainless</li> 
 <li>Kitchen Refrigerator:&nbsp;Energy Star Rated 18 Cu. Ft . Refrigerator - Stainless / Plumb Only for Icemaker</li> 
 <li>Kitchen Range Type:&nbsp;Smooth Top Self-Cleaning Electric Range - Stainless</li> 
 <li>Kitchen Range Hood:&nbsp;Designer Rangehood - Stainless</li> 
 <li>Kitchen Faucets:&nbsp;Stellen - 1-Handle Pull Down Kitchen Faucet - Stainless</li> 
 <li>Kitchen Drawer Type:&nbsp;Metal Roller Drawer Guides / Bank of Drawers - Kitchen (2 Large &amp; 1 Small)</li> 
 <li>Kitchen Dishwasher:&nbsp;Energy Star Rated Dishwasher - Stainless</li> 
 <li>Kitchen Countertops:&nbsp;Laminate Countertops - Color Per Order Specs</li> 
 <li>Kitchen Cabinetry:&nbsp;Kitchen Perimeter Cabinets - Studio Beige or Bishop Oak / Island Bar Cabinets - Onyx Black or Plover</li> 
 <li>Kitchen Backsplash:&nbsp;4"" Laminate Backsplash Throughout (NO Sidesplash)</li> 
</ul> 
<p>&nbsp;</p> 
<p><u><strong>Baths Specifications</strong></u></p> 
<ul> 
 <li>Bathroom Cabinets:&nbsp;Bathroom Cabinets - Studio Beige or Bishop Oak</li> 
 <li>Bathroom Sink:&nbsp;Square China Sink w/ Pop Up</li> 
 <li>Bathroom Lighting:&nbsp;1 Recessed LED Light - Secondary Bedrooms / Recessed LED Lights Over Bath Sinks</li> 
 <li>Bathroom Countertops:&nbsp;Laminate Countertops - Color Per Order Specs</li> 
 <li>Bathroom Faucets:&nbsp;Weller - Brushed Nickel 2 - Handle Faucets / Low Flow Faucets and Shower Fixtures</li> 
 <li>Bathroom Fans:&nbsp;Power Exhaust Bath Fan</li> 
 <li>Bathroom Additional Specs:&nbsp;Privacy Locks on all Baths</li> 
 <li>Bathroom Backsplash:&nbsp;4"" Laminate Backsplash Throughout (NO Sidesplash)</li> 
 <li>Bathroom Shower:&nbsp;60"" Fiberglass Double Seat Shower w/ Framed Door (Most Baths) - See Print / Fiberglass 60 x 32 Tub Shower - Center Drain guest baths</li> 
 <li>Bathroom Toilet Type:&nbsp;Elongated Stool</li> 
 <li>Bathroom Mirror:&nbsp;Framed Mirror</li> 
</ul>",,,,,,,Clayton Homes
Product_Tem-28,Product,Superfly,,,Marlette;Golden West;Tempo,,"2,052 SQ FT",0,,TRUE,PERCENT,0,InStock,,,,,,,,,,,,,,,,,,,,,3D Tour and Downloads,""" 
<p><u><a target="""">Click Here to Download PDF</a></u></p> 
<p>&nbsp;</p> 
<p><a target=""""><u>Click Here for Virtual Tour</u></a></p> """,Construction Specifications,"<p>&nbsp;</p> 
<ul> 
 <li>Ac Ready:&nbsp;Heat Pump / Air Conditioner Ready / Whole House Ventilation System</li> 
 <li>Additional Specs:&nbsp;eBuilt Home / Energy Star Certified / Vented Ridgecap (50% of Ridgeline) / Housewrap Under Siding - All Around / Smart Panel Soffit - Vented / 8"" Cement Facia w/ Painted Drip Edge to Match / 9"" Setback Frame / Brown Composite Porch Decking (if Applicable)</li> 
 <li>Exterior Wall On Center:&nbsp;16"" o.c.</li> 
 <li>Exterior Wall Studs:&nbsp;2 x 6 Exterior Walls</li> 
 <li>Floor Decking:&nbsp;19/32"" T&amp;G OSB Floor Decking</li> 
 <li>Floor Joists:&nbsp;12' Wide Floors = 2 x 6 Floor Joists - 16"" o.c. / 13' 4"" Floors = 2 x 6 Floor Joists - 16"" o.c. / 13' 4"" Wide Floors = 2 x 6 Floor Joists - 16"" o.c. / 15' Wide Floors = 2 x 6 Floor Joists - 16"" o.c.</li> 
 <li>Interior Wall On Center:&nbsp;24"" o.c.</li> 
 <li>Interior Wall Studs:&nbsp;2 x 3 Interior Walls</li> 
 <li>Roof Load:&nbsp;30# Roof Load - 24"" o.c. Rafters</li> 
 <li>Side Wall Height:&nbsp;8' Sidewalls w/ Flat Ceilings</li> 
 <li>Insulation (Floors):&nbsp;R 33 Inside I-Beams &amp; R 22 Outside I-Beams</li> 
 <li>Insulation (Walls):&nbsp;R 21</li> 
 <li>Insulation (Roof):&nbsp;R 38</li> 
 <li>Eaves:&nbsp;Single Section Homes = 4 1/2"" Sidewall &amp; 12"" Endwall (Nominal) / Multi Section Homes = 6"" Sidewall &amp; 12"" Endwall (Nominal)</li> 
</ul>",Exterior Specifications,"<ul> 
 <li>Additional Specs:&nbsp;Spring Doorstops - All Exterior Doors</li> 
 <li>Dormer:&nbsp;16' Dormer Multi Section Homes - Per Print (N/A on Porch Models) / Columns at Dormer Valleys / Accent Paint Between Columns and Under Dormer</li> 
 <li>Front Door:&nbsp;36"" Craftsman Fiberglass w/ Matte Black Thumblatch</li> 
 <li>Rear Door:&nbsp;36"" 9 Lite Fiberglass w/ Brushed Nickel Egg Knob</li> 
 <li>Roof Pitch:&nbsp;Single Section Homes = 4/12 Roof Pitch / Multi Section Homes = Nominal 3/12 Roof Pitch</li> 
 <li>Shingles:&nbsp;Architectural Shingles - Color: Weathered Wood</li> 
 <li>Siding:&nbsp;3/8"" LP Smartpanel Vertical Siding</li> 
 <li>Window Trim:&nbsp;4"" LP Window Trim</li> 
 <li>Window Type:&nbsp;White Vinyl Framed, Argon Gas, Low ""E"" Windows</li> 
 <li>Exterior Lighting:&nbsp;Black Lantern Style Exterior Light w/ LED Bulb - Front Door / Jelly Jar Style Exterior Light w/ LED Bulb - Back Door(s)</li> 
 <li>Exterior Outlets:&nbsp;Exterior GFI Receptacle (2) - Front and Back - Per Print</li> 
</ul>",Interior Specifications,"<ul> 
 <li>Baseboards:&nbsp;3 1/2"" White Baseboard Throughout (Closets w/ Doors &amp; Pantries = 2"" Batton)</li> 
 <li>Ceiling Fans:&nbsp;Wire &amp; Brace for Fan - Living Room and Primary Bedroom</li> 
 <li>Ceiling Type Or Grade:&nbsp;2 1/4"" White Ceiling Trim (Closets w/ Doors &amp; Pantries = 2"" Batton)</li> 
 <li>Safety Alarms:&nbsp;Combination CO / Smoke Detector</li> 
 <li>Window Type:&nbsp;White Cased Window Wrap - All Windows</li> 
 <li>Wall Finish:&nbsp;Orange Peel Drywall Texture / Square Drywall Corners</li> 
 <li>Interior Doors:&nbsp;White Cathedral Interior Doors w/ 3 Hinges / 2 1/4"" White Door Casing (Closets w/ Doors &amp; Pantries = 2"" Batton)</li> 
 <li>Interior Lighting:&nbsp;Recessed LED Lights - Per Electrical Print</li> 
 <li>Interior Flooring:&nbsp;LUX Aged European Oak LX 311 - Vinyl Sheet Flooring - Per Print</li> 
 <li>Cabinetry &amp; Counters:&nbsp;Wire Shelving in Closets, Linens and Pantries / Full Hardwood Cabinet System - Doors, Face Frames and Sidepanels / 42"" Overhead Cabinets / Flat Crown Moulding on Overheads / Blonde Maple Lined Base &amp; Overhead Cabinets / Cabinet Matched Liner Behind Refrigerator / 1 Fixed Half Shelf in Base Cabinets (1/2"" Thick w/ Cleats) / 1 Fixed Shelf in Overhead Cabinets (1/2"" Thick w/ Wrapped Cleats)</li> 
 <li>Interior Paint:&nbsp;Interior Paint = Greek Villa SW 7551 (Flat Finish)</li> 
 <li>Carpet Type Or Grade:&nbsp;25 oz. New Wave Carpet - Color: Weathered (Multi Sections Only) - Shipped Loose / 5# Carpet Pad</li> 
</ul>",Utilities Specifications,"<p>Electrical Service:&nbsp;200 Amp Electrical Service / Solar and Wind-Ready w/ 1"" Conduit<br> Furnace:&nbsp;Electric Furnace - Sized in Accordance w/ ACCA Manual S &amp; Manual J<br> Heat Duct Registers:&nbsp;In-Floor Crossover Heat Duct System<br> Other:&nbsp;Hose Bibb (2) - Front and Back - Per Print<br> Shut Off Valves Throughout:&nbsp;Whole House Master Water Shut-Off Valve<br> Thermostat:&nbsp;ecobee Programmable Thermostat<br> Washer Dryer Plumb Wire:&nbsp;Plumbed and Wired for Clothes Washer &amp; Dryer<br> Water Heater:&nbsp;Rheem 40 Gallon Hybrid Heat Pump Water Heater<br> Water Shut Off Valves:&nbsp;Shut Off Valves at all Sinks and Commodes<br> Door Hardware:&nbsp;Brushed Nickel Egg Shaped Interior Door Knobs</p>",Kitchen & Baths Specifications,"<p><u><strong>Kitchen Specifications</strong></u></p> 
<ul> 
 <li>Kitchen Sink:&nbsp;Kitchen Sink - 8"" Deep Stainless</li> 
 <li>Kitchen Refrigerator:&nbsp;Energy Star Rated 18 Cu. Ft . Refrigerator - Stainless / Plumb Only for Icemaker</li> 
 <li>Kitchen Range Type:&nbsp;Smooth Top Self-Cleaning Electric Range - Stainless</li> 
 <li>Kitchen Range Hood:&nbsp;Designer Rangehood - Stainless</li> 
 <li>Kitchen Faucets:&nbsp;Stellen - 1-Handle Pull Down Kitchen Faucet - Stainless</li> 
 <li>Kitchen Drawer Type:&nbsp;Metal Roller Drawer Guides / Bank of Drawers - Kitchen (2 Large &amp; 1 Small)</li> 
 <li>Kitchen Dishwasher:&nbsp;Energy Star Rated Dishwasher - Stainless</li> 
 <li>Kitchen Countertops:&nbsp;Laminate Countertops - Color Per Order Specs</li> 
 <li>Kitchen Cabinetry:&nbsp;Kitchen Perimeter Cabinets - Studio Beige or Bishop Oak / Island Bar Cabinets - Onyx Black or Plover</li> 
 <li>Kitchen Backsplash:&nbsp;4"" Laminate Backsplash Throughout (NO Sidesplash)</li> 
</ul> 
<p>&nbsp;</p> 
<p><u><strong>Baths Specifications</strong></u></p> 
<ul> 
 <li>Bathroom Cabinets:&nbsp;Bathroom Cabinets - Studio Beige or Bishop Oak</li> 
 <li>Bathroom Sink:&nbsp;Square China Sink w/ Pop Up</li> 
 <li>Bathroom Lighting:&nbsp;1 Recessed LED Light - Secondary Bedrooms / Recessed LED Lights Over Bath Sinks</li> 
 <li>Bathroom Countertops:&nbsp;Laminate Countertops - Color Per Order Specs</li> 
 <li>Bathroom Faucets:&nbsp;Weller - Brushed Nickel 2 - Handle Faucets / Low Flow Faucets and Shower Fixtures</li> 
 <li>Bathroom Fans:&nbsp;Power Exhaust Bath Fan</li> 
 <li>Bathroom Additional Specs:&nbsp;Privacy Locks on all Baths</li> 
 <li>Bathroom Backsplash:&nbsp;4"" Laminate Backsplash Throughout (NO Sidesplash)</li> 
 <li>Bathroom Shower:&nbsp;60"" Fiberglass Double Seat Shower w/ Framed Door (Most Baths) - See Print / Fiberglass 60 x 32 Tub Shower - Center Drain guest baths</li> 
 <li>Bathroom Toilet Type:&nbsp;Elongated Stool</li> 
 <li>Bathroom Mirror:&nbsp;Framed Mirror</li> 
</ul>",,,,,,,Clayton Homes
Product_Tem-29,Product,Limelight,"<p>&nbsp;</p><p><strong>BEDS:</strong>&nbsp;3&nbsp; &nbsp; &nbsp;<strong>BATHS:</strong>&nbsp;2&nbsp; &nbsp; &nbsp;<strong>SQ FT:</strong>&nbsp;1,680&nbsp; &nbsp; &nbsp;</p><p><strong>W X L:</strong>&nbsp;30′&nbsp;x 56′</p><p>The Tempo / Limelight built by Golden West Homes offers 1,680 square feet of modern, well-organized living space, featuring 3 bedrooms and 2 bathrooms. This manufactured home is designed for those who value open areas for gatherings and private spaces for relaxation, with a layout that balances both perfectly. The Limelight is an ideal choice for families or individuals seeking a stylish yet functional home that enhances daily living with comfort and a touch of elegance, making it a wonderful setting for both lively and quiet moments.</p><p>&nbsp;</p>",866235_2a6e32f0b3944cbf80397586efdcaf29~mv2.webp;866235_aa107bd58fa14464b1904762d5e7ffe3~mv2.png,"Double-Section;Tempo;1,500 - 2,000;Marlette;Golden West",55TMP30563A,"1,680 SQ FT",0,,TRUE,PERCENT,0,InStock,,,,,,,,,,,,,,,,,,,,,3D Tour and Downloads,"<p><u><a href=""https://86623596-2b11-4ff5-aa33-cf74cb1ae58a.usrfiles.com/ugd/5db61f_01f67bd86da54211843ab738d0c5e9b7.pdf"" target=""_blank"">Click Here to Download PDF</a></u></p> 
<p>&nbsp;</p> 
<p><a href=""https://momento360.com/e/uc/52c10d9e02824495a80923576db9ef72"" target=""_blank""><u>Click Here for Virtual Tour</u></a></p>",Construction Specifications,"<p>&nbsp;</p> 
<ul> 
 <li>Ac Ready:&nbsp;Heat Pump / Air Conditioner Ready / Whole House Ventilation System</li> 
 <li>Additional Specs:&nbsp;eBuilt Home / Energy Star Certified / Vented Ridgecap (50% of Ridgeline) / Housewrap Under Siding - All Around / Smart Panel Soffit - Vented / 8"" Cement Facia w/ Painted Drip Edge to Match / 9"" Setback Frame / Brown Composite Porch Decking (if Applicable)</li> 
 <li>Exterior Wall On Center:&nbsp;16"" o.c.</li> 
 <li>Exterior Wall Studs:&nbsp;2 x 6 Exterior Walls</li> 
 <li>Floor Decking:&nbsp;19/32"" T&amp;G OSB Floor Decking</li> 
 <li>Floor Joists:&nbsp;12' Wide Floors = 2 x 6 Floor Joists - 16"" o.c. / 13' 4"" Floors = 2 x 6 Floor Joists - 16"" o.c. / 13' 4"" Wide Floors = 2 x 6 Floor Joists - 16"" o.c. / 15' Wide Floors = 2 x 6 Floor Joists - 16"" o.c.</li> 
 <li>Interior Wall On Center:&nbsp;24"" o.c.</li> 
 <li>Interior Wall Studs:&nbsp;2 x 3 Interior Walls</li> 
 <li>Roof Load:&nbsp;30# Roof Load - 24"" o.c. Rafters</li> 
 <li>Side Wall Height:&nbsp;8' Sidewalls w/ Flat Ceilings</li> 
 <li>Insulation (Floors):&nbsp;R 33 Inside I-Beams &amp; R 22 Outside I-Beams</li> 
 <li>Insulation (Walls):&nbsp;R 21</li> 
 <li>Insulation (Roof):&nbsp;R 38</li> 
 <li>Eaves:&nbsp;Single Section Homes = 4 1/2"" Sidewall &amp; 12"" Endwall (Nominal) / Multi Section Homes = 6"" Sidewall &amp; 12"" Endwall (Nominal)</li> 
</ul>",Exterior Specifications,"<ul> 
 <li>Additional Specs:&nbsp;Spring Doorstops - All Exterior Doors</li> 
 <li>Dormer:&nbsp;16' Dormer Multi Section Homes - Per Print (N/A on Porch Models) / Columns at Dormer Valleys / Accent Paint Between Columns and Under Dormer</li> 
 <li>Front Door:&nbsp;36"" Craftsman Fiberglass w/ Matte Black Thumblatch</li> 
 <li>Rear Door:&nbsp;36"" 9 Lite Fiberglass w/ Brushed Nickel Egg Knob</li> 
 <li>Roof Pitch:&nbsp;Single Section Homes = 4/12 Roof Pitch / Multi Section Homes = Nominal 3/12 Roof Pitch</li> 
 <li>Shingles:&nbsp;Architectural Shingles - Color: Weathered Wood</li> 
 <li>Siding:&nbsp;3/8"" LP Smartpanel Vertical Siding</li> 
 <li>Window Trim:&nbsp;4"" LP Window Trim</li> 
 <li>Window Type:&nbsp;White Vinyl Framed, Argon Gas, Low ""E"" Windows</li> 
 <li>Exterior Lighting:&nbsp;Black Lantern Style Exterior Light w/ LED Bulb - Front Door / Jelly Jar Style Exterior Light w/ LED Bulb - Back Door(s)</li> 
 <li>Exterior Outlets:&nbsp;Exterior GFI Receptacle (2) - Front and Back - Per Print</li> 
</ul>",Interior Specifications,"<ul> 
 <li>Baseboards:&nbsp;3 1/2"" White Baseboard Throughout (Closets w/ Doors &amp; Pantries = 2"" Batton)</li> 
 <li>Ceiling Fans:&nbsp;Wire &amp; Brace for Fan - Living Room and Primary Bedroom</li> 
 <li>Ceiling Type Or Grade:&nbsp;2 1/4"" White Ceiling Trim (Closets w/ Doors &amp; Pantries = 2"" Batton)</li> 
 <li>Safety Alarms:&nbsp;Combination CO / Smoke Detector</li> 
 <li>Window Type:&nbsp;White Cased Window Wrap - All Windows</li> 
 <li>Wall Finish:&nbsp;Orange Peel Drywall Texture / Square Drywall Corners</li> 
 <li>Interior Doors:&nbsp;White Cathedral Interior Doors w/ 3 Hinges / 2 1/4"" White Door Casing (Closets w/ Doors &amp; Pantries = 2"" Batton)</li> 
 <li>Interior Lighting:&nbsp;Recessed LED Lights - Per Electrical Print</li> 
 <li>Interior Flooring:&nbsp;LUX Aged European Oak LX 311 - Vinyl Sheet Flooring - Per Print</li> 
 <li>Cabinetry &amp; Counters:&nbsp;Wire Shelving in Closets, Linens and Pantries / Full Hardwood Cabinet System - Doors, Face Frames and Sidepanels / 42"" Overhead Cabinets / Flat Crown Moulding on Overheads / Blonde Maple Lined Base &amp; Overhead Cabinets / Cabinet Matched Liner Behind Refrigerator / 1 Fixed Half Shelf in Base Cabinets (1/2"" Thick w/ Cleats) / 1 Fixed Shelf in Overhead Cabinets (1/2"" Thick w/ Wrapped Cleats)</li> 
 <li>Interior Paint:&nbsp;Interior Paint = Greek Villa SW 7551 (Flat Finish)</li> 
 <li>Carpet Type Or Grade:&nbsp;25 oz. New Wave Carpet - Color: Weathered (Multi Sections Only) - Shipped Loose / 5# Carpet Pad</li> 
</ul>",Utilities Specifications,"<p>Electrical Service:&nbsp;200 Amp Electrical Service / Solar and Wind-Ready w/ 1"" Conduit<br> Furnace:&nbsp;Electric Furnace - Sized in Accordance w/ ACCA Manual S &amp; Manual J<br> Heat Duct Registers:&nbsp;In-Floor Crossover Heat Duct System<br> Other:&nbsp;Hose Bibb (2) - Front and Back - Per Print<br> Shut Off Valves Throughout:&nbsp;Whole House Master Water Shut-Off Valve<br> Thermostat:&nbsp;ecobee Programmable Thermostat<br> Washer Dryer Plumb Wire:&nbsp;Plumbed and Wired for Clothes Washer &amp; Dryer<br> Water Heater:&nbsp;Rheem 40 Gallon Hybrid Heat Pump Water Heater<br> Water Shut Off Valves:&nbsp;Shut Off Valves at all Sinks and Commodes<br> Door Hardware:&nbsp;Brushed Nickel Egg Shaped Interior Door Knobs</p>",Kitchen & Baths Specifications,"<p><u><strong>Kitchen Specifications</strong></u></p> 
<ul> 
 <li>Kitchen Sink:&nbsp;Kitchen Sink - 8"" Deep Stainless</li> 
 <li>Kitchen Refrigerator:&nbsp;Energy Star Rated 18 Cu. Ft . Refrigerator - Stainless / Plumb Only for Icemaker</li> 
 <li>Kitchen Range Type:&nbsp;Smooth Top Self-Cleaning Electric Range - Stainless</li> 
 <li>Kitchen Range Hood:&nbsp;Designer Rangehood - Stainless</li> 
 <li>Kitchen Faucets:&nbsp;Stellen - 1-Handle Pull Down Kitchen Faucet - Stainless</li> 
 <li>Kitchen Drawer Type:&nbsp;Metal Roller Drawer Guides / Bank of Drawers - Kitchen (2 Large &amp; 1 Small)</li> 
 <li>Kitchen Dishwasher:&nbsp;Energy Star Rated Dishwasher - Stainless</li> 
 <li>Kitchen Countertops:&nbsp;Laminate Countertops - Color Per Order Specs</li> 
 <li>Kitchen Cabinetry:&nbsp;Kitchen Perimeter Cabinets - Studio Beige or Bishop Oak / Island Bar Cabinets - Onyx Black or Plover</li> 
 <li>Kitchen Backsplash:&nbsp;4"" Laminate Backsplash Throughout (NO Sidesplash)</li> 
</ul> 
<p>&nbsp;</p> 
<p><u><strong>Baths Specifications</strong></u></p> 
<ul> 
 <li>Bathroom Cabinets:&nbsp;Bathroom Cabinets - Studio Beige or Bishop Oak</li> 
 <li>Bathroom Sink:&nbsp;Square China Sink w/ Pop Up</li> 
 <li>Bathroom Lighting:&nbsp;1 Recessed LED Light - Secondary Bedrooms / Recessed LED Lights Over Bath Sinks</li> 
 <li>Bathroom Countertops:&nbsp;Laminate Countertops - Color Per Order Specs</li> 
 <li>Bathroom Faucets:&nbsp;Weller - Brushed Nickel 2 - Handle Faucets / Low Flow Faucets and Shower Fixtures</li> 
 <li>Bathroom Fans:&nbsp;Power Exhaust Bath Fan</li> 
 <li>Bathroom Additional Specs:&nbsp;Privacy Locks on all Baths</li> 
 <li>Bathroom Backsplash:&nbsp;4"" Laminate Backsplash Throughout (NO Sidesplash)</li> 
 <li>Bathroom Shower:&nbsp;60"" Fiberglass Double Seat Shower w/ Framed Door (Most Baths) - See Print / Fiberglass 60 x 32 Tub Shower - Center Drain guest baths</li> 
 <li>Bathroom Toilet Type:&nbsp;Elongated Stool</li> 
 <li>Bathroom Mirror:&nbsp;Framed Mirror</li> 
</ul>",,,,,,,Clayton Homes
Product_Tem-30,Product,Lean on Me,,,Marlette;Golden West;Tempo,,"1,493 SQ FT",0,,TRUE,PERCENT,0,InStock,,,,,,,,,,,,,,,,,,,,,3D Tour and Downloads,""" 
<p><u><a target="""">Click Here to Download PDF</a></u></p> 
<p>&nbsp;</p> 
<p><a target=""""><u>Click Here for Virtual Tour</u></a></p> """,Construction Specifications,"<p>&nbsp;</p> 
<ul> 
 <li>Ac Ready:&nbsp;Heat Pump / Air Conditioner Ready / Whole House Ventilation System</li> 
 <li>Additional Specs:&nbsp;eBuilt Home / Energy Star Certified / Vented Ridgecap (50% of Ridgeline) / Housewrap Under Siding - All Around / Smart Panel Soffit - Vented / 8"" Cement Facia w/ Painted Drip Edge to Match / 9"" Setback Frame / Brown Composite Porch Decking (if Applicable)</li> 
 <li>Exterior Wall On Center:&nbsp;16"" o.c.</li> 
 <li>Exterior Wall Studs:&nbsp;2 x 6 Exterior Walls</li> 
 <li>Floor Decking:&nbsp;19/32"" T&amp;G OSB Floor Decking</li> 
 <li>Floor Joists:&nbsp;12' Wide Floors = 2 x 6 Floor Joists - 16"" o.c. / 13' 4"" Floors = 2 x 6 Floor Joists - 16"" o.c. / 13' 4"" Wide Floors = 2 x 6 Floor Joists - 16"" o.c. / 15' Wide Floors = 2 x 6 Floor Joists - 16"" o.c.</li> 
 <li>Interior Wall On Center:&nbsp;24"" o.c.</li> 
 <li>Interior Wall Studs:&nbsp;2 x 3 Interior Walls</li> 
 <li>Roof Load:&nbsp;30# Roof Load - 24"" o.c. Rafters</li> 
 <li>Side Wall Height:&nbsp;8' Sidewalls w/ Flat Ceilings</li> 
 <li>Insulation (Floors):&nbsp;R 33 Inside I-Beams &amp; R 22 Outside I-Beams</li> 
 <li>Insulation (Walls):&nbsp;R 21</li> 
 <li>Insulation (Roof):&nbsp;R 38</li> 
 <li>Eaves:&nbsp;Single Section Homes = 4 1/2"" Sidewall &amp; 12"" Endwall (Nominal) / Multi Section Homes = 6"" Sidewall &amp; 12"" Endwall (Nominal)</li> 
</ul>",Exterior Specifications,"<ul> 
 <li>Additional Specs:&nbsp;Spring Doorstops - All Exterior Doors</li> 
 <li>Dormer:&nbsp;16' Dormer Multi Section Homes - Per Print (N/A on Porch Models) / Columns at Dormer Valleys / Accent Paint Between Columns and Under Dormer</li> 
 <li>Front Door:&nbsp;36"" Craftsman Fiberglass w/ Matte Black Thumblatch</li> 
 <li>Rear Door:&nbsp;36"" 9 Lite Fiberglass w/ Brushed Nickel Egg Knob</li> 
 <li>Roof Pitch:&nbsp;Single Section Homes = 4/12 Roof Pitch / Multi Section Homes = Nominal 3/12 Roof Pitch</li> 
 <li>Shingles:&nbsp;Architectural Shingles - Color: Weathered Wood</li> 
 <li>Siding:&nbsp;3/8"" LP Smartpanel Vertical Siding</li> 
 <li>Window Trim:&nbsp;4"" LP Window Trim</li> 
 <li>Window Type:&nbsp;White Vinyl Framed, Argon Gas, Low ""E"" Windows</li> 
 <li>Exterior Lighting:&nbsp;Black Lantern Style Exterior Light w/ LED Bulb - Front Door / Jelly Jar Style Exterior Light w/ LED Bulb - Back Door(s)</li> 
 <li>Exterior Outlets:&nbsp;Exterior GFI Receptacle (2) - Front and Back - Per Print</li> 
</ul>",Interior Specifications,"<ul> 
 <li>Baseboards:&nbsp;3 1/2"" White Baseboard Throughout (Closets w/ Doors &amp; Pantries = 2"" Batton)</li> 
 <li>Ceiling Fans:&nbsp;Wire &amp; Brace for Fan - Living Room and Primary Bedroom</li> 
 <li>Ceiling Type Or Grade:&nbsp;2 1/4"" White Ceiling Trim (Closets w/ Doors &amp; Pantries = 2"" Batton)</li> 
 <li>Safety Alarms:&nbsp;Combination CO / Smoke Detector</li> 
 <li>Window Type:&nbsp;White Cased Window Wrap - All Windows</li> 
 <li>Wall Finish:&nbsp;Orange Peel Drywall Texture / Square Drywall Corners</li> 
 <li>Interior Doors:&nbsp;White Cathedral Interior Doors w/ 3 Hinges / 2 1/4"" White Door Casing (Closets w/ Doors &amp; Pantries = 2"" Batton)</li> 
 <li>Interior Lighting:&nbsp;Recessed LED Lights - Per Electrical Print</li> 
 <li>Interior Flooring:&nbsp;LUX Aged European Oak LX 311 - Vinyl Sheet Flooring - Per Print</li> 
 <li>Cabinetry &amp; Counters:&nbsp;Wire Shelving in Closets, Linens and Pantries / Full Hardwood Cabinet System - Doors, Face Frames and Sidepanels / 42"" Overhead Cabinets / Flat Crown Moulding on Overheads / Blonde Maple Lined Base &amp; Overhead Cabinets / Cabinet Matched Liner Behind Refrigerator / 1 Fixed Half Shelf in Base Cabinets (1/2"" Thick w/ Cleats) / 1 Fixed Shelf in Overhead Cabinets (1/2"" Thick w/ Wrapped Cleats)</li> 
 <li>Interior Paint:&nbsp;Interior Paint = Greek Villa SW 7551 (Flat Finish)</li> 
 <li>Carpet Type Or Grade:&nbsp;25 oz. New Wave Carpet - Color: Weathered (Multi Sections Only) - Shipped Loose / 5# Carpet Pad</li> 
</ul>",Utilities Specifications,"<p>Electrical Service:&nbsp;200 Amp Electrical Service / Solar and Wind-Ready w/ 1"" Conduit<br> Furnace:&nbsp;Electric Furnace - Sized in Accordance w/ ACCA Manual S &amp; Manual J<br> Heat Duct Registers:&nbsp;In-Floor Crossover Heat Duct System<br> Other:&nbsp;Hose Bibb (2) - Front and Back - Per Print<br> Shut Off Valves Throughout:&nbsp;Whole House Master Water Shut-Off Valve<br> Thermostat:&nbsp;ecobee Programmable Thermostat<br> Washer Dryer Plumb Wire:&nbsp;Plumbed and Wired for Clothes Washer &amp; Dryer<br> Water Heater:&nbsp;Rheem 40 Gallon Hybrid Heat Pump Water Heater<br> Water Shut Off Valves:&nbsp;Shut Off Valves at all Sinks and Commodes<br> Door Hardware:&nbsp;Brushed Nickel Egg Shaped Interior Door Knobs</p>",Kitchen & Baths Specifications,"<p><u><strong>Kitchen Specifications</strong></u></p> 
<ul> 
 <li>Kitchen Sink:&nbsp;Kitchen Sink - 8"" Deep Stainless</li> 
 <li>Kitchen Refrigerator:&nbsp;Energy Star Rated 18 Cu. Ft . Refrigerator - Stainless / Plumb Only for Icemaker</li> 
 <li>Kitchen Range Type:&nbsp;Smooth Top Self-Cleaning Electric Range - Stainless</li> 
 <li>Kitchen Range Hood:&nbsp;Designer Rangehood - Stainless</li> 
 <li>Kitchen Faucets:&nbsp;Stellen - 1-Handle Pull Down Kitchen Faucet - Stainless</li> 
 <li>Kitchen Drawer Type:&nbsp;Metal Roller Drawer Guides / Bank of Drawers - Kitchen (2 Large &amp; 1 Small)</li> 
 <li>Kitchen Dishwasher:&nbsp;Energy Star Rated Dishwasher - Stainless</li> 
 <li>Kitchen Countertops:&nbsp;Laminate Countertops - Color Per Order Specs</li> 
 <li>Kitchen Cabinetry:&nbsp;Kitchen Perimeter Cabinets - Studio Beige or Bishop Oak / Island Bar Cabinets - Onyx Black or Plover</li> 
 <li>Kitchen Backsplash:&nbsp;4"" Laminate Backsplash Throughout (NO Sidesplash)</li> 
</ul> 
<p>&nbsp;</p> 
<p><u><strong>Baths Specifications</strong></u></p> 
<ul> 
 <li>Bathroom Cabinets:&nbsp;Bathroom Cabinets - Studio Beige or Bishop Oak</li> 
 <li>Bathroom Sink:&nbsp;Square China Sink w/ Pop Up</li> 
 <li>Bathroom Lighting:&nbsp;1 Recessed LED Light - Secondary Bedrooms / Recessed LED Lights Over Bath Sinks</li> 
 <li>Bathroom Countertops:&nbsp;Laminate Countertops - Color Per Order Specs</li> 
 <li>Bathroom Faucets:&nbsp;Weller - Brushed Nickel 2 - Handle Faucets / Low Flow Faucets and Shower Fixtures</li> 
 <li>Bathroom Fans:&nbsp;Power Exhaust Bath Fan</li> 
 <li>Bathroom Additional Specs:&nbsp;Privacy Locks on all Baths</li> 
 <li>Bathroom Backsplash:&nbsp;4"" Laminate Backsplash Throughout (NO Sidesplash)</li> 
 <li>Bathroom Shower:&nbsp;60"" Fiberglass Double Seat Shower w/ Framed Door (Most Baths) - See Print / Fiberglass 60 x 32 Tub Shower - Center Drain guest baths</li> 
 <li>Bathroom Toilet Type:&nbsp;Elongated Stool</li> 
 <li>Bathroom Mirror:&nbsp;Framed Mirror</li> 
</ul>",,,,,,,Clayton Homes
product_GWdrm-casita,Product,Dream Silver / Casita,"<p><strong>BEDS:</strong>&nbsp;1&nbsp; &nbsp; &nbsp;<strong>BATHS:</strong>&nbsp;1&nbsp; &nbsp; &nbsp;<strong>SQ FT:</strong>&nbsp;409&nbsp; &nbsp; &nbsp;</p><p><strong>W X L:</strong>&nbsp;13′ 6″ x 38′ 4″</p><p>The Dream Silver / 30-1 ADU Casita built by Golden West Homes provides 409 square feet of efficiently crafted living space, featuring 1 bedroom and 1 bathroom. This manufactured home is perfect for those seeking a cozy yet functional layout, with an open area ideal for daily relaxation and a private bedroom that offers a restful escape. The 30-1 ADU Casita is an excellent choice for individuals or couples looking for a compact, modern home that combines practicality with a welcoming, comfortable atmosphere.</p>",866235_9c8d2709b61a478ebb1b659915750f8b~mv2.webp;866235_180ed77e6d0c4e489699bf325119ba07~mv2.webp,Golden West;Dream Silver;100 - 500;Single-Section,30-1 ADU,409 SQ FT,0,,TRUE,PERCENT,0,InStock,,,,,,,,,,,,,,,,,,,,,3D Tour and Downloads,"<p>&nbsp;</p> 
<p><a href=""https://momento360.com/e/uc/dcc793a4ecd5443eab27501b640cf53b"" target=""_blank&quot;""><u>Click Here for Virtual Tour</u></a></p>
<p><u><a href=""https://raw.githubusercontent.com/CadelMVH/Wix-Gallery-Downloads/main/DRM/Casita.pdf"" target=""_blank&quot;"">Click Here to Download PDF</a></u></p>",Construction Specifications,"<ul> 
 <li>Additional Specs:&nbsp;In-Floor Waste Plumbing / Kiln Dried Framing Lumber / GFI Receptacle at all Wet Areas</li> 
 <li>Exterior Wall On Center:&nbsp;16” O.C.</li> 
 <li>Exterior Wall Studs:&nbsp;2'x6' Exterior Walls</li> 
 <li>Floor Decking:&nbsp;19/32” OSB T&amp;G Floor Decking</li> 
 <li>Floor Joists:&nbsp;2x6 Floor Joists -16” O.C.</li> 
 <li>Roof Load:&nbsp;30# Roof Load</li> 
 <li>Side Wall Height:&nbsp;96” Sidewall (Flat Ceiling)</li> 
 <li>Insulation (Floors):&nbsp;R-33</li> 
 <li>Insulation (Walls):&nbsp;R-21</li> 
 <li>Insulation (Ceiling):&nbsp;R-40</li> 
</ul>",Exterior Specifications,"<ul> 
 <li>Additional Specs:&nbsp;2x8 Rough Sawn / Continuous Eave Soffit Venting / Ridge Style Roof Venting / Deadbolts on Front and Rear Doors</li> 
 <li>Front Door:&nbsp;36” Front Doors</li> 
 <li>Rear Door:&nbsp;36” Rear Doors</li> 
 <li>Roof Pitch:&nbsp;3:12 (4:12 pitch single sections)</li> 
 <li>Shingles:&nbsp;Architectural Shingles</li> 
 <li>Siding:&nbsp;LP Smart Panel Siding w/5/50 year warranty</li> 
 <li>Window Trim:&nbsp;4” Window Trim</li> 
 <li>Window Type:&nbsp;Dual Pane Low-E Windows</li> 
 <li>Exterior Lighting:&nbsp;Porch Lights at each Exterior Entry</li> 
 <li>Front Rear Eaves:&nbsp;Exterior 14"" Eaves Double wide, 6"" Single wide</li> 
 <li>Exterior Outlets:&nbsp;Exterior 2 GFI Standard</li> 
</ul>",Interior Specifications,"<ul> 
 <li>Ceiling Texture:&nbsp;Brocade Style Ceiling Drywall Finish</li> 
 <li>Door Carpet Type:&nbsp;Entry Lino</li> 
 <li>Safety Alarms:&nbsp;Smoke Alarms, Bdrms &amp; Living Areas</li> 
 <li>Window Type:&nbsp;Wood Window Interior Wrap / Egress Windows in all Bedrooms</li> 
 <li>Molding:&nbsp;Baseboard Molding in Lino Areas</li> 
 <li>Wall Finish:&nbsp;Tape and Texture Drywall Throughout / Square Sheetrock Corners</li> 
 <li>Interior Doors:&nbsp;2-Panel Interior Doors</li> 
 <li>Carpet Type Or Grade:&nbsp;5# Carpet Pad / New Wave 25oz Carpet</li> 
</ul>",Utilities Specifications,"<ul> 
 <li>Electrical Service:&nbsp;200 Amp Electrical Service</li> 
 <li>Electrical Wiring:&nbsp;All Copper Wiring</li> 
 <li>Furnace:&nbsp;Forced Air Elect Down Flow Furnace</li> 
 <li>Other:&nbsp;Receptacle at Fresh Water Inlet</li> 
 <li>Shut Off Valves Throughout:&nbsp;Whole House Shut-off Valve</li> 
 <li>Thermostat:&nbsp;EcoBee T-Stat</li> 
 <li>Washer Dryer Hook Up:&nbsp;Plumbed/Wire For Washer and Dryer</li> 
 <li>Water Heater:&nbsp;40 Gallon Electric Water Heater</li> 
 <li>Water Shut Off Valves:&nbsp;Shut-Off Valves at Toilets &amp; Sinks</li> 
</ul>",Kitchen & Baths Specifications,"<p>&nbsp;</p> 
<p><u><strong>Kitchen&nbsp;Specifications</strong></u></p> 
<ul> 
 <li>Kitchen Sink:&nbsp;Kitchen Sink 8” Stainless Steel</li> 
 <li>Kitchen Refrigerator:&nbsp;Frigidaire 18 cu ft Refrigerator</li> 
 <li>Kitchen Range Type:&nbsp;Frigidaire Free Standing Range</li> 
 <li>Kitchen Range Hood:&nbsp;30” Lighted Exhaust Fan over Range</li> 
 <li>Kitchen Lighting:&nbsp;Recessed Lights (Qty. Per Model)</li> 
 <li>Kitchen Flooring:&nbsp;No-Wax Vinyl Flooring</li> 
 <li>Kitchen Faucets:&nbsp;Single Lever Faucet with Sprayer</li> 
 <li>Kitchen Countertops:&nbsp;Laminated Counter Tops / Crescent Edge T/Out</li> 
 <li>Kitchen Additional Specs:&nbsp;Fire Extinguisher Under Sink</li> 
</ul> 
<p>&nbsp;</p> 
<p><strong><u>Baths Specifications</u></strong></p> 
<ul> 
 <li>Bathroom Sink:&nbsp;China Lavy Sinks</li> 
 <li>Bathroom Lighting:&nbsp;Recessed Lights (Per Model)</li> 
 <li>Bathroom Flooring:&nbsp;No-Wax Vinyl Flooring</li> 
 <li>Bathroom Countertops:&nbsp;Laminated Counter Tops / Crescent Edge T/Out</li> 
 <li>Bathroom Faucets:&nbsp;Adjustable Shower Heads</li> 
 <li>Bathroom Fans:&nbsp;Exhaust Fans w/Light in each Bath</li> 
 <li>Bathroom Toilet Type:&nbsp;Elongated Toilets</li> 
 <li>Bathroom Bathtubs:&nbsp;60” Fiberglass Tub/Shower in each Bath</li> 
</ul>",,,,,,,Golden West
product_GWdrm-401M,Product,Dream Silver / 401M,"<p><strong>BEDS:</strong>&nbsp;1&nbsp; &nbsp; &nbsp;<strong>BATHS:</strong>&nbsp;1&nbsp; &nbsp; &nbsp;<strong>SQ FT:</strong>&nbsp;540&nbsp; &nbsp; &nbsp;</p><p><strong>W X L:</strong>&nbsp;13′ 6″ x 40′</p><p>The Dream Silver / DRM 401M built by Golden West Homes offers 540 square feet of thoughtfully designed living space, featuring 1 bedroom and 1 bathroom. This manufactured home maximizes compact living, with an efficient layout that provides a comfortable open area for daily living and a private bedroom that ensures a restful retreat. The DRM 401M is an ideal option for those seeking a modern, streamlined home that balances style and functionality, making it perfect for cozy living or a stylish escape.</p>",866235_6da00937ee914326a828426428da3156~mv2.webp,"Golden West;Dream Silver;500 - 1,000;Single-Section",DRM401M,540 SQ FT,0,,TRUE,PERCENT,0,InStock,,,,,,,,,,,,,,,,,,,,,3D Tour and Downloads,"<p>&nbsp;</p> 
<p><a href=""https://momento360.com/e/uc/999746fb962b487c85886840fcc14234"" target=""_blank&quot;""><u>Click Here for Virtual Tour</u></a></p>
<p><u><a target=""_blank&quot;"">Click Here to Download PDF</a></u></p>",Construction Specifications,"<ul> 
 <li>Additional Specs:&nbsp;In-Floor Waste Plumbing / Kiln Dried Framing Lumber / GFI Receptacle at all Wet Areas</li> 
 <li>Exterior Wall On Center:&nbsp;16” O.C.</li> 
 <li>Exterior Wall Studs:&nbsp;2'x6' Exterior Walls</li> 
 <li>Floor Decking:&nbsp;19/32” OSB T&amp;G Floor Decking</li> 
 <li>Floor Joists:&nbsp;2x6 Floor Joists -16” O.C.</li> 
 <li>Roof Load:&nbsp;30# Roof Load</li> 
 <li>Side Wall Height:&nbsp;96” Sidewall (Flat Ceiling)</li> 
 <li>Insulation (Floors):&nbsp;R-33</li> 
 <li>Insulation (Walls):&nbsp;R-21</li> 
 <li>Insulation (Ceiling):&nbsp;R-40</li> 
</ul>",Exterior Specifications,"<ul> 
 <li>Additional Specs:&nbsp;2x8 Rough Sawn / Continuous Eave Soffit Venting / Ridge Style Roof Venting / Deadbolts on Front and Rear Doors</li> 
 <li>Front Door:&nbsp;36” Front Doors</li> 
 <li>Rear Door:&nbsp;36” Rear Doors</li> 
 <li>Roof Pitch:&nbsp;3:12 (4:12 pitch single sections)</li> 
 <li>Shingles:&nbsp;Architectural Shingles</li> 
 <li>Siding:&nbsp;LP Smart Panel Siding w/5/50 year warranty</li> 
 <li>Window Trim:&nbsp;4” Window Trim</li> 
 <li>Window Type:&nbsp;Dual Pane Low-E Windows</li> 
 <li>Exterior Lighting:&nbsp;Porch Lights at each Exterior Entry</li> 
 <li>Front Rear Eaves:&nbsp;Exterior 14"" Eaves Double wide, 6"" Single wide</li> 
 <li>Exterior Outlets:&nbsp;Exterior 2 GFI Standard</li> 
</ul>",Interior Specifications,"<ul> 
 <li>Ceiling Texture:&nbsp;Brocade Style Ceiling Drywall Finish</li> 
 <li>Door Carpet Type:&nbsp;Entry Lino</li> 
 <li>Safety Alarms:&nbsp;Smoke Alarms, Bdrms &amp; Living Areas</li> 
 <li>Window Type:&nbsp;Wood Window Interior Wrap / Egress Windows in all Bedrooms</li> 
 <li>Molding:&nbsp;Baseboard Molding in Lino Areas</li> 
 <li>Wall Finish:&nbsp;Tape and Texture Drywall Throughout / Square Sheetrock Corners</li> 
 <li>Interior Doors:&nbsp;2-Panel Interior Doors</li> 
 <li>Carpet Type Or Grade:&nbsp;5# Carpet Pad / New Wave 25oz Carpet</li> 
</ul>",Utilities Specifications,"<ul> 
 <li>Electrical Service:&nbsp;200 Amp Electrical Service</li> 
 <li>Electrical Wiring:&nbsp;All Copper Wiring</li> 
 <li>Furnace:&nbsp;Forced Air Elect Down Flow Furnace</li> 
 <li>Other:&nbsp;Receptacle at Fresh Water Inlet</li> 
 <li>Shut Off Valves Throughout:&nbsp;Whole House Shut-off Valve</li> 
 <li>Thermostat:&nbsp;EcoBee T-Stat</li> 
 <li>Washer Dryer Hook Up:&nbsp;Plumbed/Wire For Washer and Dryer</li> 
 <li>Water Heater:&nbsp;40 Gallon Electric Water Heater</li> 
 <li>Water Shut Off Valves:&nbsp;Shut-Off Valves at Toilets &amp; Sinks</li> 
</ul>",Kitchen & Baths Specifications,"<p>&nbsp;</p> 
<p><u><strong>Kitchen&nbsp;Specifications</strong></u></p> 
<ul> 
 <li>Kitchen Sink:&nbsp;Kitchen Sink 8” Stainless Steel</li> 
 <li>Kitchen Refrigerator:&nbsp;Frigidaire 18 cu ft Refrigerator</li> 
 <li>Kitchen Range Type:&nbsp;Frigidaire Free Standing Range</li> 
 <li>Kitchen Range Hood:&nbsp;30” Lighted Exhaust Fan over Range</li> 
 <li>Kitchen Lighting:&nbsp;Recessed Lights (Qty. Per Model)</li> 
 <li>Kitchen Flooring:&nbsp;No-Wax Vinyl Flooring</li> 
 <li>Kitchen Faucets:&nbsp;Single Lever Faucet with Sprayer</li> 
 <li>Kitchen Countertops:&nbsp;Laminated Counter Tops / Crescent Edge T/Out</li> 
 <li>Kitchen Additional Specs:&nbsp;Fire Extinguisher Under Sink</li> 
</ul> 
<p>&nbsp;</p> 
<p><strong><u>Baths Specifications</u></strong></p> 
<ul> 
 <li>Bathroom Sink:&nbsp;China Lavy Sinks</li> 
 <li>Bathroom Lighting:&nbsp;Recessed Lights (Per Model)</li> 
 <li>Bathroom Flooring:&nbsp;No-Wax Vinyl Flooring</li> 
 <li>Bathroom Countertops:&nbsp;Laminated Counter Tops / Crescent Edge T/Out</li> 
 <li>Bathroom Faucets:&nbsp;Adjustable Shower Heads</li> 
 <li>Bathroom Fans:&nbsp;Exhaust Fans w/Light in each Bath</li> 
 <li>Bathroom Toilet Type:&nbsp;Elongated Toilets</li> 
 <li>Bathroom Bathtubs:&nbsp;60” Fiberglass Tub/Shower in each Bath</li> 
</ul>",,,,,,,Golden West
product_GWdrm-481M,Product,Dream Silver / DRM 481M,"<p><strong>BEDS:</strong>&nbsp;2&nbsp; &nbsp; &nbsp;<strong>BATHS:</strong>&nbsp;1&nbsp; &nbsp; &nbsp;<strong>SQ FT:</strong>&nbsp;648&nbsp; &nbsp; &nbsp;</p><p><strong>W X L:</strong>&nbsp;13′ 6″ x 48′&nbsp;</p><p>&nbsp;</p><p>The Dream Silver / DRM 481M built by Golden West Homes offers 648 square feet of efficiently designed living space, featuring 2 bedrooms and 1 bathroom. This manufactured home makes the most of every square foot, with a smart layout that fosters both comfort and functionality, ideal for cozy living. The DRM 481M is a great choice for individuals or couples looking for a compact, contemporary home that provides a sense of style and purpose, making it a perfect fit for efficient everyday living or a welcoming retreat.</p><p>&nbsp;</p><p><strong>3D Tour</strong></p><p><a href=""https://momento360.com/e/uc/76f05bf3de0a4e5f9b2e5b03c47ce5c8?""><strong>Click Here for 3D Tour</strong></a></p><p>&nbsp;</p>",866235_02eaba33418943b0b016ac7a625c9bbb~mv2.png;866235_c6ca4fc7e5b64058ba2e55542548fe99~mv2.webp;866235_ddb53fb332074daf9a216a19491433fd~mv2.webp;866235_7fe235120b5d423dba1b74eef517ff23~mv2.webp;866235_ce23bacb3de4418aaa21023b3a0d0a20~mv2.webp;866235_c392d7f58e974a2ca49923280a6c0ae4~mv2.webp;866235_83870faf8db44ad8a881d7b5651235cc~mv2.webp;866235_6b4d6779a66e410da1571f9cae425a43~mv2.webp,"500 - 1,000;Single-Section;Golden West;Dream Silver",DRM481M,648 SQ FT,0,,TRUE,PERCENT,0,InStock,,,,,,,,,,,,,,,,,,,,,3D Tour and Downloads,"<p>&nbsp;</p> 
<p><a href=""https://momento360.com/e/uc/76f05bf3de0a4e5f9b2e5b03c47ce5c8"" target=""_blank&quot;""><u>Click Here for Virtual Tour</u></a></p>
<p><u><a href=""https://raw.githubusercontent.com/CadelMVH/Wix-Gallery-Downloads/main/DRM/481M.pdf"" target=""_blank&quot;"">Click Here to Download PDF</a></u></p>",Construction Specifications,"<ul> 
 <li>Additional Specs:&nbsp;In-Floor Waste Plumbing / Kiln Dried Framing Lumber / GFI Receptacle at all Wet Areas</li> 
 <li>Exterior Wall On Center:&nbsp;16” O.C.</li> 
 <li>Exterior Wall Studs:&nbsp;2'x6' Exterior Walls</li> 
 <li>Floor Decking:&nbsp;19/32” OSB T&amp;G Floor Decking</li> 
 <li>Floor Joists:&nbsp;2x6 Floor Joists -16” O.C.</li> 
 <li>Roof Load:&nbsp;30# Roof Load</li> 
 <li>Side Wall Height:&nbsp;96” Sidewall (Flat Ceiling)</li> 
 <li>Insulation (Floors):&nbsp;R-33</li> 
 <li>Insulation (Walls):&nbsp;R-21</li> 
 <li>Insulation (Ceiling):&nbsp;R-40</li> 
</ul>",Exterior Specifications,"<ul> 
 <li>Additional Specs:&nbsp;2x8 Rough Sawn / Continuous Eave Soffit Venting / Ridge Style Roof Venting / Deadbolts on Front and Rear Doors</li> 
 <li>Front Door:&nbsp;36” Front Doors</li> 
 <li>Rear Door:&nbsp;36” Rear Doors</li> 
 <li>Roof Pitch:&nbsp;3:12 (4:12 pitch single sections)</li> 
 <li>Shingles:&nbsp;Architectural Shingles</li> 
 <li>Siding:&nbsp;LP Smart Panel Siding w/5/50 year warranty</li> 
 <li>Window Trim:&nbsp;4” Window Trim</li> 
 <li>Window Type:&nbsp;Dual Pane Low-E Windows</li> 
 <li>Exterior Lighting:&nbsp;Porch Lights at each Exterior Entry</li> 
 <li>Front Rear Eaves:&nbsp;Exterior 14"" Eaves Double wide, 6"" Single wide</li> 
 <li>Exterior Outlets:&nbsp;Exterior 2 GFI Standard</li> 
</ul>",Interior Specifications,"<ul> 
 <li>Ceiling Texture:&nbsp;Brocade Style Ceiling Drywall Finish</li> 
 <li>Door Carpet Type:&nbsp;Entry Lino</li> 
 <li>Safety Alarms:&nbsp;Smoke Alarms, Bdrms &amp; Living Areas</li> 
 <li>Window Type:&nbsp;Wood Window Interior Wrap / Egress Windows in all Bedrooms</li> 
 <li>Molding:&nbsp;Baseboard Molding in Lino Areas</li> 
 <li>Wall Finish:&nbsp;Tape and Texture Drywall Throughout / Square Sheetrock Corners</li> 
 <li>Interior Doors:&nbsp;2-Panel Interior Doors</li> 
 <li>Carpet Type Or Grade:&nbsp;5# Carpet Pad / New Wave 25oz Carpet</li> 
</ul>",Utilities Specifications,"<ul> 
 <li>Electrical Service:&nbsp;200 Amp Electrical Service</li> 
 <li>Electrical Wiring:&nbsp;All Copper Wiring</li> 
 <li>Furnace:&nbsp;Forced Air Elect Down Flow Furnace</li> 
 <li>Other:&nbsp;Receptacle at Fresh Water Inlet</li> 
 <li>Shut Off Valves Throughout:&nbsp;Whole House Shut-off Valve</li> 
 <li>Thermostat:&nbsp;EcoBee T-Stat</li> 
 <li>Washer Dryer Hook Up:&nbsp;Plumbed/Wire For Washer and Dryer</li> 
 <li>Water Heater:&nbsp;40 Gallon Electric Water Heater</li> 
 <li>Water Shut Off Valves:&nbsp;Shut-Off Valves at Toilets &amp; Sinks</li> 
</ul>",Kitchen & Baths Specifications,"<p>&nbsp;</p> 
<p><u><strong>Kitchen&nbsp;Specifications</strong></u></p> 
<ul> 
 <li>Kitchen Sink:&nbsp;Kitchen Sink 8” Stainless Steel</li> 
 <li>Kitchen Refrigerator:&nbsp;Frigidaire 18 cu ft Refrigerator</li> 
 <li>Kitchen Range Type:&nbsp;Frigidaire Free Standing Range</li> 
 <li>Kitchen Range Hood:&nbsp;30” Lighted Exhaust Fan over Range</li> 
 <li>Kitchen Lighting:&nbsp;Recessed Lights (Qty. Per Model)</li> 
 <li>Kitchen Flooring:&nbsp;No-Wax Vinyl Flooring</li> 
 <li>Kitchen Faucets:&nbsp;Single Lever Faucet with Sprayer</li> 
 <li>Kitchen Countertops:&nbsp;Laminated Counter Tops / Crescent Edge T/Out</li> 
 <li>Kitchen Additional Specs:&nbsp;Fire Extinguisher Under Sink</li> 
</ul> 
<p>&nbsp;</p> 
<p><strong><u>Baths Specifications</u></strong></p> 
<ul> 
 <li>Bathroom Sink:&nbsp;China Lavy Sinks</li> 
 <li>Bathroom Lighting:&nbsp;Recessed Lights (Per Model)</li> 
 <li>Bathroom Flooring:&nbsp;No-Wax Vinyl Flooring</li> 
 <li>Bathroom Countertops:&nbsp;Laminated Counter Tops / Crescent Edge T/Out</li> 
 <li>Bathroom Faucets:&nbsp;Adjustable Shower Heads</li> 
 <li>Bathroom Fans:&nbsp;Exhaust Fans w/Light in each Bath</li> 
 <li>Bathroom Toilet Type:&nbsp;Elongated Toilets</li> 
 <li>Bathroom Bathtubs:&nbsp;60” Fiberglass Tub/Shower in each Bath</li> 
</ul>",,,,,,,Golden West
product_GWdrm-521M,Product,Dream Silver / 521M,"<p><strong>BEDS:</strong>&nbsp;2&nbsp; &nbsp; &nbsp;<strong>BATHS:</strong>&nbsp;1&nbsp; &nbsp; &nbsp;<strong>SQ FT:</strong>&nbsp;702&nbsp; &nbsp; &nbsp;</p><p><strong>W X L:</strong>&nbsp;14′&nbsp;x 52′</p><p>The Dream Silver / DRM 521M built by Golden West Homes offers 702 square feet of efficient living space, featuring 2 bedrooms and 1 bathroom. This manufactured home is thoughtfully designed to maximize functionality within a compact layout, providing open areas for comfortable daily living and private bedrooms that offer a cozy retreat. The DRM 521M is an ideal choice for individuals or couples seeking a modern, compact home that blends practicality with a welcoming atmosphere, perfect for both short stays and long-term living.</p>",866235_922087d54c3142fab96a9b0d853664b0~mv2.webp;866235_78ff8acef6b04600a11862b5dba051d3~mv2.webp,"Golden West;Dream Silver;500 - 1,000;Single-Section",DRM521M,702 SQ FT,0,,TRUE,PERCENT,0,InStock,,,,,,,,,,,,,,,,,,,,,3D Tour and Downloads,"<p><u><a href=""https://raw.githubusercontent.com/CadelMVH/Wix-Gallery-Downloads/main/DRM/521M.pdf"" target=""_blank&quot;"">Click Here to Download PDF</a></u></p>",Construction Specifications,"<ul> 
 <li>Additional Specs:&nbsp;In-Floor Waste Plumbing / Kiln Dried Framing Lumber / GFI Receptacle at all Wet Areas</li> 
 <li>Exterior Wall On Center:&nbsp;16” O.C.</li> 
 <li>Exterior Wall Studs:&nbsp;2'x6' Exterior Walls</li> 
 <li>Floor Decking:&nbsp;19/32” OSB T&amp;G Floor Decking</li> 
 <li>Floor Joists:&nbsp;2x6 Floor Joists -16” O.C.</li> 
 <li>Roof Load:&nbsp;30# Roof Load</li> 
 <li>Side Wall Height:&nbsp;96” Sidewall (Flat Ceiling)</li> 
 <li>Insulation (Floors):&nbsp;R-33</li> 
 <li>Insulation (Walls):&nbsp;R-21</li> 
 <li>Insulation (Ceiling):&nbsp;R-40</li> 
</ul>",Exterior Specifications,"<ul> 
 <li>Additional Specs:&nbsp;2x8 Rough Sawn / Continuous Eave Soffit Venting / Ridge Style Roof Venting / Deadbolts on Front and Rear Doors</li> 
 <li>Front Door:&nbsp;36” Front Doors</li> 
 <li>Rear Door:&nbsp;36” Rear Doors</li> 
 <li>Roof Pitch:&nbsp;3:12 (4:12 pitch single sections)</li> 
 <li>Shingles:&nbsp;Architectural Shingles</li> 
 <li>Siding:&nbsp;LP Smart Panel Siding w/5/50 year warranty</li> 
 <li>Window Trim:&nbsp;4” Window Trim</li> 
 <li>Window Type:&nbsp;Dual Pane Low-E Windows</li> 
 <li>Exterior Lighting:&nbsp;Porch Lights at each Exterior Entry</li> 
 <li>Front Rear Eaves:&nbsp;Exterior 14"" Eaves Double wide, 6"" Single wide</li> 
 <li>Exterior Outlets:&nbsp;Exterior 2 GFI Standard</li> 
</ul>",Interior Specifications,"<ul> 
 <li>Ceiling Texture:&nbsp;Brocade Style Ceiling Drywall Finish</li> 
 <li>Door Carpet Type:&nbsp;Entry Lino</li> 
 <li>Safety Alarms:&nbsp;Smoke Alarms, Bdrms &amp; Living Areas</li> 
 <li>Window Type:&nbsp;Wood Window Interior Wrap / Egress Windows in all Bedrooms</li> 
 <li>Molding:&nbsp;Baseboard Molding in Lino Areas</li> 
 <li>Wall Finish:&nbsp;Tape and Texture Drywall Throughout / Square Sheetrock Corners</li> 
 <li>Interior Doors:&nbsp;2-Panel Interior Doors</li> 
 <li>Carpet Type Or Grade:&nbsp;5# Carpet Pad / New Wave 25oz Carpet</li> 
</ul>",Utilities Specifications,"<ul> 
 <li>Electrical Service:&nbsp;200 Amp Electrical Service</li> 
 <li>Electrical Wiring:&nbsp;All Copper Wiring</li> 
 <li>Furnace:&nbsp;Forced Air Elect Down Flow Furnace</li> 
 <li>Other:&nbsp;Receptacle at Fresh Water Inlet</li> 
 <li>Shut Off Valves Throughout:&nbsp;Whole House Shut-off Valve</li> 
 <li>Thermostat:&nbsp;EcoBee T-Stat</li> 
 <li>Washer Dryer Hook Up:&nbsp;Plumbed/Wire For Washer and Dryer</li> 
 <li>Water Heater:&nbsp;40 Gallon Electric Water Heater</li> 
 <li>Water Shut Off Valves:&nbsp;Shut-Off Valves at Toilets &amp; Sinks</li> 
</ul>",Kitchen & Baths Specifications,"<p>&nbsp;</p> 
<p><u><strong>Kitchen&nbsp;Specifications</strong></u></p> 
<ul> 
 <li>Kitchen Sink:&nbsp;Kitchen Sink 8” Stainless Steel</li> 
 <li>Kitchen Refrigerator:&nbsp;Frigidaire 18 cu ft Refrigerator</li> 
 <li>Kitchen Range Type:&nbsp;Frigidaire Free Standing Range</li> 
 <li>Kitchen Range Hood:&nbsp;30” Lighted Exhaust Fan over Range</li> 
 <li>Kitchen Lighting:&nbsp;Recessed Lights (Qty. Per Model)</li> 
 <li>Kitchen Flooring:&nbsp;No-Wax Vinyl Flooring</li> 
 <li>Kitchen Faucets:&nbsp;Single Lever Faucet with Sprayer</li> 
 <li>Kitchen Countertops:&nbsp;Laminated Counter Tops / Crescent Edge T/Out</li> 
 <li>Kitchen Additional Specs:&nbsp;Fire Extinguisher Under Sink</li> 
</ul> 
<p>&nbsp;</p> 
<p><strong><u>Baths Specifications</u></strong></p> 
<ul> 
 <li>Bathroom Sink:&nbsp;China Lavy Sinks</li> 
 <li>Bathroom Lighting:&nbsp;Recessed Lights (Per Model)</li> 
 <li>Bathroom Flooring:&nbsp;No-Wax Vinyl Flooring</li> 
 <li>Bathroom Countertops:&nbsp;Laminated Counter Tops / Crescent Edge T/Out</li> 
 <li>Bathroom Faucets:&nbsp;Adjustable Shower Heads</li> 
 <li>Bathroom Fans:&nbsp;Exhaust Fans w/Light in each Bath</li> 
 <li>Bathroom Toilet Type:&nbsp;Elongated Toilets</li> 
 <li>Bathroom Bathtubs:&nbsp;60” Fiberglass Tub/Shower in each Bath</li> 
</ul>",,,,,,,Golden West
product_GWdrm-561M,Product,Dream Silver / 561M,"<p><strong>BEDS:</strong>&nbsp;2&nbsp; &nbsp; &nbsp;<strong>BATHS:</strong>&nbsp;1&nbsp; &nbsp; &nbsp;<strong>SQ FT:</strong>&nbsp;756&nbsp; &nbsp; &nbsp;</p><p><strong>W X L:</strong>&nbsp;14′ &nbsp;x 56′&nbsp;</p><p>The Dream Silver / DRM 561M built by Golden West Homes offers 756 square feet of efficiently designed living space, featuring 2 bedrooms and 1 bathroom. This manufactured home combines functionality with style, providing an open layout ideal for comfortable living and private bedrooms that ensure a cozy retreat. The DRM 561M is a fantastic option for individuals or couples seeking a modern, compact home that balances convenience with warmth, making it perfect for those who value both practicality and comfort.</p>",866235_579e0afb28c04b948113103ece5efb72~mv2.webp;866235_db9ead3354564a06bebb40edb426ab00~mv2.webp,"Golden West;Dream Silver;Single-Section;500 - 1,000",DRM561M,756 SQ FT,0,,TRUE,PERCENT,0,InStock,,,,,,,,,,,,,,,,,,,,,3D Tour and Downloads,"<p>&nbsp;</p> 
<p><a href=""https://momento360.com/e/uc/1e50ee51532140168e6d78c231a912b3"" target=""_blank&quot;""><u>Click Here for Virtual Tour</u></a></p>
<p><u><a href=""https://raw.githubusercontent.com/CadelMVH/Wix-Gallery-Downloads/main/DRM/561M.pdf"" target=""_blank&quot;"">Click Here to Download PDF</a></u></p>",Construction Specifications,"<ul> 
 <li>Additional Specs:&nbsp;In-Floor Waste Plumbing / Kiln Dried Framing Lumber / GFI Receptacle at all Wet Areas</li> 
 <li>Exterior Wall On Center:&nbsp;16” O.C.</li> 
 <li>Exterior Wall Studs:&nbsp;2'x6' Exterior Walls</li> 
 <li>Floor Decking:&nbsp;19/32” OSB T&amp;G Floor Decking</li> 
 <li>Floor Joists:&nbsp;2x6 Floor Joists -16” O.C.</li> 
 <li>Roof Load:&nbsp;30# Roof Load</li> 
 <li>Side Wall Height:&nbsp;96” Sidewall (Flat Ceiling)</li> 
 <li>Insulation (Floors):&nbsp;R-33</li> 
 <li>Insulation (Walls):&nbsp;R-21</li> 
 <li>Insulation (Ceiling):&nbsp;R-40</li> 
</ul>",Exterior Specifications,"<ul> 
 <li>Additional Specs:&nbsp;2x8 Rough Sawn / Continuous Eave Soffit Venting / Ridge Style Roof Venting / Deadbolts on Front and Rear Doors</li> 
 <li>Front Door:&nbsp;36” Front Doors</li> 
 <li>Rear Door:&nbsp;36” Rear Doors</li> 
 <li>Roof Pitch:&nbsp;3:12 (4:12 pitch single sections)</li> 
 <li>Shingles:&nbsp;Architectural Shingles</li> 
 <li>Siding:&nbsp;LP Smart Panel Siding w/5/50 year warranty</li> 
 <li>Window Trim:&nbsp;4” Window Trim</li> 
 <li>Window Type:&nbsp;Dual Pane Low-E Windows</li> 
 <li>Exterior Lighting:&nbsp;Porch Lights at each Exterior Entry</li> 
 <li>Front Rear Eaves:&nbsp;Exterior 14"" Eaves Double wide, 6"" Single wide</li> 
 <li>Exterior Outlets:&nbsp;Exterior 2 GFI Standard</li> 
</ul>",Interior Specifications,"<ul> 
 <li>Ceiling Texture:&nbsp;Brocade Style Ceiling Drywall Finish</li> 
 <li>Door Carpet Type:&nbsp;Entry Lino</li> 
 <li>Safety Alarms:&nbsp;Smoke Alarms, Bdrms &amp; Living Areas</li> 
 <li>Window Type:&nbsp;Wood Window Interior Wrap / Egress Windows in all Bedrooms</li> 
 <li>Molding:&nbsp;Baseboard Molding in Lino Areas</li> 
 <li>Wall Finish:&nbsp;Tape and Texture Drywall Throughout / Square Sheetrock Corners</li> 
 <li>Interior Doors:&nbsp;2-Panel Interior Doors</li> 
 <li>Carpet Type Or Grade:&nbsp;5# Carpet Pad / New Wave 25oz Carpet</li> 
</ul>",Utilities Specifications,"<ul> 
 <li>Electrical Service:&nbsp;200 Amp Electrical Service</li> 
 <li>Electrical Wiring:&nbsp;All Copper Wiring</li> 
 <li>Furnace:&nbsp;Forced Air Elect Down Flow Furnace</li> 
 <li>Other:&nbsp;Receptacle at Fresh Water Inlet</li> 
 <li>Shut Off Valves Throughout:&nbsp;Whole House Shut-off Valve</li> 
 <li>Thermostat:&nbsp;EcoBee T-Stat</li> 
 <li>Washer Dryer Hook Up:&nbsp;Plumbed/Wire For Washer and Dryer</li> 
 <li>Water Heater:&nbsp;40 Gallon Electric Water Heater</li> 
 <li>Water Shut Off Valves:&nbsp;Shut-Off Valves at Toilets &amp; Sinks</li> 
</ul>",Kitchen & Baths Specifications,"<p>&nbsp;</p> 
<p><u><strong>Kitchen&nbsp;Specifications</strong></u></p> 
<ul> 
 <li>Kitchen Sink:&nbsp;Kitchen Sink 8” Stainless Steel</li> 
 <li>Kitchen Refrigerator:&nbsp;Frigidaire 18 cu ft Refrigerator</li> 
 <li>Kitchen Range Type:&nbsp;Frigidaire Free Standing Range</li> 
 <li>Kitchen Range Hood:&nbsp;30” Lighted Exhaust Fan over Range</li> 
 <li>Kitchen Lighting:&nbsp;Recessed Lights (Qty. Per Model)</li> 
 <li>Kitchen Flooring:&nbsp;No-Wax Vinyl Flooring</li> 
 <li>Kitchen Faucets:&nbsp;Single Lever Faucet with Sprayer</li> 
 <li>Kitchen Countertops:&nbsp;Laminated Counter Tops / Crescent Edge T/Out</li> 
 <li>Kitchen Additional Specs:&nbsp;Fire Extinguisher Under Sink</li> 
</ul> 
<p>&nbsp;</p> 
<p><strong><u>Baths Specifications</u></strong></p> 
<ul> 
 <li>Bathroom Sink:&nbsp;China Lavy Sinks</li> 
 <li>Bathroom Lighting:&nbsp;Recessed Lights (Per Model)</li> 
 <li>Bathroom Flooring:&nbsp;No-Wax Vinyl Flooring</li> 
 <li>Bathroom Countertops:&nbsp;Laminated Counter Tops / Crescent Edge T/Out</li> 
 <li>Bathroom Faucets:&nbsp;Adjustable Shower Heads</li> 
 <li>Bathroom Fans:&nbsp;Exhaust Fans w/Light in each Bath</li> 
 <li>Bathroom Toilet Type:&nbsp;Elongated Toilets</li> 
 <li>Bathroom Bathtubs:&nbsp;60” Fiberglass Tub/Shower in each Bath</li> 
</ul>",,,,,,,Golden West
product_GWdrm-601M,Product,Dream Silver / 601M,"<p><strong>BEDS:</strong>&nbsp;2&nbsp; &nbsp; &nbsp;<strong>BATHS:</strong>&nbsp;2&nbsp; &nbsp; &nbsp;<strong>SQ FT:</strong>&nbsp;810&nbsp; &nbsp; &nbsp;</p><p><strong>W X L:</strong>&nbsp;14′ &nbsp;x 60′</p><p>The Dream Silver / DRM 601M built by Golden West Homes provides 810 square feet of efficiently planned living space, featuring 2 bedrooms and 2 bathrooms. This manufactured home is thoughtfully designed to maximize comfort in a compact layout, with open living areas that enhance social spaces and private bedrooms that offer a restful retreat. The DRM 601M is an ideal choice for those seeking a modern, streamlined home that combines practicality with a welcoming atmosphere for daily living or weekend escapes.</p>",866235_dbbdc0ecf3d240509760767069035fd9~mv2.webp;866235_556c72e3dc8b45d484c129c3cb75bfdf~mv2.webp,"Golden West;Dream Silver;500 - 1,000;Single-Section",DRM601M,810 SQ FT,0,,TRUE,PERCENT,0,InStock,,,,,,,,,,,,,,,,,,,,,3D Tour and Downloads,"<p>&nbsp;</p> 
<p><a href=""https://momento360.com/e/uc/cfb0e6eec7534aa0b42e80ae49f4de3d"" target=""_blank&quot;""><u>Click Here for Virtual Tour</u></a></p>
<p><u><a href=""https://raw.githubusercontent.com/CadelMVH/Wix-Gallery-Downloads/main/DRM/601M.pdf"" target=""_blank&quot;"">Click Here to Download PDF</a></u></p>",Construction Specifications,"<ul> 
 <li>Additional Specs:&nbsp;In-Floor Waste Plumbing / Kiln Dried Framing Lumber / GFI Receptacle at all Wet Areas</li> 
 <li>Exterior Wall On Center:&nbsp;16” O.C.</li> 
 <li>Exterior Wall Studs:&nbsp;2'x6' Exterior Walls</li> 
 <li>Floor Decking:&nbsp;19/32” OSB T&amp;G Floor Decking</li> 
 <li>Floor Joists:&nbsp;2x6 Floor Joists -16” O.C.</li> 
 <li>Roof Load:&nbsp;30# Roof Load</li> 
 <li>Side Wall Height:&nbsp;96” Sidewall (Flat Ceiling)</li> 
 <li>Insulation (Floors):&nbsp;R-33</li> 
 <li>Insulation (Walls):&nbsp;R-21</li> 
 <li>Insulation (Ceiling):&nbsp;R-40</li> 
</ul>",Exterior Specifications,"<ul> 
 <li>Additional Specs:&nbsp;2x8 Rough Sawn / Continuous Eave Soffit Venting / Ridge Style Roof Venting / Deadbolts on Front and Rear Doors</li> 
 <li>Front Door:&nbsp;36” Front Doors</li> 
 <li>Rear Door:&nbsp;36” Rear Doors</li> 
 <li>Roof Pitch:&nbsp;3:12 (4:12 pitch single sections)</li> 
 <li>Shingles:&nbsp;Architectural Shingles</li> 
 <li>Siding:&nbsp;LP Smart Panel Siding w/5/50 year warranty</li> 
 <li>Window Trim:&nbsp;4” Window Trim</li> 
 <li>Window Type:&nbsp;Dual Pane Low-E Windows</li> 
 <li>Exterior Lighting:&nbsp;Porch Lights at each Exterior Entry</li> 
 <li>Front Rear Eaves:&nbsp;Exterior 14"" Eaves Double wide, 6"" Single wide</li> 
 <li>Exterior Outlets:&nbsp;Exterior 2 GFI Standard</li> 
</ul>",Interior Specifications,"<ul> 
 <li>Ceiling Texture:&nbsp;Brocade Style Ceiling Drywall Finish</li> 
 <li>Door Carpet Type:&nbsp;Entry Lino</li> 
 <li>Safety Alarms:&nbsp;Smoke Alarms, Bdrms &amp; Living Areas</li> 
 <li>Window Type:&nbsp;Wood Window Interior Wrap / Egress Windows in all Bedrooms</li> 
 <li>Molding:&nbsp;Baseboard Molding in Lino Areas</li> 
 <li>Wall Finish:&nbsp;Tape and Texture Drywall Throughout / Square Sheetrock Corners</li> 
 <li>Interior Doors:&nbsp;2-Panel Interior Doors</li> 
 <li>Carpet Type Or Grade:&nbsp;5# Carpet Pad / New Wave 25oz Carpet</li> 
</ul>",Utilities Specifications,"<ul> 
 <li>Electrical Service:&nbsp;200 Amp Electrical Service</li> 
 <li>Electrical Wiring:&nbsp;All Copper Wiring</li> 
 <li>Furnace:&nbsp;Forced Air Elect Down Flow Furnace</li> 
 <li>Other:&nbsp;Receptacle at Fresh Water Inlet</li> 
 <li>Shut Off Valves Throughout:&nbsp;Whole House Shut-off Valve</li> 
 <li>Thermostat:&nbsp;EcoBee T-Stat</li> 
 <li>Washer Dryer Hook Up:&nbsp;Plumbed/Wire For Washer and Dryer</li> 
 <li>Water Heater:&nbsp;40 Gallon Electric Water Heater</li> 
 <li>Water Shut Off Valves:&nbsp;Shut-Off Valves at Toilets &amp; Sinks</li> 
</ul>",Kitchen & Baths Specifications,"<p>&nbsp;</p> 
<p><u><strong>Kitchen&nbsp;Specifications</strong></u></p> 
<ul> 
 <li>Kitchen Sink:&nbsp;Kitchen Sink 8” Stainless Steel</li> 
 <li>Kitchen Refrigerator:&nbsp;Frigidaire 18 cu ft Refrigerator</li> 
 <li>Kitchen Range Type:&nbsp;Frigidaire Free Standing Range</li> 
 <li>Kitchen Range Hood:&nbsp;30” Lighted Exhaust Fan over Range</li> 
 <li>Kitchen Lighting:&nbsp;Recessed Lights (Qty. Per Model)</li> 
 <li>Kitchen Flooring:&nbsp;No-Wax Vinyl Flooring</li> 
 <li>Kitchen Faucets:&nbsp;Single Lever Faucet with Sprayer</li> 
 <li>Kitchen Countertops:&nbsp;Laminated Counter Tops / Crescent Edge T/Out</li> 
 <li>Kitchen Additional Specs:&nbsp;Fire Extinguisher Under Sink</li> 
</ul> 
<p>&nbsp;</p> 
<p><strong><u>Baths Specifications</u></strong></p> 
<ul> 
 <li>Bathroom Sink:&nbsp;China Lavy Sinks</li> 
 <li>Bathroom Lighting:&nbsp;Recessed Lights (Per Model)</li> 
 <li>Bathroom Flooring:&nbsp;No-Wax Vinyl Flooring</li> 
 <li>Bathroom Countertops:&nbsp;Laminated Counter Tops / Crescent Edge T/Out</li> 
 <li>Bathroom Faucets:&nbsp;Adjustable Shower Heads</li> 
 <li>Bathroom Fans:&nbsp;Exhaust Fans w/Light in each Bath</li> 
 <li>Bathroom Toilet Type:&nbsp;Elongated Toilets</li> 
 <li>Bathroom Bathtubs:&nbsp;60” Fiberglass Tub/Shower in each Bath</li> 
</ul>",,,,,,,Golden West
product_GWdrm-661M,Product,Dream Silver / 661M,"<p><strong>BEDS:</strong>&nbsp;2&nbsp; &nbsp; &nbsp;<strong>BATHS:</strong>&nbsp;2&nbsp; &nbsp; &nbsp;<strong>SQ FT:</strong>&nbsp;891&nbsp; &nbsp; &nbsp;</p><p><strong>W X L:</strong>&nbsp;14′&nbsp;x 66′</p><p>The Dream Silver / DRM 661M built by Golden West Homes offers 891 square feet of well-planned living space, featuring 2 bedrooms and 2 bathrooms. This manufactured home blends comfort and efficiency, with an open layout that enhances everyday functionality and private bedrooms that provide a relaxing retreat. The DRM 661M is an ideal choice for individuals or couples seeking a modern, compact home that combines style with practical living, making it perfect for daily life or as a peaceful getaway.</p>",866235_b685f715d7c346afaf26417c5c170e3d~mv2.webp;866235_2f52c4f341c845e38f25d0f0b63efe47~mv2.webp,"Golden West;Dream Silver;500 - 1,000;Single-Section",DRM661M,891 SQ FT,0,,TRUE,PERCENT,0,InStock,,,,,,,,,,,,,,,,,,,,,3D Tour and Downloads,"<p><u><a href=""https://raw.githubusercontent.com/CadelMVH/Wix-Gallery-Downloads/main/DRM/661M.pdf"" target=""_blank&quot;"">Click Here to Download PDF</a></u></p>",Construction Specifications,"<ul> 
 <li>Additional Specs:&nbsp;In-Floor Waste Plumbing / Kiln Dried Framing Lumber / GFI Receptacle at all Wet Areas</li> 
 <li>Exterior Wall On Center:&nbsp;16” O.C.</li> 
 <li>Exterior Wall Studs:&nbsp;2'x6' Exterior Walls</li> 
 <li>Floor Decking:&nbsp;19/32” OSB T&amp;G Floor Decking</li> 
 <li>Floor Joists:&nbsp;2x6 Floor Joists -16” O.C.</li> 
 <li>Roof Load:&nbsp;30# Roof Load</li> 
 <li>Side Wall Height:&nbsp;96” Sidewall (Flat Ceiling)</li> 
 <li>Insulation (Floors):&nbsp;R-33</li> 
 <li>Insulation (Walls):&nbsp;R-21</li> 
 <li>Insulation (Ceiling):&nbsp;R-40</li> 
</ul>",Exterior Specifications,"<ul> 
 <li>Additional Specs:&nbsp;2x8 Rough Sawn / Continuous Eave Soffit Venting / Ridge Style Roof Venting / Deadbolts on Front and Rear Doors</li> 
 <li>Front Door:&nbsp;36” Front Doors</li> 
 <li>Rear Door:&nbsp;36” Rear Doors</li> 
 <li>Roof Pitch:&nbsp;3:12 (4:12 pitch single sections)</li> 
 <li>Shingles:&nbsp;Architectural Shingles</li> 
 <li>Siding:&nbsp;LP Smart Panel Siding w/5/50 year warranty</li> 
 <li>Window Trim:&nbsp;4” Window Trim</li> 
 <li>Window Type:&nbsp;Dual Pane Low-E Windows</li> 
 <li>Exterior Lighting:&nbsp;Porch Lights at each Exterior Entry</li> 
 <li>Front Rear Eaves:&nbsp;Exterior 14"" Eaves Double wide, 6"" Single wide</li> 
 <li>Exterior Outlets:&nbsp;Exterior 2 GFI Standard</li> 
</ul>",Interior Specifications,"<ul> 
 <li>Ceiling Texture:&nbsp;Brocade Style Ceiling Drywall Finish</li> 
 <li>Door Carpet Type:&nbsp;Entry Lino</li> 
 <li>Safety Alarms:&nbsp;Smoke Alarms, Bdrms &amp; Living Areas</li> 
 <li>Window Type:&nbsp;Wood Window Interior Wrap / Egress Windows in all Bedrooms</li> 
 <li>Molding:&nbsp;Baseboard Molding in Lino Areas</li> 
 <li>Wall Finish:&nbsp;Tape and Texture Drywall Throughout / Square Sheetrock Corners</li> 
 <li>Interior Doors:&nbsp;2-Panel Interior Doors</li> 
 <li>Carpet Type Or Grade:&nbsp;5# Carpet Pad / New Wave 25oz Carpet</li> 
</ul>",Utilities Specifications,"<ul> 
 <li>Electrical Service:&nbsp;200 Amp Electrical Service</li> 
 <li>Electrical Wiring:&nbsp;All Copper Wiring</li> 
 <li>Furnace:&nbsp;Forced Air Elect Down Flow Furnace</li> 
 <li>Other:&nbsp;Receptacle at Fresh Water Inlet</li> 
 <li>Shut Off Valves Throughout:&nbsp;Whole House Shut-off Valve</li> 
 <li>Thermostat:&nbsp;EcoBee T-Stat</li> 
 <li>Washer Dryer Hook Up:&nbsp;Plumbed/Wire For Washer and Dryer</li> 
 <li>Water Heater:&nbsp;40 Gallon Electric Water Heater</li> 
 <li>Water Shut Off Valves:&nbsp;Shut-Off Valves at Toilets &amp; Sinks</li> 
</ul>",Kitchen & Baths Specifications,"<p>&nbsp;</p> 
<p><u><strong>Kitchen&nbsp;Specifications</strong></u></p> 
<ul> 
 <li>Kitchen Sink:&nbsp;Kitchen Sink 8” Stainless Steel</li> 
 <li>Kitchen Refrigerator:&nbsp;Frigidaire 18 cu ft Refrigerator</li> 
 <li>Kitchen Range Type:&nbsp;Frigidaire Free Standing Range</li> 
 <li>Kitchen Range Hood:&nbsp;30” Lighted Exhaust Fan over Range</li> 
 <li>Kitchen Lighting:&nbsp;Recessed Lights (Qty. Per Model)</li> 
 <li>Kitchen Flooring:&nbsp;No-Wax Vinyl Flooring</li> 
 <li>Kitchen Faucets:&nbsp;Single Lever Faucet with Sprayer</li> 
 <li>Kitchen Countertops:&nbsp;Laminated Counter Tops / Crescent Edge T/Out</li> 
 <li>Kitchen Additional Specs:&nbsp;Fire Extinguisher Under Sink</li> 
</ul> 
<p>&nbsp;</p> 
<p><strong><u>Baths Specifications</u></strong></p> 
<ul> 
 <li>Bathroom Sink:&nbsp;China Lavy Sinks</li> 
 <li>Bathroom Lighting:&nbsp;Recessed Lights (Per Model)</li> 
 <li>Bathroom Flooring:&nbsp;No-Wax Vinyl Flooring</li> 
 <li>Bathroom Countertops:&nbsp;Laminated Counter Tops / Crescent Edge T/Out</li> 
 <li>Bathroom Faucets:&nbsp;Adjustable Shower Heads</li> 
 <li>Bathroom Fans:&nbsp;Exhaust Fans w/Light in each Bath</li> 
 <li>Bathroom Toilet Type:&nbsp;Elongated Toilets</li> 
 <li>Bathroom Bathtubs:&nbsp;60” Fiberglass Tub/Shower in each Bath</li> 
</ul>",,,,,,,Golden West
product_GWdrm-562N,Product,Dream Silver / 562N,"<p><strong>BEDS:</strong>&nbsp;2&nbsp; &nbsp; &nbsp;<strong>BATHS:</strong>&nbsp;1&nbsp; &nbsp; &nbsp;<strong>SQ FT:</strong>&nbsp;840&nbsp; &nbsp; &nbsp;</p><p><strong>W X L:</strong>&nbsp;15′&nbsp;x 56′</p><p>The Dream Silver / DRM 562N built by Golden West Homes offers 840 square feet of efficiently utilized living space, featuring 2 bedrooms and 1 bathroom. This manufactured home is crafted for those who value both style and simplicity, with an open layout that enhances a sense of spaciousness and private bedrooms that provide a cozy retreat. The DRM 562N is an ideal choice for individuals or couples seeking a modern, compact home that combines comfort and functionality for seamless daily living.</p>",866235_a149c26ce06a4dcfa651138c560a6a6d~mv2.webp;866235_8c79f14b1671461bb8e64794a46fb548~mv2.webp,"Golden West;Dream Silver;500 - 1,000;Single-Section",DRM562N,840 SQ FT,0,,TRUE,PERCENT,0,InStock,,,,,,,,,,,,,,,,,,,,,3D Tour and Downloads,"<p><u><a href=""https://raw.githubusercontent.com/CadelMVH/Wix-Gallery-Downloads/main/DRM/562N.pdf"" target=""_blank&quot;"">Click Here to Download PDF</a></u></p>",Construction Specifications,"<ul> 
 <li>Additional Specs:&nbsp;In-Floor Waste Plumbing / Kiln Dried Framing Lumber / GFI Receptacle at all Wet Areas</li> 
 <li>Exterior Wall On Center:&nbsp;16” O.C.</li> 
 <li>Exterior Wall Studs:&nbsp;2'x6' Exterior Walls</li> 
 <li>Floor Decking:&nbsp;19/32” OSB T&amp;G Floor Decking</li> 
 <li>Floor Joists:&nbsp;2x6 Floor Joists -16” O.C.</li> 
 <li>Roof Load:&nbsp;30# Roof Load</li> 
 <li>Side Wall Height:&nbsp;96” Sidewall (Flat Ceiling)</li> 
 <li>Insulation (Floors):&nbsp;R-33</li> 
 <li>Insulation (Walls):&nbsp;R-21</li> 
 <li>Insulation (Ceiling):&nbsp;R-40</li> 
</ul>",Exterior Specifications,"<ul> 
 <li>Additional Specs:&nbsp;2x8 Rough Sawn / Continuous Eave Soffit Venting / Ridge Style Roof Venting / Deadbolts on Front and Rear Doors</li> 
 <li>Front Door:&nbsp;36” Front Doors</li> 
 <li>Rear Door:&nbsp;36” Rear Doors</li> 
 <li>Roof Pitch:&nbsp;3:12 (4:12 pitch single sections)</li> 
 <li>Shingles:&nbsp;Architectural Shingles</li> 
 <li>Siding:&nbsp;LP Smart Panel Siding w/5/50 year warranty</li> 
 <li>Window Trim:&nbsp;4” Window Trim</li> 
 <li>Window Type:&nbsp;Dual Pane Low-E Windows</li> 
 <li>Exterior Lighting:&nbsp;Porch Lights at each Exterior Entry</li> 
 <li>Front Rear Eaves:&nbsp;Exterior 14"" Eaves Double wide, 6"" Single wide</li> 
 <li>Exterior Outlets:&nbsp;Exterior 2 GFI Standard</li> 
</ul>",Interior Specifications,"<ul> 
 <li>Ceiling Texture:&nbsp;Brocade Style Ceiling Drywall Finish</li> 
 <li>Door Carpet Type:&nbsp;Entry Lino</li> 
 <li>Safety Alarms:&nbsp;Smoke Alarms, Bdrms &amp; Living Areas</li> 
 <li>Window Type:&nbsp;Wood Window Interior Wrap / Egress Windows in all Bedrooms</li> 
 <li>Molding:&nbsp;Baseboard Molding in Lino Areas</li> 
 <li>Wall Finish:&nbsp;Tape and Texture Drywall Throughout / Square Sheetrock Corners</li> 
 <li>Interior Doors:&nbsp;2-Panel Interior Doors</li> 
 <li>Carpet Type Or Grade:&nbsp;5# Carpet Pad / New Wave 25oz Carpet</li> 
</ul>",Utilities Specifications,"<ul> 
 <li>Electrical Service:&nbsp;200 Amp Electrical Service</li> 
 <li>Electrical Wiring:&nbsp;All Copper Wiring</li> 
 <li>Furnace:&nbsp;Forced Air Elect Down Flow Furnace</li> 
 <li>Other:&nbsp;Receptacle at Fresh Water Inlet</li> 
 <li>Shut Off Valves Throughout:&nbsp;Whole House Shut-off Valve</li> 
 <li>Thermostat:&nbsp;EcoBee T-Stat</li> 
 <li>Washer Dryer Hook Up:&nbsp;Plumbed/Wire For Washer and Dryer</li> 
 <li>Water Heater:&nbsp;40 Gallon Electric Water Heater</li> 
 <li>Water Shut Off Valves:&nbsp;Shut-Off Valves at Toilets &amp; Sinks</li> 
</ul>",Kitchen & Baths Specifications,"<p>&nbsp;</p> 
<p><u><strong>Kitchen&nbsp;Specifications</strong></u></p> 
<ul> 
 <li>Kitchen Sink:&nbsp;Kitchen Sink 8” Stainless Steel</li> 
 <li>Kitchen Refrigerator:&nbsp;Frigidaire 18 cu ft Refrigerator</li> 
 <li>Kitchen Range Type:&nbsp;Frigidaire Free Standing Range</li> 
 <li>Kitchen Range Hood:&nbsp;30” Lighted Exhaust Fan over Range</li> 
 <li>Kitchen Lighting:&nbsp;Recessed Lights (Qty. Per Model)</li> 
 <li>Kitchen Flooring:&nbsp;No-Wax Vinyl Flooring</li> 
 <li>Kitchen Faucets:&nbsp;Single Lever Faucet with Sprayer</li> 
 <li>Kitchen Countertops:&nbsp;Laminated Counter Tops / Crescent Edge T/Out</li> 
 <li>Kitchen Additional Specs:&nbsp;Fire Extinguisher Under Sink</li> 
</ul> 
<p>&nbsp;</p> 
<p><strong><u>Baths Specifications</u></strong></p> 
<ul> 
 <li>Bathroom Sink:&nbsp;China Lavy Sinks</li> 
 <li>Bathroom Lighting:&nbsp;Recessed Lights (Per Model)</li> 
 <li>Bathroom Flooring:&nbsp;No-Wax Vinyl Flooring</li> 
 <li>Bathroom Countertops:&nbsp;Laminated Counter Tops / Crescent Edge T/Out</li> 
 <li>Bathroom Faucets:&nbsp;Adjustable Shower Heads</li> 
 <li>Bathroom Fans:&nbsp;Exhaust Fans w/Light in each Bath</li> 
 <li>Bathroom Toilet Type:&nbsp;Elongated Toilets</li> 
 <li>Bathroom Bathtubs:&nbsp;60” Fiberglass Tub/Shower in each Bath</li> 
</ul>",,,,,,,Golden West
product_GWdrm-603N,Product,Dream Silver / 603N,"<p><strong>BEDS:</strong>&nbsp;2&nbsp; &nbsp; &nbsp;<strong>BATHS:</strong>&nbsp;2&nbsp; &nbsp; &nbsp;<strong>SQ FT:</strong>&nbsp;900&nbsp; &nbsp; &nbsp;</p><p><strong>W X L:</strong>&nbsp;15′ &nbsp;x 60′&nbsp;</p><p>The Dream Silver / DRM 603N built by Golden West Homes offers 900 square feet of well-arranged living space, featuring 2 bedrooms and 2 bathrooms. This manufactured home combines modern design with efficiency, providing open living areas that encourage connection and private bedrooms for a cozy retreat. The DRM 603N is an ideal choice for individuals or couples seeking a home that balances functionality with contemporary style, making it perfect for those who appreciate comfort and smart space planning.</p>",866235_27250ba3b3ac4027b7a1d3094b6c69be~mv2.webp;866235_6561c9c84e7b4e08bb56fc30728c6218~mv2.webp,"Golden West;Dream Silver;500 - 1,000;Single-Section",DRM603N,900 SQ FT,0,,TRUE,PERCENT,0,InStock,,,,,,,,,,,,,,,,,,,,,3D Tour and Downloads,"<p>&nbsp;</p> 
<p><a href=""https://momento360.com/e/uc/8442f5c46b424cae9ee1f4ce2b146044"" target=""_blank&quot;""><u>Click Here for Virtual Tour</u></a></p>
<p><u><a href=""https://raw.githubusercontent.com/CadelMVH/Wix-Gallery-Downloads/main/DRM/603N.pdf"" target=""_blank&quot;"">Click Here to Download PDF</a></u></p>",Construction Specifications,"<ul> 
 <li>Additional Specs:&nbsp;In-Floor Waste Plumbing / Kiln Dried Framing Lumber / GFI Receptacle at all Wet Areas</li> 
 <li>Exterior Wall On Center:&nbsp;16” O.C.</li> 
 <li>Exterior Wall Studs:&nbsp;2'x6' Exterior Walls</li> 
 <li>Floor Decking:&nbsp;19/32” OSB T&amp;G Floor Decking</li> 
 <li>Floor Joists:&nbsp;2x6 Floor Joists -16” O.C.</li> 
 <li>Roof Load:&nbsp;30# Roof Load</li> 
 <li>Side Wall Height:&nbsp;96” Sidewall (Flat Ceiling)</li> 
 <li>Insulation (Floors):&nbsp;R-33</li> 
 <li>Insulation (Walls):&nbsp;R-21</li> 
 <li>Insulation (Ceiling):&nbsp;R-40</li> 
</ul>",Exterior Specifications,"<ul> 
 <li>Additional Specs:&nbsp;2x8 Rough Sawn / Continuous Eave Soffit Venting / Ridge Style Roof Venting / Deadbolts on Front and Rear Doors</li> 
 <li>Front Door:&nbsp;36” Front Doors</li> 
 <li>Rear Door:&nbsp;36” Rear Doors</li> 
 <li>Roof Pitch:&nbsp;3:12 (4:12 pitch single sections)</li> 
 <li>Shingles:&nbsp;Architectural Shingles</li> 
 <li>Siding:&nbsp;LP Smart Panel Siding w/5/50 year warranty</li> 
 <li>Window Trim:&nbsp;4” Window Trim</li> 
 <li>Window Type:&nbsp;Dual Pane Low-E Windows</li> 
 <li>Exterior Lighting:&nbsp;Porch Lights at each Exterior Entry</li> 
 <li>Front Rear Eaves:&nbsp;Exterior 14"" Eaves Double wide, 6"" Single wide</li> 
 <li>Exterior Outlets:&nbsp;Exterior 2 GFI Standard</li> 
</ul>",Interior Specifications,"<ul> 
 <li>Ceiling Texture:&nbsp;Brocade Style Ceiling Drywall Finish</li> 
 <li>Door Carpet Type:&nbsp;Entry Lino</li> 
 <li>Safety Alarms:&nbsp;Smoke Alarms, Bdrms &amp; Living Areas</li> 
 <li>Window Type:&nbsp;Wood Window Interior Wrap / Egress Windows in all Bedrooms</li> 
 <li>Molding:&nbsp;Baseboard Molding in Lino Areas</li> 
 <li>Wall Finish:&nbsp;Tape and Texture Drywall Throughout / Square Sheetrock Corners</li> 
 <li>Interior Doors:&nbsp;2-Panel Interior Doors</li> 
 <li>Carpet Type Or Grade:&nbsp;5# Carpet Pad / New Wave 25oz Carpet</li> 
</ul>",Utilities Specifications,"<ul> 
 <li>Electrical Service:&nbsp;200 Amp Electrical Service</li> 
 <li>Electrical Wiring:&nbsp;All Copper Wiring</li> 
 <li>Furnace:&nbsp;Forced Air Elect Down Flow Furnace</li> 
 <li>Other:&nbsp;Receptacle at Fresh Water Inlet</li> 
 <li>Shut Off Valves Throughout:&nbsp;Whole House Shut-off Valve</li> 
 <li>Thermostat:&nbsp;EcoBee T-Stat</li> 
 <li>Washer Dryer Hook Up:&nbsp;Plumbed/Wire For Washer and Dryer</li> 
 <li>Water Heater:&nbsp;40 Gallon Electric Water Heater</li> 
 <li>Water Shut Off Valves:&nbsp;Shut-Off Valves at Toilets &amp; Sinks</li> 
</ul>",Kitchen & Baths Specifications,"<p>&nbsp;</p> 
<p><u><strong>Kitchen&nbsp;Specifications</strong></u></p> 
<ul> 
 <li>Kitchen Sink:&nbsp;Kitchen Sink 8” Stainless Steel</li> 
 <li>Kitchen Refrigerator:&nbsp;Frigidaire 18 cu ft Refrigerator</li> 
 <li>Kitchen Range Type:&nbsp;Frigidaire Free Standing Range</li> 
 <li>Kitchen Range Hood:&nbsp;30” Lighted Exhaust Fan over Range</li> 
 <li>Kitchen Lighting:&nbsp;Recessed Lights (Qty. Per Model)</li> 
 <li>Kitchen Flooring:&nbsp;No-Wax Vinyl Flooring</li> 
 <li>Kitchen Faucets:&nbsp;Single Lever Faucet with Sprayer</li> 
 <li>Kitchen Countertops:&nbsp;Laminated Counter Tops / Crescent Edge T/Out</li> 
 <li>Kitchen Additional Specs:&nbsp;Fire Extinguisher Under Sink</li> 
</ul> 
<p>&nbsp;</p> 
<p><strong><u>Baths Specifications</u></strong></p> 
<ul> 
 <li>Bathroom Sink:&nbsp;China Lavy Sinks</li> 
 <li>Bathroom Lighting:&nbsp;Recessed Lights (Per Model)</li> 
 <li>Bathroom Flooring:&nbsp;No-Wax Vinyl Flooring</li> 
 <li>Bathroom Countertops:&nbsp;Laminated Counter Tops / Crescent Edge T/Out</li> 
 <li>Bathroom Faucets:&nbsp;Adjustable Shower Heads</li> 
 <li>Bathroom Fans:&nbsp;Exhaust Fans w/Light in each Bath</li> 
 <li>Bathroom Toilet Type:&nbsp;Elongated Toilets</li> 
 <li>Bathroom Bathtubs:&nbsp;60” Fiberglass Tub/Shower in each Bath</li> 
</ul>",,,,,,,Golden West
product_GWdrm-661N,Product,Dream Silver / 661N,"<p><strong>BEDS:</strong>&nbsp;3&nbsp; &nbsp; &nbsp;<strong>BATHS:</strong>&nbsp;2&nbsp; &nbsp; &nbsp;<strong>SQ FT:</strong>&nbsp;990&nbsp; &nbsp; &nbsp;</p><p><strong>W X L:</strong>&nbsp;15′&nbsp;x 66′</p><p>The Dream Silver / DRM 661N built by Golden West Homes provides 990 square feet of smartly designed living space, featuring 3 bedrooms and 2 bathrooms. This manufactured home offers a functional layout that maximizes each area, with open living spaces for gatherings and private bedrooms that provide a cozy retreat. The DRM 661N is a perfect choice for families or individuals looking for a compact home that combines modern design with practical amenities, creating an inviting atmosphere for comfortable daily living.</p>",866235_a6425f2216844998bb718f82066184c6~mv2.webp;866235_a6a04ee745b241699e201541bd9d7cc3~mv2.webp,"Golden West;Dream Silver;500 - 1,000",DRM661N,990 SQ FT,0,,TRUE,PERCENT,0,InStock,,,,,,,,,,,,,,,,,,,,,3D Tour and Downloads,"<p>&nbsp;</p> 
<p><a><u>Click Here for Virtual Tour</u></a></p>
<p><u><a href=""https://raw.githubusercontent.com/CadelMVH/Wix-Gallery-Downloads/main/DRM/661N.pdf"" target=""_blank&quot;"">Click Here to Download PDF</a></u></p>",Construction Specifications,"<ul> 
 <li>Additional Specs:&nbsp;In-Floor Waste Plumbing / Kiln Dried Framing Lumber / GFI Receptacle at all Wet Areas</li> 
 <li>Exterior Wall On Center:&nbsp;16” O.C.</li> 
 <li>Exterior Wall Studs:&nbsp;2'x6' Exterior Walls</li> 
 <li>Floor Decking:&nbsp;19/32” OSB T&amp;G Floor Decking</li> 
 <li>Floor Joists:&nbsp;2x6 Floor Joists -16” O.C.</li> 
 <li>Roof Load:&nbsp;30# Roof Load</li> 
 <li>Side Wall Height:&nbsp;96” Sidewall (Flat Ceiling)</li> 
 <li>Insulation (Floors):&nbsp;R-33</li> 
 <li>Insulation (Walls):&nbsp;R-21</li> 
 <li>Insulation (Ceiling):&nbsp;R-40</li> 
</ul>",Exterior Specifications,"<ul> 
 <li>Additional Specs:&nbsp;2x8 Rough Sawn / Continuous Eave Soffit Venting / Ridge Style Roof Venting / Deadbolts on Front and Rear Doors</li> 
 <li>Front Door:&nbsp;36” Front Doors</li> 
 <li>Rear Door:&nbsp;36” Rear Doors</li> 
 <li>Roof Pitch:&nbsp;3:12 (4:12 pitch single sections)</li> 
 <li>Shingles:&nbsp;Architectural Shingles</li> 
 <li>Siding:&nbsp;LP Smart Panel Siding w/5/50 year warranty</li> 
 <li>Window Trim:&nbsp;4” Window Trim</li> 
 <li>Window Type:&nbsp;Dual Pane Low-E Windows</li> 
 <li>Exterior Lighting:&nbsp;Porch Lights at each Exterior Entry</li> 
 <li>Front Rear Eaves:&nbsp;Exterior 14"" Eaves Double wide, 6"" Single wide</li> 
 <li>Exterior Outlets:&nbsp;Exterior 2 GFI Standard</li> 
</ul>",Interior Specifications,"<ul> 
 <li>Ceiling Texture:&nbsp;Brocade Style Ceiling Drywall Finish</li> 
 <li>Door Carpet Type:&nbsp;Entry Lino</li> 
 <li>Safety Alarms:&nbsp;Smoke Alarms, Bdrms &amp; Living Areas</li> 
 <li>Window Type:&nbsp;Wood Window Interior Wrap / Egress Windows in all Bedrooms</li> 
 <li>Molding:&nbsp;Baseboard Molding in Lino Areas</li> 
 <li>Wall Finish:&nbsp;Tape and Texture Drywall Throughout / Square Sheetrock Corners</li> 
 <li>Interior Doors:&nbsp;2-Panel Interior Doors</li> 
 <li>Carpet Type Or Grade:&nbsp;5# Carpet Pad / New Wave 25oz Carpet</li> 
</ul>",Utilities Specifications,"<ul> 
 <li>Electrical Service:&nbsp;200 Amp Electrical Service</li> 
 <li>Electrical Wiring:&nbsp;All Copper Wiring</li> 
 <li>Furnace:&nbsp;Forced Air Elect Down Flow Furnace</li> 
 <li>Other:&nbsp;Receptacle at Fresh Water Inlet</li> 
 <li>Shut Off Valves Throughout:&nbsp;Whole House Shut-off Valve</li> 
 <li>Thermostat:&nbsp;EcoBee T-Stat</li> 
 <li>Washer Dryer Hook Up:&nbsp;Plumbed/Wire For Washer and Dryer</li> 
 <li>Water Heater:&nbsp;40 Gallon Electric Water Heater</li> 
 <li>Water Shut Off Valves:&nbsp;Shut-Off Valves at Toilets &amp; Sinks</li> 
</ul>",Kitchen & Baths Specifications,"<p>&nbsp;</p> 
<p><u><strong>Kitchen&nbsp;Specifications</strong></u></p> 
<ul> 
 <li>Kitchen Sink:&nbsp;Kitchen Sink 8” Stainless Steel</li> 
 <li>Kitchen Refrigerator:&nbsp;Frigidaire 18 cu ft Refrigerator</li> 
 <li>Kitchen Range Type:&nbsp;Frigidaire Free Standing Range</li> 
 <li>Kitchen Range Hood:&nbsp;30” Lighted Exhaust Fan over Range</li> 
 <li>Kitchen Lighting:&nbsp;Recessed Lights (Qty. Per Model)</li> 
 <li>Kitchen Flooring:&nbsp;No-Wax Vinyl Flooring</li> 
 <li>Kitchen Faucets:&nbsp;Single Lever Faucet with Sprayer</li> 
 <li>Kitchen Countertops:&nbsp;Laminated Counter Tops / Crescent Edge T/Out</li> 
 <li>Kitchen Additional Specs:&nbsp;Fire Extinguisher Under Sink</li> 
</ul> 
<p>&nbsp;</p> 
<p><strong><u>Baths Specifications</u></strong></p> 
<ul> 
 <li>Bathroom Sink:&nbsp;China Lavy Sinks</li> 
 <li>Bathroom Lighting:&nbsp;Recessed Lights (Per Model)</li> 
 <li>Bathroom Flooring:&nbsp;No-Wax Vinyl Flooring</li> 
 <li>Bathroom Countertops:&nbsp;Laminated Counter Tops / Crescent Edge T/Out</li> 
 <li>Bathroom Faucets:&nbsp;Adjustable Shower Heads</li> 
 <li>Bathroom Fans:&nbsp;Exhaust Fans w/Light in each Bath</li> 
 <li>Bathroom Toilet Type:&nbsp;Elongated Toilets</li> 
 <li>Bathroom Bathtubs:&nbsp;60” Fiberglass Tub/Shower in each Bath</li> 
</ul>",,,,,,,Golden West
product_GWdrm-301P,Product,Dream Silver / 301P,"<p><strong>BEDS:</strong>&nbsp;1&nbsp; &nbsp; &nbsp;<strong>BATHS:</strong>&nbsp;1&nbsp; &nbsp; &nbsp;<strong>SQ FT:</strong>&nbsp;547&nbsp; &nbsp; &nbsp;</p><p><strong>W X L:</strong>&nbsp;20′ &nbsp;x 30′&nbsp;</p><p>The Dream Silver / DRM 301P built by Golden West Homes offers 547 square feet of efficiently designed living space, featuring 1 bedroom and 1 bathroom. This manufactured home maximizes comfort within a compact footprint, with an open living area that enhances functionality and a private bedroom that provides a restful retreat. The DRM 301P is an ideal choice for individuals or couples seeking a cozy, modern home that blends practicality with style, making it perfect for those who appreciate efficient, comfortable living.</p>",866235_bcc9274dcd004055ba80525c2dcf17eb~mv2.webp;866235_5113cc8a7c0c4f5495c1c5811a5a4834~mv2.webp,"Double-Section;Dream Silver;Homes on Display;Golden West;500 - 1,000",DRM301P,547 SQ FT,0,,TRUE,PERCENT,0,InStock,,,,,,,,,,,,,,,,,,,,,3D Tour and Downloads,"<p>&nbsp;</p> 
<p><a href=""https://momento360.com/e/uc/ef300530b0e543a992478916e4be7d57"" target=""_blank&quot;""><u>Click Here for Virtual Tour</u></a></p>
<p><u><a href=""https://raw.githubusercontent.com/CadelMVH/Wix-Gallery-Downloads/main/DRM/301P.pdf"" target=""_blank&quot;"">Click Here to Download PDF</a></u></p>",Construction Specifications,"<ul> 
 <li>Additional Specs:&nbsp;In-Floor Waste Plumbing / Kiln Dried Framing Lumber / GFI Receptacle at all Wet Areas</li> 
 <li>Exterior Wall On Center:&nbsp;16” O.C.</li> 
 <li>Exterior Wall Studs:&nbsp;2'x6' Exterior Walls</li> 
 <li>Floor Decking:&nbsp;19/32” OSB T&amp;G Floor Decking</li> 
 <li>Floor Joists:&nbsp;2x6 Floor Joists -16” O.C.</li> 
 <li>Roof Load:&nbsp;30# Roof Load</li> 
 <li>Side Wall Height:&nbsp;96” Sidewall (Flat Ceiling)</li> 
 <li>Insulation (Floors):&nbsp;R-33</li> 
 <li>Insulation (Walls):&nbsp;R-21</li> 
 <li>Insulation (Ceiling):&nbsp;R-40</li> 
</ul>",Exterior Specifications,"<ul> 
 <li>Additional Specs:&nbsp;2x8 Rough Sawn / Continuous Eave Soffit Venting / Ridge Style Roof Venting / Deadbolts on Front and Rear Doors</li> 
 <li>Front Door:&nbsp;36” Front Doors</li> 
 <li>Rear Door:&nbsp;36” Rear Doors</li> 
 <li>Roof Pitch:&nbsp;3:12 (4:12 pitch single sections)</li> 
 <li>Shingles:&nbsp;Architectural Shingles</li> 
 <li>Siding:&nbsp;LP Smart Panel Siding w/5/50 year warranty</li> 
 <li>Window Trim:&nbsp;4” Window Trim</li> 
 <li>Window Type:&nbsp;Dual Pane Low-E Windows</li> 
 <li>Exterior Lighting:&nbsp;Porch Lights at each Exterior Entry</li> 
 <li>Front Rear Eaves:&nbsp;Exterior 14"" Eaves Double wide, 6"" Single wide</li> 
 <li>Exterior Outlets:&nbsp;Exterior 2 GFI Standard</li> 
</ul>",Interior Specifications,"<ul> 
 <li>Ceiling Texture:&nbsp;Brocade Style Ceiling Drywall Finish</li> 
 <li>Door Carpet Type:&nbsp;Entry Lino</li> 
 <li>Safety Alarms:&nbsp;Smoke Alarms, Bdrms &amp; Living Areas</li> 
 <li>Window Type:&nbsp;Wood Window Interior Wrap / Egress Windows in all Bedrooms</li> 
 <li>Molding:&nbsp;Baseboard Molding in Lino Areas</li> 
 <li>Wall Finish:&nbsp;Tape and Texture Drywall Throughout / Square Sheetrock Corners</li> 
 <li>Interior Doors:&nbsp;2-Panel Interior Doors</li> 
 <li>Carpet Type Or Grade:&nbsp;5# Carpet Pad / New Wave 25oz Carpet</li> 
</ul>",Utilities Specifications,"<ul> 
 <li>Electrical Service:&nbsp;200 Amp Electrical Service</li> 
 <li>Electrical Wiring:&nbsp;All Copper Wiring</li> 
 <li>Furnace:&nbsp;Forced Air Elect Down Flow Furnace</li> 
 <li>Other:&nbsp;Receptacle at Fresh Water Inlet</li> 
 <li>Shut Off Valves Throughout:&nbsp;Whole House Shut-off Valve</li> 
 <li>Thermostat:&nbsp;EcoBee T-Stat</li> 
 <li>Washer Dryer Hook Up:&nbsp;Plumbed/Wire For Washer and Dryer</li> 
 <li>Water Heater:&nbsp;40 Gallon Electric Water Heater</li> 
 <li>Water Shut Off Valves:&nbsp;Shut-Off Valves at Toilets &amp; Sinks</li> 
</ul>",Kitchen & Baths Specifications,"<p>&nbsp;</p> 
<p><u><strong>Kitchen&nbsp;Specifications</strong></u></p> 
<ul> 
 <li>Kitchen Sink:&nbsp;Kitchen Sink 8” Stainless Steel</li> 
 <li>Kitchen Refrigerator:&nbsp;Frigidaire 18 cu ft Refrigerator</li> 
 <li>Kitchen Range Type:&nbsp;Frigidaire Free Standing Range</li> 
 <li>Kitchen Range Hood:&nbsp;30” Lighted Exhaust Fan over Range</li> 
 <li>Kitchen Lighting:&nbsp;Recessed Lights (Qty. Per Model)</li> 
 <li>Kitchen Flooring:&nbsp;No-Wax Vinyl Flooring</li> 
 <li>Kitchen Faucets:&nbsp;Single Lever Faucet with Sprayer</li> 
 <li>Kitchen Countertops:&nbsp;Laminated Counter Tops / Crescent Edge T/Out</li> 
 <li>Kitchen Additional Specs:&nbsp;Fire Extinguisher Under Sink</li> 
</ul> 
<p>&nbsp;</p> 
<p><strong><u>Baths Specifications</u></strong></p> 
<ul> 
 <li>Bathroom Sink:&nbsp;China Lavy Sinks</li> 
 <li>Bathroom Lighting:&nbsp;Recessed Lights (Per Model)</li> 
 <li>Bathroom Flooring:&nbsp;No-Wax Vinyl Flooring</li> 
 <li>Bathroom Countertops:&nbsp;Laminated Counter Tops / Crescent Edge T/Out</li> 
 <li>Bathroom Faucets:&nbsp;Adjustable Shower Heads</li> 
 <li>Bathroom Fans:&nbsp;Exhaust Fans w/Light in each Bath</li> 
 <li>Bathroom Toilet Type:&nbsp;Elongated Toilets</li> 
 <li>Bathroom Bathtubs:&nbsp;60” Fiberglass Tub/Shower in each Bath</li> 
</ul>",,,,,,,Golden West
product_GWdrm-402P,Product,Dream Silver / 402P,"<p><strong>BEDS:</strong>&nbsp;2&nbsp; &nbsp; &nbsp;<strong>BATHS:</strong>&nbsp;2&nbsp; &nbsp; &nbsp;<strong>SQ FT:</strong>&nbsp;800&nbsp; &nbsp; &nbsp;</p><p><strong>W X L:</strong>&nbsp;20′ &nbsp;x 40′</p><p>The Dream Silver / DRM 402P built by Golden West Homes offers 800 square feet of carefully designed living space, featuring 2 bedrooms and 2 bathrooms. This manufactured home is ideal for those seeking a balance of style and function, with an open layout that maximizes comfort and private bedrooms that create a cozy retreat. The DRM 402P is a perfect choice for individuals or couples looking for a compact, modern home that combines practicality with a warm, inviting atmosphere, making it ideal for daily living or peaceful escapes.</p>",866235_6b17783274284ee284b3af18c0ff5630~mv2.webp;866235_18f79ac33f7b4b3dad4f47a6354a4fa8~mv2.webp,"Golden West;Dream Silver;500 - 1,000;Double-Section",DRM402P,800 SQ FT,0,,TRUE,PERCENT,0,InStock,,,,,,,,,,,,,,,,,,,,,3D Tour and Downloads,"<p><u><a href=""https://raw.githubusercontent.com/CadelMVH/Wix-Gallery-Downloads/main/DRM/402P.pdf"" target=""_blank&quot;"">Click Here to Download PDF</a></u></p>",Construction Specifications,"<ul> 
 <li>Additional Specs:&nbsp;In-Floor Waste Plumbing / Kiln Dried Framing Lumber / GFI Receptacle at all Wet Areas</li> 
 <li>Exterior Wall On Center:&nbsp;16” O.C.</li> 
 <li>Exterior Wall Studs:&nbsp;2'x6' Exterior Walls</li> 
 <li>Floor Decking:&nbsp;19/32” OSB T&amp;G Floor Decking</li> 
 <li>Floor Joists:&nbsp;2x6 Floor Joists -16” O.C.</li> 
 <li>Roof Load:&nbsp;30# Roof Load</li> 
 <li>Side Wall Height:&nbsp;96” Sidewall (Flat Ceiling)</li> 
 <li>Insulation (Floors):&nbsp;R-33</li> 
 <li>Insulation (Walls):&nbsp;R-21</li> 
 <li>Insulation (Ceiling):&nbsp;R-40</li> 
</ul>",Exterior Specifications,"<ul> 
 <li>Additional Specs:&nbsp;2x8 Rough Sawn / Continuous Eave Soffit Venting / Ridge Style Roof Venting / Deadbolts on Front and Rear Doors</li> 
 <li>Front Door:&nbsp;36” Front Doors</li> 
 <li>Rear Door:&nbsp;36” Rear Doors</li> 
 <li>Roof Pitch:&nbsp;3:12 (4:12 pitch single sections)</li> 
 <li>Shingles:&nbsp;Architectural Shingles</li> 
 <li>Siding:&nbsp;LP Smart Panel Siding w/5/50 year warranty</li> 
 <li>Window Trim:&nbsp;4” Window Trim</li> 
 <li>Window Type:&nbsp;Dual Pane Low-E Windows</li> 
 <li>Exterior Lighting:&nbsp;Porch Lights at each Exterior Entry</li> 
 <li>Front Rear Eaves:&nbsp;Exterior 14"" Eaves Double wide, 6"" Single wide</li> 
 <li>Exterior Outlets:&nbsp;Exterior 2 GFI Standard</li> 
</ul>",Interior Specifications,"<ul> 
 <li>Ceiling Texture:&nbsp;Brocade Style Ceiling Drywall Finish</li> 
 <li>Door Carpet Type:&nbsp;Entry Lino</li> 
 <li>Safety Alarms:&nbsp;Smoke Alarms, Bdrms &amp; Living Areas</li> 
 <li>Window Type:&nbsp;Wood Window Interior Wrap / Egress Windows in all Bedrooms</li> 
 <li>Molding:&nbsp;Baseboard Molding in Lino Areas</li> 
 <li>Wall Finish:&nbsp;Tape and Texture Drywall Throughout / Square Sheetrock Corners</li> 
 <li>Interior Doors:&nbsp;2-Panel Interior Doors</li> 
 <li>Carpet Type Or Grade:&nbsp;5# Carpet Pad / New Wave 25oz Carpet</li> 
</ul>",Utilities Specifications,"<ul> 
 <li>Electrical Service:&nbsp;200 Amp Electrical Service</li> 
 <li>Electrical Wiring:&nbsp;All Copper Wiring</li> 
 <li>Furnace:&nbsp;Forced Air Elect Down Flow Furnace</li> 
 <li>Other:&nbsp;Receptacle at Fresh Water Inlet</li> 
 <li>Shut Off Valves Throughout:&nbsp;Whole House Shut-off Valve</li> 
 <li>Thermostat:&nbsp;EcoBee T-Stat</li> 
 <li>Washer Dryer Hook Up:&nbsp;Plumbed/Wire For Washer and Dryer</li> 
 <li>Water Heater:&nbsp;40 Gallon Electric Water Heater</li> 
 <li>Water Shut Off Valves:&nbsp;Shut-Off Valves at Toilets &amp; Sinks</li> 
</ul>",Kitchen & Baths Specifications,"<p>&nbsp;</p> 
<p><u><strong>Kitchen&nbsp;Specifications</strong></u></p> 
<ul> 
 <li>Kitchen Sink:&nbsp;Kitchen Sink 8” Stainless Steel</li> 
 <li>Kitchen Refrigerator:&nbsp;Frigidaire 18 cu ft Refrigerator</li> 
 <li>Kitchen Range Type:&nbsp;Frigidaire Free Standing Range</li> 
 <li>Kitchen Range Hood:&nbsp;30” Lighted Exhaust Fan over Range</li> 
 <li>Kitchen Lighting:&nbsp;Recessed Lights (Qty. Per Model)</li> 
 <li>Kitchen Flooring:&nbsp;No-Wax Vinyl Flooring</li> 
 <li>Kitchen Faucets:&nbsp;Single Lever Faucet with Sprayer</li> 
 <li>Kitchen Countertops:&nbsp;Laminated Counter Tops / Crescent Edge T/Out</li> 
 <li>Kitchen Additional Specs:&nbsp;Fire Extinguisher Under Sink</li> 
</ul> 
<p>&nbsp;</p> 
<p><strong><u>Baths Specifications</u></strong></p> 
<ul> 
 <li>Bathroom Sink:&nbsp;China Lavy Sinks</li> 
 <li>Bathroom Lighting:&nbsp;Recessed Lights (Per Model)</li> 
 <li>Bathroom Flooring:&nbsp;No-Wax Vinyl Flooring</li> 
 <li>Bathroom Countertops:&nbsp;Laminated Counter Tops / Crescent Edge T/Out</li> 
 <li>Bathroom Faucets:&nbsp;Adjustable Shower Heads</li> 
 <li>Bathroom Fans:&nbsp;Exhaust Fans w/Light in each Bath</li> 
 <li>Bathroom Toilet Type:&nbsp;Elongated Toilets</li> 
 <li>Bathroom Bathtubs:&nbsp;60” Fiberglass Tub/Shower in each Bath</li> 
</ul>",,,,,,,Golden West
product_GWdrm-482P,Product,Dream Silver / 482P,"<p><strong>BEDS:</strong>&nbsp;2&nbsp; &nbsp; &nbsp;<strong>BATHS:</strong>&nbsp;2&nbsp; &nbsp; &nbsp;<strong>SQ FT:</strong>&nbsp;944&nbsp; &nbsp; &nbsp;</p><p><strong>W X L:</strong>&nbsp;20′ &nbsp;x 48′&nbsp;</p><p>The Dream Silver / DRM 482P built by Golden West Homes provides 944 square feet of well-planned living space, featuring 2 bedrooms and 2 bathrooms. This manufactured home combines modern style with functionality, offering an open layout that promotes comfort and private bedrooms that create a relaxing retreat. The DRM 482P is an excellent choice for individuals or couples seeking a home that balances practicality and elegance, making it ideal for daily living or a weekend escape in a welcoming, compact design.</p>",866235_5dd103112ad2456783fbc9d3f61f0621~mv2.webp;866235_f658359cd0424ff592e889f79c97c3e8~mv2.webp,"Golden West;Dream Silver;500 - 1,000;Double-Section",DRM482P,944 SQ FT,0,,TRUE,PERCENT,0,InStock,,,,,,,,,,,,,,,,,,,,,3D Tour and Downloads,"<p>&nbsp;</p> 
<p><a href=""https://momento360.com/e/uc/1c413e5dd0664397a8dd40590bd8b233"" target=""_blank&quot;""><u>Click Here for Virtual Tour</u></a></p>
<p><u><a href=""https://raw.githubusercontent.com/CadelMVH/Wix-Gallery-Downloads/main/DRM/482P.pdf"" target=""_blank&quot;"">Click Here to Download PDF</a></u></p>",Construction Specifications,"<ul> 
 <li>Additional Specs:&nbsp;In-Floor Waste Plumbing / Kiln Dried Framing Lumber / GFI Receptacle at all Wet Areas</li> 
 <li>Exterior Wall On Center:&nbsp;16” O.C.</li> 
 <li>Exterior Wall Studs:&nbsp;2'x6' Exterior Walls</li> 
 <li>Floor Decking:&nbsp;19/32” OSB T&amp;G Floor Decking</li> 
 <li>Floor Joists:&nbsp;2x6 Floor Joists -16” O.C.</li> 
 <li>Roof Load:&nbsp;30# Roof Load</li> 
 <li>Side Wall Height:&nbsp;96” Sidewall (Flat Ceiling)</li> 
 <li>Insulation (Floors):&nbsp;R-33</li> 
 <li>Insulation (Walls):&nbsp;R-21</li> 
 <li>Insulation (Ceiling):&nbsp;R-40</li> 
</ul>",Exterior Specifications,"<ul> 
 <li>Additional Specs:&nbsp;2x8 Rough Sawn / Continuous Eave Soffit Venting / Ridge Style Roof Venting / Deadbolts on Front and Rear Doors</li> 
 <li>Front Door:&nbsp;36” Front Doors</li> 
 <li>Rear Door:&nbsp;36” Rear Doors</li> 
 <li>Roof Pitch:&nbsp;3:12 (4:12 pitch single sections)</li> 
 <li>Shingles:&nbsp;Architectural Shingles</li> 
 <li>Siding:&nbsp;LP Smart Panel Siding w/5/50 year warranty</li> 
 <li>Window Trim:&nbsp;4” Window Trim</li> 
 <li>Window Type:&nbsp;Dual Pane Low-E Windows</li> 
 <li>Exterior Lighting:&nbsp;Porch Lights at each Exterior Entry</li> 
 <li>Front Rear Eaves:&nbsp;Exterior 14"" Eaves Double wide, 6"" Single wide</li> 
 <li>Exterior Outlets:&nbsp;Exterior 2 GFI Standard</li> 
</ul>",Interior Specifications,"<ul> 
 <li>Ceiling Texture:&nbsp;Brocade Style Ceiling Drywall Finish</li> 
 <li>Door Carpet Type:&nbsp;Entry Lino</li> 
 <li>Safety Alarms:&nbsp;Smoke Alarms, Bdrms &amp; Living Areas</li> 
 <li>Window Type:&nbsp;Wood Window Interior Wrap / Egress Windows in all Bedrooms</li> 
 <li>Molding:&nbsp;Baseboard Molding in Lino Areas</li> 
 <li>Wall Finish:&nbsp;Tape and Texture Drywall Throughout / Square Sheetrock Corners</li> 
 <li>Interior Doors:&nbsp;2-Panel Interior Doors</li> 
 <li>Carpet Type Or Grade:&nbsp;5# Carpet Pad / New Wave 25oz Carpet</li> 
</ul>",Utilities Specifications,"<ul> 
 <li>Electrical Service:&nbsp;200 Amp Electrical Service</li> 
 <li>Electrical Wiring:&nbsp;All Copper Wiring</li> 
 <li>Furnace:&nbsp;Forced Air Elect Down Flow Furnace</li> 
 <li>Other:&nbsp;Receptacle at Fresh Water Inlet</li> 
 <li>Shut Off Valves Throughout:&nbsp;Whole House Shut-off Valve</li> 
 <li>Thermostat:&nbsp;EcoBee T-Stat</li> 
 <li>Washer Dryer Hook Up:&nbsp;Plumbed/Wire For Washer and Dryer</li> 
 <li>Water Heater:&nbsp;40 Gallon Electric Water Heater</li> 
 <li>Water Shut Off Valves:&nbsp;Shut-Off Valves at Toilets &amp; Sinks</li> 
</ul>",Kitchen & Baths Specifications,"<p>&nbsp;</p> 
<p><u><strong>Kitchen&nbsp;Specifications</strong></u></p> 
<ul> 
 <li>Kitchen Sink:&nbsp;Kitchen Sink 8” Stainless Steel</li> 
 <li>Kitchen Refrigerator:&nbsp;Frigidaire 18 cu ft Refrigerator</li> 
 <li>Kitchen Range Type:&nbsp;Frigidaire Free Standing Range</li> 
 <li>Kitchen Range Hood:&nbsp;30” Lighted Exhaust Fan over Range</li> 
 <li>Kitchen Lighting:&nbsp;Recessed Lights (Qty. Per Model)</li> 
 <li>Kitchen Flooring:&nbsp;No-Wax Vinyl Flooring</li> 
 <li>Kitchen Faucets:&nbsp;Single Lever Faucet with Sprayer</li> 
 <li>Kitchen Countertops:&nbsp;Laminated Counter Tops / Crescent Edge T/Out</li> 
 <li>Kitchen Additional Specs:&nbsp;Fire Extinguisher Under Sink</li> 
</ul> 
<p>&nbsp;</p> 
<p><strong><u>Baths Specifications</u></strong></p> 
<ul> 
 <li>Bathroom Sink:&nbsp;China Lavy Sinks</li> 
 <li>Bathroom Lighting:&nbsp;Recessed Lights (Per Model)</li> 
 <li>Bathroom Flooring:&nbsp;No-Wax Vinyl Flooring</li> 
 <li>Bathroom Countertops:&nbsp;Laminated Counter Tops / Crescent Edge T/Out</li> 
 <li>Bathroom Faucets:&nbsp;Adjustable Shower Heads</li> 
 <li>Bathroom Fans:&nbsp;Exhaust Fans w/Light in each Bath</li> 
 <li>Bathroom Toilet Type:&nbsp;Elongated Toilets</li> 
 <li>Bathroom Bathtubs:&nbsp;60” Fiberglass Tub/Shower in each Bath</li> 
</ul>",,,,,,,Golden West
product_GWdrm-561P,Product,Dream Silver / 561P,"<p><strong>BEDS:</strong>&nbsp;3&nbsp; &nbsp; &nbsp;<strong>BATHS:</strong>&nbsp;2&nbsp; &nbsp; &nbsp;<strong>SQ FT:</strong>&nbsp;1,102&nbsp; &nbsp; &nbsp;</p><p><strong>W X L:</strong>&nbsp;20′ x 56′&nbsp;</p><p>The Dream Silver / DRM 561P built by Golden West Albany offers 3 bedrooms, 2 bathrooms, and 1,102 square feet of smartly planned living space. An open main area welcomes gatherings, while private bedrooms give everyone room to breathe. Everyday chores feel easier, evenings feel cozier, and weekends stretch a little longer. Built with Golden West craftsmanship, energy-smart features, and a layout that fits real Midwestern living. The DRM 561P is ready to be loved.</p>",866235_466e8cab1f1946009f423e22df7eca62~mv2.webp;866235_24957a5f79ee4f36b4d4959473516789~mv2.webp,"Golden West;Dream Silver;1,000 - 1,500;Double-Section",DRM561P,"1,101 SQ FT",0,,TRUE,PERCENT,0,InStock,,,,,,,,,,,,,,,,,,,,,3D Tour and Downloads,"<p><u><a href=""https://raw.githubusercontent.com/CadelMVH/Wix-Gallery-Downloads/main/DRM/561P.pdf"" target=""_blank&quot;"">Click Here to Download PDF</a></u></p>",Construction Specifications,"<ul> 
 <li>Additional Specs:&nbsp;In-Floor Waste Plumbing / Kiln Dried Framing Lumber / GFI Receptacle at all Wet Areas</li> 
 <li>Exterior Wall On Center:&nbsp;16” O.C.</li> 
 <li>Exterior Wall Studs:&nbsp;2'x6' Exterior Walls</li> 
 <li>Floor Decking:&nbsp;19/32” OSB T&amp;G Floor Decking</li> 
 <li>Floor Joists:&nbsp;2x6 Floor Joists -16” O.C.</li> 
 <li>Roof Load:&nbsp;30# Roof Load</li> 
 <li>Side Wall Height:&nbsp;96” Sidewall (Flat Ceiling)</li> 
 <li>Insulation (Floors):&nbsp;R-33</li> 
 <li>Insulation (Walls):&nbsp;R-21</li> 
 <li>Insulation (Ceiling):&nbsp;R-40</li> 
</ul>",Exterior Specifications,"<ul> 
 <li>Additional Specs:&nbsp;2x8 Rough Sawn / Continuous Eave Soffit Venting / Ridge Style Roof Venting / Deadbolts on Front and Rear Doors</li> 
 <li>Front Door:&nbsp;36” Front Doors</li> 
 <li>Rear Door:&nbsp;36” Rear Doors</li> 
 <li>Roof Pitch:&nbsp;3:12 (4:12 pitch single sections)</li> 
 <li>Shingles:&nbsp;Architectural Shingles</li> 
 <li>Siding:&nbsp;LP Smart Panel Siding w/5/50 year warranty</li> 
 <li>Window Trim:&nbsp;4” Window Trim</li> 
 <li>Window Type:&nbsp;Dual Pane Low-E Windows</li> 
 <li>Exterior Lighting:&nbsp;Porch Lights at each Exterior Entry</li> 
 <li>Front Rear Eaves:&nbsp;Exterior 14"" Eaves Double wide, 6"" Single wide</li> 
 <li>Exterior Outlets:&nbsp;Exterior 2 GFI Standard</li> 
</ul>",Interior Specifications,"<ul> 
 <li>Ceiling Texture:&nbsp;Brocade Style Ceiling Drywall Finish</li> 
 <li>Door Carpet Type:&nbsp;Entry Lino</li> 
 <li>Safety Alarms:&nbsp;Smoke Alarms, Bdrms &amp; Living Areas</li> 
 <li>Window Type:&nbsp;Wood Window Interior Wrap / Egress Windows in all Bedrooms</li> 
 <li>Molding:&nbsp;Baseboard Molding in Lino Areas</li> 
 <li>Wall Finish:&nbsp;Tape and Texture Drywall Throughout / Square Sheetrock Corners</li> 
 <li>Interior Doors:&nbsp;2-Panel Interior Doors</li> 
 <li>Carpet Type Or Grade:&nbsp;5# Carpet Pad / New Wave 25oz Carpet</li> 
</ul>",Utilities Specifications,"<ul> 
 <li>Electrical Service:&nbsp;200 Amp Electrical Service</li> 
 <li>Electrical Wiring:&nbsp;All Copper Wiring</li> 
 <li>Furnace:&nbsp;Forced Air Elect Down Flow Furnace</li> 
 <li>Other:&nbsp;Receptacle at Fresh Water Inlet</li> 
 <li>Shut Off Valves Throughout:&nbsp;Whole House Shut-off Valve</li> 
 <li>Thermostat:&nbsp;EcoBee T-Stat</li> 
 <li>Washer Dryer Hook Up:&nbsp;Plumbed/Wire For Washer and Dryer</li> 
 <li>Water Heater:&nbsp;40 Gallon Electric Water Heater</li> 
 <li>Water Shut Off Valves:&nbsp;Shut-Off Valves at Toilets &amp; Sinks</li> 
</ul>",Kitchen & Baths Specifications,"<p>&nbsp;</p> 
<p><u><strong>Kitchen&nbsp;Specifications</strong></u></p> 
<ul> 
 <li>Kitchen Sink:&nbsp;Kitchen Sink 8” Stainless Steel</li> 
 <li>Kitchen Refrigerator:&nbsp;Frigidaire 18 cu ft Refrigerator</li> 
 <li>Kitchen Range Type:&nbsp;Frigidaire Free Standing Range</li> 
 <li>Kitchen Range Hood:&nbsp;30” Lighted Exhaust Fan over Range</li> 
 <li>Kitchen Lighting:&nbsp;Recessed Lights (Qty. Per Model)</li> 
 <li>Kitchen Flooring:&nbsp;No-Wax Vinyl Flooring</li> 
 <li>Kitchen Faucets:&nbsp;Single Lever Faucet with Sprayer</li> 
 <li>Kitchen Countertops:&nbsp;Laminated Counter Tops / Crescent Edge T/Out</li> 
 <li>Kitchen Additional Specs:&nbsp;Fire Extinguisher Under Sink</li> 
</ul> 
<p>&nbsp;</p> 
<p><strong><u>Baths Specifications</u></strong></p> 
<ul> 
 <li>Bathroom Sink:&nbsp;China Lavy Sinks</li> 
 <li>Bathroom Lighting:&nbsp;Recessed Lights (Per Model)</li> 
 <li>Bathroom Flooring:&nbsp;No-Wax Vinyl Flooring</li> 
 <li>Bathroom Countertops:&nbsp;Laminated Counter Tops / Crescent Edge T/Out</li> 
 <li>Bathroom Faucets:&nbsp;Adjustable Shower Heads</li> 
 <li>Bathroom Fans:&nbsp;Exhaust Fans w/Light in each Bath</li> 
 <li>Bathroom Toilet Type:&nbsp;Elongated Toilets</li> 
 <li>Bathroom Bathtubs:&nbsp;60” Fiberglass Tub/Shower in each Bath</li> 
</ul>",,,,,,,Golden West
product_GWdrm-363A,Product,Dream Silver / 363A,"<p><strong>BEDS:</strong>&nbsp;3&nbsp; &nbsp; &nbsp;<strong>BATHS:</strong>&nbsp;2&nbsp; &nbsp; &nbsp;<strong>SQ FT:</strong>&nbsp;1,836&nbsp; &nbsp; &nbsp;</p><p><strong>W X L:</strong>&nbsp;27′ &nbsp;x 68′&nbsp;</p><p>The Dream Silver / DRM 683F built by Golden West Albany is a beautifully crafted manufactured home offering 3 bedrooms, 2 bathrooms, and 1836 square feet of living space designed for comfort and ease. From its warm layout to its thoughtfully arranged features, this home is perfect for families ready to settle into something special. The DRM 683F delivers everyday functionality with a homestyle charm you’ll feel the moment you walk in.</p>",866235_69eafe1a8326447b8e91d7dd6b2d369a~mv2.webp;866235_9ce0f58f0a614007b6cfb3b51f93e4be~mv2.webp,"Golden West;Dream Silver;500 - 1,000;Double-Section",DRM363A,864 SQ FT,0,,TRUE,PERCENT,0,InStock,,,,,,,,,,,,,,,,,,,,,3D Tour and Downloads,"<p><u><a href=""https://raw.githubusercontent.com/CadelMVH/Wix-Gallery-Downloads/main/DRM/363A.pdf"" target=""_blank&quot;"">Click Here to Download PDF</a></u></p>",Construction Specifications,"<ul> 
 <li>Additional Specs:&nbsp;In-Floor Waste Plumbing / Kiln Dried Framing Lumber / GFI Receptacle at all Wet Areas</li> 
 <li>Exterior Wall On Center:&nbsp;16” O.C.</li> 
 <li>Exterior Wall Studs:&nbsp;2'x6' Exterior Walls</li> 
 <li>Floor Decking:&nbsp;19/32” OSB T&amp;G Floor Decking</li> 
 <li>Floor Joists:&nbsp;2x6 Floor Joists -16” O.C.</li> 
 <li>Roof Load:&nbsp;30# Roof Load</li> 
 <li>Side Wall Height:&nbsp;96” Sidewall (Flat Ceiling)</li> 
 <li>Insulation (Floors):&nbsp;R-33</li> 
 <li>Insulation (Walls):&nbsp;R-21</li> 
 <li>Insulation (Ceiling):&nbsp;R-40</li> 
</ul>",Exterior Specifications,"<ul> 
 <li>Additional Specs:&nbsp;2x8 Rough Sawn / Continuous Eave Soffit Venting / Ridge Style Roof Venting / Deadbolts on Front and Rear Doors</li> 
 <li>Front Door:&nbsp;36” Front Doors</li> 
 <li>Rear Door:&nbsp;36” Rear Doors</li> 
 <li>Roof Pitch:&nbsp;3:12 (4:12 pitch single sections)</li> 
 <li>Shingles:&nbsp;Architectural Shingles</li> 
 <li>Siding:&nbsp;LP Smart Panel Siding w/5/50 year warranty</li> 
 <li>Window Trim:&nbsp;4” Window Trim</li> 
 <li>Window Type:&nbsp;Dual Pane Low-E Windows</li> 
 <li>Exterior Lighting:&nbsp;Porch Lights at each Exterior Entry</li> 
 <li>Front Rear Eaves:&nbsp;Exterior 14"" Eaves Double wide, 6"" Single wide</li> 
 <li>Exterior Outlets:&nbsp;Exterior 2 GFI Standard</li> 
</ul>",Interior Specifications,"<ul> 
 <li>Ceiling Texture:&nbsp;Brocade Style Ceiling Drywall Finish</li> 
 <li>Door Carpet Type:&nbsp;Entry Lino</li> 
 <li>Safety Alarms:&nbsp;Smoke Alarms, Bdrms &amp; Living Areas</li> 
 <li>Window Type:&nbsp;Wood Window Interior Wrap / Egress Windows in all Bedrooms</li> 
 <li>Molding:&nbsp;Baseboard Molding in Lino Areas</li> 
 <li>Wall Finish:&nbsp;Tape and Texture Drywall Throughout / Square Sheetrock Corners</li> 
 <li>Interior Doors:&nbsp;2-Panel Interior Doors</li> 
 <li>Carpet Type Or Grade:&nbsp;5# Carpet Pad / New Wave 25oz Carpet</li> 
</ul>",Utilities Specifications,"<ul> 
 <li>Electrical Service:&nbsp;200 Amp Electrical Service</li> 
 <li>Electrical Wiring:&nbsp;All Copper Wiring</li> 
 <li>Furnace:&nbsp;Forced Air Elect Down Flow Furnace</li> 
 <li>Other:&nbsp;Receptacle at Fresh Water Inlet</li> 
 <li>Shut Off Valves Throughout:&nbsp;Whole House Shut-off Valve</li> 
 <li>Thermostat:&nbsp;EcoBee T-Stat</li> 
 <li>Washer Dryer Hook Up:&nbsp;Plumbed/Wire For Washer and Dryer</li> 
 <li>Water Heater:&nbsp;40 Gallon Electric Water Heater</li> 
 <li>Water Shut Off Valves:&nbsp;Shut-Off Valves at Toilets &amp; Sinks</li> 
</ul>",Kitchen & Baths Specifications,"<p>&nbsp;</p> 
<p><u><strong>Kitchen&nbsp;Specifications</strong></u></p> 
<ul> 
 <li>Kitchen Sink:&nbsp;Kitchen Sink 8” Stainless Steel</li> 
 <li>Kitchen Refrigerator:&nbsp;Frigidaire 18 cu ft Refrigerator</li> 
 <li>Kitchen Range Type:&nbsp;Frigidaire Free Standing Range</li> 
 <li>Kitchen Range Hood:&nbsp;30” Lighted Exhaust Fan over Range</li> 
 <li>Kitchen Lighting:&nbsp;Recessed Lights (Qty. Per Model)</li> 
 <li>Kitchen Flooring:&nbsp;No-Wax Vinyl Flooring</li> 
 <li>Kitchen Faucets:&nbsp;Single Lever Faucet with Sprayer</li> 
 <li>Kitchen Countertops:&nbsp;Laminated Counter Tops / Crescent Edge T/Out</li> 
 <li>Kitchen Additional Specs:&nbsp;Fire Extinguisher Under Sink</li> 
</ul> 
<p>&nbsp;</p> 
<p><strong><u>Baths Specifications</u></strong></p> 
<ul> 
 <li>Bathroom Sink:&nbsp;China Lavy Sinks</li> 
 <li>Bathroom Lighting:&nbsp;Recessed Lights (Per Model)</li> 
 <li>Bathroom Flooring:&nbsp;No-Wax Vinyl Flooring</li> 
 <li>Bathroom Countertops:&nbsp;Laminated Counter Tops / Crescent Edge T/Out</li> 
 <li>Bathroom Faucets:&nbsp;Adjustable Shower Heads</li> 
 <li>Bathroom Fans:&nbsp;Exhaust Fans w/Light in each Bath</li> 
 <li>Bathroom Toilet Type:&nbsp;Elongated Toilets</li> 
 <li>Bathroom Bathtubs:&nbsp;60” Fiberglass Tub/Shower in each Bath</li> 
</ul>",,,,,,,Golden West
product_GWdrm-385A,Product,Dream Silver / 385A,"<p><strong>BEDS:</strong>&nbsp;3&nbsp; &nbsp; &nbsp;<strong>BATHS:</strong>&nbsp;2&nbsp; &nbsp; &nbsp;<strong>SQ FT:</strong>&nbsp;900&nbsp; &nbsp; &nbsp;</p><p><strong>W X L:</strong>&nbsp;24′&nbsp;x 38′&nbsp;</p><p>The Dream Silver / DRM 385A built by Golden West Homes provides 900 square feet of intelligently designed living space, featuring 3 bedrooms and 2 bathrooms. This manufactured home balances comfort and efficiency, with an open layout ideal for gatherings and private bedrooms that create a serene retreat. The DRM 385A is an excellent choice for families or individuals seeking a compact, modern home that combines functionality with a cozy ambiance, making it perfect for both everyday living and relaxing downtime.</p>",866235_dfc262e6bbb543619c63f9b647ba1a75~mv2.webp;866235_f8b0d01fbe8645bb8eaefcfbbef53e4b~mv2.webp,"Golden West;Dream Silver;500 - 1,000;Double-Section",DRM385A,900 SQ FT,0,,TRUE,PERCENT,0,InStock,,,,,,,,,,,,,,,,,,,,,3D Tour and Downloads,"<p>&nbsp;</p> 
<p><a href=""https://momento360.com/e/uc/2128a17170fe41f8b3daa22400de4938"" target=""_blank&quot;""><u>Click Here for Virtual Tour</u></a></p>
<p><u><a href=""https://raw.githubusercontent.com/CadelMVH/Wix-Gallery-Downloads/main/DRM/385A.pdf"" target=""_blank&quot;"">Click Here to Download PDF</a></u></p>",Construction Specifications,"<ul> 
 <li>Additional Specs:&nbsp;In-Floor Waste Plumbing / Kiln Dried Framing Lumber / GFI Receptacle at all Wet Areas</li> 
 <li>Exterior Wall On Center:&nbsp;16” O.C.</li> 
 <li>Exterior Wall Studs:&nbsp;2'x6' Exterior Walls</li> 
 <li>Floor Decking:&nbsp;19/32” OSB T&amp;G Floor Decking</li> 
 <li>Floor Joists:&nbsp;2x6 Floor Joists -16” O.C.</li> 
 <li>Roof Load:&nbsp;30# Roof Load</li> 
 <li>Side Wall Height:&nbsp;96” Sidewall (Flat Ceiling)</li> 
 <li>Insulation (Floors):&nbsp;R-33</li> 
 <li>Insulation (Walls):&nbsp;R-21</li> 
 <li>Insulation (Ceiling):&nbsp;R-40</li> 
</ul>",Exterior Specifications,"<ul> 
 <li>Additional Specs:&nbsp;2x8 Rough Sawn / Continuous Eave Soffit Venting / Ridge Style Roof Venting / Deadbolts on Front and Rear Doors</li> 
 <li>Front Door:&nbsp;36” Front Doors</li> 
 <li>Rear Door:&nbsp;36” Rear Doors</li> 
 <li>Roof Pitch:&nbsp;3:12 (4:12 pitch single sections)</li> 
 <li>Shingles:&nbsp;Architectural Shingles</li> 
 <li>Siding:&nbsp;LP Smart Panel Siding w/5/50 year warranty</li> 
 <li>Window Trim:&nbsp;4” Window Trim</li> 
 <li>Window Type:&nbsp;Dual Pane Low-E Windows</li> 
 <li>Exterior Lighting:&nbsp;Porch Lights at each Exterior Entry</li> 
 <li>Front Rear Eaves:&nbsp;Exterior 14"" Eaves Double wide, 6"" Single wide</li> 
 <li>Exterior Outlets:&nbsp;Exterior 2 GFI Standard</li> 
</ul>",Interior Specifications,"<ul> 
 <li>Ceiling Texture:&nbsp;Brocade Style Ceiling Drywall Finish</li> 
 <li>Door Carpet Type:&nbsp;Entry Lino</li> 
 <li>Safety Alarms:&nbsp;Smoke Alarms, Bdrms &amp; Living Areas</li> 
 <li>Window Type:&nbsp;Wood Window Interior Wrap / Egress Windows in all Bedrooms</li> 
 <li>Molding:&nbsp;Baseboard Molding in Lino Areas</li> 
 <li>Wall Finish:&nbsp;Tape and Texture Drywall Throughout / Square Sheetrock Corners</li> 
 <li>Interior Doors:&nbsp;2-Panel Interior Doors</li> 
 <li>Carpet Type Or Grade:&nbsp;5# Carpet Pad / New Wave 25oz Carpet</li> 
</ul>",Utilities Specifications,"<ul> 
 <li>Electrical Service:&nbsp;200 Amp Electrical Service</li> 
 <li>Electrical Wiring:&nbsp;All Copper Wiring</li> 
 <li>Furnace:&nbsp;Forced Air Elect Down Flow Furnace</li> 
 <li>Other:&nbsp;Receptacle at Fresh Water Inlet</li> 
 <li>Shut Off Valves Throughout:&nbsp;Whole House Shut-off Valve</li> 
 <li>Thermostat:&nbsp;EcoBee T-Stat</li> 
 <li>Washer Dryer Hook Up:&nbsp;Plumbed/Wire For Washer and Dryer</li> 
 <li>Water Heater:&nbsp;40 Gallon Electric Water Heater</li> 
 <li>Water Shut Off Valves:&nbsp;Shut-Off Valves at Toilets &amp; Sinks</li> 
</ul>",Kitchen & Baths Specifications,"<p>&nbsp;</p> 
<p><u><strong>Kitchen&nbsp;Specifications</strong></u></p> 
<ul> 
 <li>Kitchen Sink:&nbsp;Kitchen Sink 8” Stainless Steel</li> 
 <li>Kitchen Refrigerator:&nbsp;Frigidaire 18 cu ft Refrigerator</li> 
 <li>Kitchen Range Type:&nbsp;Frigidaire Free Standing Range</li> 
 <li>Kitchen Range Hood:&nbsp;30” Lighted Exhaust Fan over Range</li> 
 <li>Kitchen Lighting:&nbsp;Recessed Lights (Qty. Per Model)</li> 
 <li>Kitchen Flooring:&nbsp;No-Wax Vinyl Flooring</li> 
 <li>Kitchen Faucets:&nbsp;Single Lever Faucet with Sprayer</li> 
 <li>Kitchen Countertops:&nbsp;Laminated Counter Tops / Crescent Edge T/Out</li> 
 <li>Kitchen Additional Specs:&nbsp;Fire Extinguisher Under Sink</li> 
</ul> 
<p>&nbsp;</p> 
<p><strong><u>Baths Specifications</u></strong></p> 
<ul> 
 <li>Bathroom Sink:&nbsp;China Lavy Sinks</li> 
 <li>Bathroom Lighting:&nbsp;Recessed Lights (Per Model)</li> 
 <li>Bathroom Flooring:&nbsp;No-Wax Vinyl Flooring</li> 
 <li>Bathroom Countertops:&nbsp;Laminated Counter Tops / Crescent Edge T/Out</li> 
 <li>Bathroom Faucets:&nbsp;Adjustable Shower Heads</li> 
 <li>Bathroom Fans:&nbsp;Exhaust Fans w/Light in each Bath</li> 
 <li>Bathroom Toilet Type:&nbsp;Elongated Toilets</li> 
 <li>Bathroom Bathtubs:&nbsp;60” Fiberglass Tub/Shower in each Bath</li> 
</ul>",,,,,,,Golden West
product_GWdrm-386A,Product,Dream Silver / 386A,"<p><strong>BEDS:</strong>&nbsp;2&nbsp; &nbsp; &nbsp;<strong>BATHS:</strong>&nbsp;2&nbsp; &nbsp; &nbsp;<strong>SQ FT:</strong>&nbsp;900&nbsp; &nbsp; &nbsp;</p><p><strong>W X L:</strong>&nbsp;24′ &nbsp;x 38′&nbsp;</p><p>The Dream Silver / DRM 386A built by Golden West Homes offers 900 square feet of efficiently arranged living space, featuring 2 bedrooms and 2 bathrooms. This manufactured home is crafted for those who value both comfort and practicality, with an open layout ideal for socializing and private bedrooms that provide a peaceful escape. The DRM 386A is an excellent choice for individuals or couples seeking a modern, compact home that combines functionality with a warm, inviting atmosphere, perfect for everyday living or retreats.</p>",866235_b7f76a018500498982e7f2a372c55cde~mv2.webp;866235_243b68aba82943b3a7d39b1e3383dc83~mv2.webp,"Golden West;Dream Silver;500 - 1,000;Double-Section",DRM386A,900 SQ FT,0,,TRUE,PERCENT,0,InStock,,,,,,,,,,,,,,,,,,,,,3D Tour and Downloads,"<p>&nbsp;</p> 
<p><a href=""https://momento360.com/e/uc/b08b4aaad98e4b1b8b72195780ff60ea"" target=""_blank&quot;""><u>Click Here for Virtual Tour</u></a></p>
<p><u><a href=""https://raw.githubusercontent.com/CadelMVH/Wix-Gallery-Downloads/main/DRM/386A.pdf"" target=""_blank&quot;"">Click Here to Download PDF</a></u></p>",Construction Specifications,"<ul> 
 <li>Additional Specs:&nbsp;In-Floor Waste Plumbing / Kiln Dried Framing Lumber / GFI Receptacle at all Wet Areas</li> 
 <li>Exterior Wall On Center:&nbsp;16” O.C.</li> 
 <li>Exterior Wall Studs:&nbsp;2'x6' Exterior Walls</li> 
 <li>Floor Decking:&nbsp;19/32” OSB T&amp;G Floor Decking</li> 
 <li>Floor Joists:&nbsp;2x6 Floor Joists -16” O.C.</li> 
 <li>Roof Load:&nbsp;30# Roof Load</li> 
 <li>Side Wall Height:&nbsp;96” Sidewall (Flat Ceiling)</li> 
 <li>Insulation (Floors):&nbsp;R-33</li> 
 <li>Insulation (Walls):&nbsp;R-21</li> 
 <li>Insulation (Ceiling):&nbsp;R-40</li> 
</ul>",Exterior Specifications,"<ul> 
 <li>Additional Specs:&nbsp;2x8 Rough Sawn / Continuous Eave Soffit Venting / Ridge Style Roof Venting / Deadbolts on Front and Rear Doors</li> 
 <li>Front Door:&nbsp;36” Front Doors</li> 
 <li>Rear Door:&nbsp;36” Rear Doors</li> 
 <li>Roof Pitch:&nbsp;3:12 (4:12 pitch single sections)</li> 
 <li>Shingles:&nbsp;Architectural Shingles</li> 
 <li>Siding:&nbsp;LP Smart Panel Siding w/5/50 year warranty</li> 
 <li>Window Trim:&nbsp;4” Window Trim</li> 
 <li>Window Type:&nbsp;Dual Pane Low-E Windows</li> 
 <li>Exterior Lighting:&nbsp;Porch Lights at each Exterior Entry</li> 
 <li>Front Rear Eaves:&nbsp;Exterior 14"" Eaves Double wide, 6"" Single wide</li> 
 <li>Exterior Outlets:&nbsp;Exterior 2 GFI Standard</li> 
</ul>",Interior Specifications,"<ul> 
 <li>Ceiling Texture:&nbsp;Brocade Style Ceiling Drywall Finish</li> 
 <li>Door Carpet Type:&nbsp;Entry Lino</li> 
 <li>Safety Alarms:&nbsp;Smoke Alarms, Bdrms &amp; Living Areas</li> 
 <li>Window Type:&nbsp;Wood Window Interior Wrap / Egress Windows in all Bedrooms</li> 
 <li>Molding:&nbsp;Baseboard Molding in Lino Areas</li> 
 <li>Wall Finish:&nbsp;Tape and Texture Drywall Throughout / Square Sheetrock Corners</li> 
 <li>Interior Doors:&nbsp;2-Panel Interior Doors</li> 
 <li>Carpet Type Or Grade:&nbsp;5# Carpet Pad / New Wave 25oz Carpet</li> 
</ul>",Utilities Specifications,"<ul> 
 <li>Electrical Service:&nbsp;200 Amp Electrical Service</li> 
 <li>Electrical Wiring:&nbsp;All Copper Wiring</li> 
 <li>Furnace:&nbsp;Forced Air Elect Down Flow Furnace</li> 
 <li>Other:&nbsp;Receptacle at Fresh Water Inlet</li> 
 <li>Shut Off Valves Throughout:&nbsp;Whole House Shut-off Valve</li> 
 <li>Thermostat:&nbsp;EcoBee T-Stat</li> 
 <li>Washer Dryer Hook Up:&nbsp;Plumbed/Wire For Washer and Dryer</li> 
 <li>Water Heater:&nbsp;40 Gallon Electric Water Heater</li> 
 <li>Water Shut Off Valves:&nbsp;Shut-Off Valves at Toilets &amp; Sinks</li> 
</ul>",Kitchen & Baths Specifications,"<p>&nbsp;</p> 
<p><u><strong>Kitchen&nbsp;Specifications</strong></u></p> 
<ul> 
 <li>Kitchen Sink:&nbsp;Kitchen Sink 8” Stainless Steel</li> 
 <li>Kitchen Refrigerator:&nbsp;Frigidaire 18 cu ft Refrigerator</li> 
 <li>Kitchen Range Type:&nbsp;Frigidaire Free Standing Range</li> 
 <li>Kitchen Range Hood:&nbsp;30” Lighted Exhaust Fan over Range</li> 
 <li>Kitchen Lighting:&nbsp;Recessed Lights (Qty. Per Model)</li> 
 <li>Kitchen Flooring:&nbsp;No-Wax Vinyl Flooring</li> 
 <li>Kitchen Faucets:&nbsp;Single Lever Faucet with Sprayer</li> 
 <li>Kitchen Countertops:&nbsp;Laminated Counter Tops / Crescent Edge T/Out</li> 
 <li>Kitchen Additional Specs:&nbsp;Fire Extinguisher Under Sink</li> 
</ul> 
<p>&nbsp;</p> 
<p><strong><u>Baths Specifications</u></strong></p> 
<ul> 
 <li>Bathroom Sink:&nbsp;China Lavy Sinks</li> 
 <li>Bathroom Lighting:&nbsp;Recessed Lights (Per Model)</li> 
 <li>Bathroom Flooring:&nbsp;No-Wax Vinyl Flooring</li> 
 <li>Bathroom Countertops:&nbsp;Laminated Counter Tops / Crescent Edge T/Out</li> 
 <li>Bathroom Faucets:&nbsp;Adjustable Shower Heads</li> 
 <li>Bathroom Fans:&nbsp;Exhaust Fans w/Light in each Bath</li> 
 <li>Bathroom Toilet Type:&nbsp;Elongated Toilets</li> 
 <li>Bathroom Bathtubs:&nbsp;60” Fiberglass Tub/Shower in each Bath</li> 
</ul>",,,,,,,Golden West
product_GWdrm-502A,Product,Dream Silver / 502A,"<p><strong>BEDS:</strong>&nbsp;2&nbsp; &nbsp; &nbsp;<strong>BATHS:</strong>&nbsp;2&nbsp;&nbsp; &nbsp;&nbsp;<strong>SQ FT:</strong>&nbsp;1,176&nbsp; &nbsp; &nbsp;</p><p><strong>W X L:</strong>&nbsp;24′&nbsp;x 50′</p><p>The Dream Silver / DRM 502A built by Golden West Homes offers 1,176 square feet of refined living space, featuring 2 bedrooms and 2 bathrooms. This manufactured home combines function with elegance, showcasing open living areas that invite connection and private bedrooms that provide a restful escape. The DRM 502A is a superb choice for those seeking a contemporary home that enhances daily living with an effortless blend of comfort and modern design, making it ideal for either cozy getaways or extended stays.</p>",866235_144f064e62e74133bbdd7816d9780446~mv2.webp;866235_d53c673821f54949a6cf7643a5c48891~mv2.webp,"Golden West;Dream Silver;1,000 - 1,500;Double-Section",DRM502A,"1,152 SQ FT",0,,TRUE,PERCENT,0,InStock,,,,,,,,,,,,,,,,,,,,,3D Tour and Downloads,"<p><u><a href=""https://raw.githubusercontent.com/CadelMVH/Wix-Gallery-Downloads/main/DRM/502A.pdf"" target=""_blank&quot;"">Click Here to Download PDF</a></u></p>",Construction Specifications,"<ul> 
 <li>Additional Specs:&nbsp;In-Floor Waste Plumbing / Kiln Dried Framing Lumber / GFI Receptacle at all Wet Areas</li> 
 <li>Exterior Wall On Center:&nbsp;16” O.C.</li> 
 <li>Exterior Wall Studs:&nbsp;2'x6' Exterior Walls</li> 
 <li>Floor Decking:&nbsp;19/32” OSB T&amp;G Floor Decking</li> 
 <li>Floor Joists:&nbsp;2x6 Floor Joists -16” O.C.</li> 
 <li>Roof Load:&nbsp;30# Roof Load</li> 
 <li>Side Wall Height:&nbsp;96” Sidewall (Flat Ceiling)</li> 
 <li>Insulation (Floors):&nbsp;R-33</li> 
 <li>Insulation (Walls):&nbsp;R-21</li> 
 <li>Insulation (Ceiling):&nbsp;R-40</li> 
</ul>",Exterior Specifications,"<ul> 
 <li>Additional Specs:&nbsp;2x8 Rough Sawn / Continuous Eave Soffit Venting / Ridge Style Roof Venting / Deadbolts on Front and Rear Doors</li> 
 <li>Front Door:&nbsp;36” Front Doors</li> 
 <li>Rear Door:&nbsp;36” Rear Doors</li> 
 <li>Roof Pitch:&nbsp;3:12 (4:12 pitch single sections)</li> 
 <li>Shingles:&nbsp;Architectural Shingles</li> 
 <li>Siding:&nbsp;LP Smart Panel Siding w/5/50 year warranty</li> 
 <li>Window Trim:&nbsp;4” Window Trim</li> 
 <li>Window Type:&nbsp;Dual Pane Low-E Windows</li> 
 <li>Exterior Lighting:&nbsp;Porch Lights at each Exterior Entry</li> 
 <li>Front Rear Eaves:&nbsp;Exterior 14"" Eaves Double wide, 6"" Single wide</li> 
 <li>Exterior Outlets:&nbsp;Exterior 2 GFI Standard</li> 
</ul>",Interior Specifications,"<ul> 
 <li>Ceiling Texture:&nbsp;Brocade Style Ceiling Drywall Finish</li> 
 <li>Door Carpet Type:&nbsp;Entry Lino</li> 
 <li>Safety Alarms:&nbsp;Smoke Alarms, Bdrms &amp; Living Areas</li> 
 <li>Window Type:&nbsp;Wood Window Interior Wrap / Egress Windows in all Bedrooms</li> 
 <li>Molding:&nbsp;Baseboard Molding in Lino Areas</li> 
 <li>Wall Finish:&nbsp;Tape and Texture Drywall Throughout / Square Sheetrock Corners</li> 
 <li>Interior Doors:&nbsp;2-Panel Interior Doors</li> 
 <li>Carpet Type Or Grade:&nbsp;5# Carpet Pad / New Wave 25oz Carpet</li> 
</ul>",Utilities Specifications,"<ul> 
 <li>Electrical Service:&nbsp;200 Amp Electrical Service</li> 
 <li>Electrical Wiring:&nbsp;All Copper Wiring</li> 
 <li>Furnace:&nbsp;Forced Air Elect Down Flow Furnace</li> 
 <li>Other:&nbsp;Receptacle at Fresh Water Inlet</li> 
 <li>Shut Off Valves Throughout:&nbsp;Whole House Shut-off Valve</li> 
 <li>Thermostat:&nbsp;EcoBee T-Stat</li> 
 <li>Washer Dryer Hook Up:&nbsp;Plumbed/Wire For Washer and Dryer</li> 
 <li>Water Heater:&nbsp;40 Gallon Electric Water Heater</li> 
 <li>Water Shut Off Valves:&nbsp;Shut-Off Valves at Toilets &amp; Sinks</li> 
</ul>",Kitchen & Baths Specifications,"<p>&nbsp;</p> 
<p><u><strong>Kitchen&nbsp;Specifications</strong></u></p> 
<ul> 
 <li>Kitchen Sink:&nbsp;Kitchen Sink 8” Stainless Steel</li> 
 <li>Kitchen Refrigerator:&nbsp;Frigidaire 18 cu ft Refrigerator</li> 
 <li>Kitchen Range Type:&nbsp;Frigidaire Free Standing Range</li> 
 <li>Kitchen Range Hood:&nbsp;30” Lighted Exhaust Fan over Range</li> 
 <li>Kitchen Lighting:&nbsp;Recessed Lights (Qty. Per Model)</li> 
 <li>Kitchen Flooring:&nbsp;No-Wax Vinyl Flooring</li> 
 <li>Kitchen Faucets:&nbsp;Single Lever Faucet with Sprayer</li> 
 <li>Kitchen Countertops:&nbsp;Laminated Counter Tops / Crescent Edge T/Out</li> 
 <li>Kitchen Additional Specs:&nbsp;Fire Extinguisher Under Sink</li> 
</ul> 
<p>&nbsp;</p> 
<p><strong><u>Baths Specifications</u></strong></p> 
<ul> 
 <li>Bathroom Sink:&nbsp;China Lavy Sinks</li> 
 <li>Bathroom Lighting:&nbsp;Recessed Lights (Per Model)</li> 
 <li>Bathroom Flooring:&nbsp;No-Wax Vinyl Flooring</li> 
 <li>Bathroom Countertops:&nbsp;Laminated Counter Tops / Crescent Edge T/Out</li> 
 <li>Bathroom Faucets:&nbsp;Adjustable Shower Heads</li> 
 <li>Bathroom Fans:&nbsp;Exhaust Fans w/Light in each Bath</li> 
 <li>Bathroom Toilet Type:&nbsp;Elongated Toilets</li> 
 <li>Bathroom Bathtubs:&nbsp;60” Fiberglass Tub/Shower in each Bath</li> 
</ul>",,,,,,,Golden West
product_GWdrm-443F,Product,Dream Silver / 443F,"<p><strong>BEDS:</strong>&nbsp;3&nbsp; &nbsp; &nbsp;<strong>BATHS:</strong>&nbsp;2&nbsp; &nbsp; &nbsp;<strong>SQ FT:</strong>&nbsp;1,188&nbsp; &nbsp; &nbsp;</p><p><strong>W X L:</strong>&nbsp;27′&nbsp;x 44′</p><p>The Dream Silver / DRM 443F built by Golden West Homes offers 1,188 square feet of thoughtfully crafted living space, featuring 3 bedrooms and 2 bathrooms. This manufactured home is designed for both functionality and comfort, with open areas that promote togetherness and private bedrooms that offer a cozy retreat. The DRM 443F is an ideal choice for families or individuals seeking a home that balances modern style with everyday convenience, making it perfect for those who value both practicality and comfort.</p>",866235_1329ef1ffdc743a3814cd4bcc5de1b53~mv2.webp;866235_4cb38bd03c2140be9268b4a835efe88c~mv2.webp,"Golden West;Dream Silver;1,000 - 1,500;Double-Section",DRM443F,"1,188 SQ FT",0,,TRUE,PERCENT,0,InStock,,,,,,,,,,,,,,,,,,,,,3D Tour and Downloads,"<p>&nbsp;</p> 
<p><a href=""https://momento360.com/e/uc/dcf2cb5b5927410db6ecea9d8b2daa2a"" target=""_blank&quot;""><u>Click Here for Virtual Tour</u></a></p>
<p><u><a href=""https://raw.githubusercontent.com/CadelMVH/Wix-Gallery-Downloads/main/DRM/443F.pdf"" target=""_blank&quot;"">Click Here to Download PDF</a></u></p>",Construction Specifications,"<ul> 
 <li>Additional Specs:&nbsp;In-Floor Waste Plumbing / Kiln Dried Framing Lumber / GFI Receptacle at all Wet Areas</li> 
 <li>Exterior Wall On Center:&nbsp;16” O.C.</li> 
 <li>Exterior Wall Studs:&nbsp;2'x6' Exterior Walls</li> 
 <li>Floor Decking:&nbsp;19/32” OSB T&amp;G Floor Decking</li> 
 <li>Floor Joists:&nbsp;2x6 Floor Joists -16” O.C.</li> 
 <li>Roof Load:&nbsp;30# Roof Load</li> 
 <li>Side Wall Height:&nbsp;96” Sidewall (Flat Ceiling)</li> 
 <li>Insulation (Floors):&nbsp;R-33</li> 
 <li>Insulation (Walls):&nbsp;R-21</li> 
 <li>Insulation (Ceiling):&nbsp;R-40</li> 
</ul>",Exterior Specifications,"<ul> 
 <li>Additional Specs:&nbsp;2x8 Rough Sawn / Continuous Eave Soffit Venting / Ridge Style Roof Venting / Deadbolts on Front and Rear Doors</li> 
 <li>Front Door:&nbsp;36” Front Doors</li> 
 <li>Rear Door:&nbsp;36” Rear Doors</li> 
 <li>Roof Pitch:&nbsp;3:12 (4:12 pitch single sections)</li> 
 <li>Shingles:&nbsp;Architectural Shingles</li> 
 <li>Siding:&nbsp;LP Smart Panel Siding w/5/50 year warranty</li> 
 <li>Window Trim:&nbsp;4” Window Trim</li> 
 <li>Window Type:&nbsp;Dual Pane Low-E Windows</li> 
 <li>Exterior Lighting:&nbsp;Porch Lights at each Exterior Entry</li> 
 <li>Front Rear Eaves:&nbsp;Exterior 14"" Eaves Double wide, 6"" Single wide</li> 
 <li>Exterior Outlets:&nbsp;Exterior 2 GFI Standard</li> 
</ul>",Interior Specifications,"<ul> 
 <li>Ceiling Texture:&nbsp;Brocade Style Ceiling Drywall Finish</li> 
 <li>Door Carpet Type:&nbsp;Entry Lino</li> 
 <li>Safety Alarms:&nbsp;Smoke Alarms, Bdrms &amp; Living Areas</li> 
 <li>Window Type:&nbsp;Wood Window Interior Wrap / Egress Windows in all Bedrooms</li> 
 <li>Molding:&nbsp;Baseboard Molding in Lino Areas</li> 
 <li>Wall Finish:&nbsp;Tape and Texture Drywall Throughout / Square Sheetrock Corners</li> 
 <li>Interior Doors:&nbsp;2-Panel Interior Doors</li> 
 <li>Carpet Type Or Grade:&nbsp;5# Carpet Pad / New Wave 25oz Carpet</li> 
</ul>",Utilities Specifications,"<ul> 
 <li>Electrical Service:&nbsp;200 Amp Electrical Service</li> 
 <li>Electrical Wiring:&nbsp;All Copper Wiring</li> 
 <li>Furnace:&nbsp;Forced Air Elect Down Flow Furnace</li> 
 <li>Other:&nbsp;Receptacle at Fresh Water Inlet</li> 
 <li>Shut Off Valves Throughout:&nbsp;Whole House Shut-off Valve</li> 
 <li>Thermostat:&nbsp;EcoBee T-Stat</li> 
 <li>Washer Dryer Hook Up:&nbsp;Plumbed/Wire For Washer and Dryer</li> 
 <li>Water Heater:&nbsp;40 Gallon Electric Water Heater</li> 
 <li>Water Shut Off Valves:&nbsp;Shut-Off Valves at Toilets &amp; Sinks</li> 
</ul>",Kitchen & Baths Specifications,"<p>&nbsp;</p> 
<p><u><strong>Kitchen&nbsp;Specifications</strong></u></p> 
<ul> 
 <li>Kitchen Sink:&nbsp;Kitchen Sink 8” Stainless Steel</li> 
 <li>Kitchen Refrigerator:&nbsp;Frigidaire 18 cu ft Refrigerator</li> 
 <li>Kitchen Range Type:&nbsp;Frigidaire Free Standing Range</li> 
 <li>Kitchen Range Hood:&nbsp;30” Lighted Exhaust Fan over Range</li> 
 <li>Kitchen Lighting:&nbsp;Recessed Lights (Qty. Per Model)</li> 
 <li>Kitchen Flooring:&nbsp;No-Wax Vinyl Flooring</li> 
 <li>Kitchen Faucets:&nbsp;Single Lever Faucet with Sprayer</li> 
 <li>Kitchen Countertops:&nbsp;Laminated Counter Tops / Crescent Edge T/Out</li> 
 <li>Kitchen Additional Specs:&nbsp;Fire Extinguisher Under Sink</li> 
</ul> 
<p>&nbsp;</p> 
<p><strong><u>Baths Specifications</u></strong></p> 
<ul> 
 <li>Bathroom Sink:&nbsp;China Lavy Sinks</li> 
 <li>Bathroom Lighting:&nbsp;Recessed Lights (Per Model)</li> 
 <li>Bathroom Flooring:&nbsp;No-Wax Vinyl Flooring</li> 
 <li>Bathroom Countertops:&nbsp;Laminated Counter Tops / Crescent Edge T/Out</li> 
 <li>Bathroom Faucets:&nbsp;Adjustable Shower Heads</li> 
 <li>Bathroom Fans:&nbsp;Exhaust Fans w/Light in each Bath</li> 
 <li>Bathroom Toilet Type:&nbsp;Elongated Toilets</li> 
 <li>Bathroom Bathtubs:&nbsp;60” Fiberglass Tub/Shower in each Bath</li> 
</ul>",,,,,,,Golden West
product_GWdrm-444F,Product,Dream Silver / 444F,"<p><strong>BEDS:</strong>&nbsp;2&nbsp; &nbsp; &nbsp;<strong>BATHS:</strong>&nbsp;2&nbsp; &nbsp; &nbsp;<strong>SQ FT:</strong>&nbsp;1,188&nbsp; &nbsp; &nbsp;</p><p><strong>W X L:</strong>&nbsp;27′ &nbsp;x 44′&nbsp;</p><p>The Dream Silver / DRM 444F built by Golden West Homes offers 1,188 square feet of well-designed living space, featuring 2 bedrooms and 2 bathrooms. This manufactured home combines efficiency with comfort, providing open living areas that enhance everyday ease and private bedrooms that create a peaceful retreat. The DRM 444F is an excellent choice for those seeking a home that balances style and functionality, making it ideal for couples or individuals looking for modern convenience with a cozy feel.</p>",866235_597e4439424e4553abfcc3d934e1e9e4~mv2.webp;866235_9c107852d38041fc9031382821c35a01~mv2.webp,"Golden West;Dream Silver;1,000 - 1,500;Double-Section",DRM444F,"1,188 SQ FT",0,,TRUE,PERCENT,0,InStock,,,,,,,,,,,,,,,,,,,,,3D Tour and Downloads,"<p>&nbsp;</p> 
<p><a href=""https://momento360.com/e/uc/f865f382a1a44c43b7c6dd002a2ed81d"" target=""_blank&quot;""><u>Click Here for Virtual Tour</u></a></p>
<p><u><a href=""https://raw.githubusercontent.com/CadelMVH/Wix-Gallery-Downloads/main/DRM/444F.pdf"" target=""_blank&quot;"">Click Here to Download PDF</a></u></p>",Construction Specifications,"<ul> 
 <li>Additional Specs:&nbsp;In-Floor Waste Plumbing / Kiln Dried Framing Lumber / GFI Receptacle at all Wet Areas</li> 
 <li>Exterior Wall On Center:&nbsp;16” O.C.</li> 
 <li>Exterior Wall Studs:&nbsp;2'x6' Exterior Walls</li> 
 <li>Floor Decking:&nbsp;19/32” OSB T&amp;G Floor Decking</li> 
 <li>Floor Joists:&nbsp;2x6 Floor Joists -16” O.C.</li> 
 <li>Roof Load:&nbsp;30# Roof Load</li> 
 <li>Side Wall Height:&nbsp;96” Sidewall (Flat Ceiling)</li> 
 <li>Insulation (Floors):&nbsp;R-33</li> 
 <li>Insulation (Walls):&nbsp;R-21</li> 
 <li>Insulation (Ceiling):&nbsp;R-40</li> 
</ul>",Exterior Specifications,"<ul> 
 <li>Additional Specs:&nbsp;2x8 Rough Sawn / Continuous Eave Soffit Venting / Ridge Style Roof Venting / Deadbolts on Front and Rear Doors</li> 
 <li>Front Door:&nbsp;36” Front Doors</li> 
 <li>Rear Door:&nbsp;36” Rear Doors</li> 
 <li>Roof Pitch:&nbsp;3:12 (4:12 pitch single sections)</li> 
 <li>Shingles:&nbsp;Architectural Shingles</li> 
 <li>Siding:&nbsp;LP Smart Panel Siding w/5/50 year warranty</li> 
 <li>Window Trim:&nbsp;4” Window Trim</li> 
 <li>Window Type:&nbsp;Dual Pane Low-E Windows</li> 
 <li>Exterior Lighting:&nbsp;Porch Lights at each Exterior Entry</li> 
 <li>Front Rear Eaves:&nbsp;Exterior 14"" Eaves Double wide, 6"" Single wide</li> 
 <li>Exterior Outlets:&nbsp;Exterior 2 GFI Standard</li> 
</ul>",Interior Specifications,"<ul> 
 <li>Ceiling Texture:&nbsp;Brocade Style Ceiling Drywall Finish</li> 
 <li>Door Carpet Type:&nbsp;Entry Lino</li> 
 <li>Safety Alarms:&nbsp;Smoke Alarms, Bdrms &amp; Living Areas</li> 
 <li>Window Type:&nbsp;Wood Window Interior Wrap / Egress Windows in all Bedrooms</li> 
 <li>Molding:&nbsp;Baseboard Molding in Lino Areas</li> 
 <li>Wall Finish:&nbsp;Tape and Texture Drywall Throughout / Square Sheetrock Corners</li> 
 <li>Interior Doors:&nbsp;2-Panel Interior Doors</li> 
 <li>Carpet Type Or Grade:&nbsp;5# Carpet Pad / New Wave 25oz Carpet</li> 
</ul>",Utilities Specifications,"<ul> 
 <li>Electrical Service:&nbsp;200 Amp Electrical Service</li> 
 <li>Electrical Wiring:&nbsp;All Copper Wiring</li> 
 <li>Furnace:&nbsp;Forced Air Elect Down Flow Furnace</li> 
 <li>Other:&nbsp;Receptacle at Fresh Water Inlet</li> 
 <li>Shut Off Valves Throughout:&nbsp;Whole House Shut-off Valve</li> 
 <li>Thermostat:&nbsp;EcoBee T-Stat</li> 
 <li>Washer Dryer Hook Up:&nbsp;Plumbed/Wire For Washer and Dryer</li> 
 <li>Water Heater:&nbsp;40 Gallon Electric Water Heater</li> 
 <li>Water Shut Off Valves:&nbsp;Shut-Off Valves at Toilets &amp; Sinks</li> 
</ul>",Kitchen & Baths Specifications,"<p>&nbsp;</p> 
<p><u><strong>Kitchen&nbsp;Specifications</strong></u></p> 
<ul> 
 <li>Kitchen Sink:&nbsp;Kitchen Sink 8” Stainless Steel</li> 
 <li>Kitchen Refrigerator:&nbsp;Frigidaire 18 cu ft Refrigerator</li> 
 <li>Kitchen Range Type:&nbsp;Frigidaire Free Standing Range</li> 
 <li>Kitchen Range Hood:&nbsp;30” Lighted Exhaust Fan over Range</li> 
 <li>Kitchen Lighting:&nbsp;Recessed Lights (Qty. Per Model)</li> 
 <li>Kitchen Flooring:&nbsp;No-Wax Vinyl Flooring</li> 
 <li>Kitchen Faucets:&nbsp;Single Lever Faucet with Sprayer</li> 
 <li>Kitchen Countertops:&nbsp;Laminated Counter Tops / Crescent Edge T/Out</li> 
 <li>Kitchen Additional Specs:&nbsp;Fire Extinguisher Under Sink</li> 
</ul> 
<p>&nbsp;</p> 
<p><strong><u>Baths Specifications</u></strong></p> 
<ul> 
 <li>Bathroom Sink:&nbsp;China Lavy Sinks</li> 
 <li>Bathroom Lighting:&nbsp;Recessed Lights (Per Model)</li> 
 <li>Bathroom Flooring:&nbsp;No-Wax Vinyl Flooring</li> 
 <li>Bathroom Countertops:&nbsp;Laminated Counter Tops / Crescent Edge T/Out</li> 
 <li>Bathroom Faucets:&nbsp;Adjustable Shower Heads</li> 
 <li>Bathroom Fans:&nbsp;Exhaust Fans w/Light in each Bath</li> 
 <li>Bathroom Toilet Type:&nbsp;Elongated Toilets</li> 
 <li>Bathroom Bathtubs:&nbsp;60” Fiberglass Tub/Shower in each Bath</li> 
</ul>",,,,,,,Golden West
product_GWdrm-481F,Product,Dream Silver / 481F,"<p><strong>BEDS:</strong>&nbsp;3&nbsp; &nbsp; &nbsp;<strong>BATHS:</strong>&nbsp;2&nbsp;&nbsp; &nbsp;&nbsp;<strong>SQ FT:</strong>&nbsp;1,296&nbsp; &nbsp; &nbsp;</p><p><strong>W X L:</strong>&nbsp;27′ &nbsp;x 48′</p><p>The Dream Silver / DRM 481F built by Golden West Homes provides 1,296 square feet of thoughtfully arranged living space, featuring 3 bedrooms and 2 bathrooms. This manufactured home is designed to enhance both comfort and functionality, with open areas perfect for gatherings and private bedrooms that offer a restful retreat. The DRM 481F is an excellent choice for families or individuals seeking a home that blends modern design with practical features, creating a welcoming environment for daily living.</p>",866235_f385a22079664842a10eef63ef9ccb26~mv2.webp;866235_d6e97c4202874a63a3b0847f730de216~mv2.webp,"Golden West;Dream Silver;1,000 - 1,500;Double-Section",DRM481F,"1,296 SQ FT",0,,TRUE,PERCENT,0,InStock,,,,,,,,,,,,,,,,,,,,,3D Tour and Downloads,"<p>&nbsp;</p> 
<p><a href=""https://momento360.com/e/uc/91287de309b44319b0bac9b8bcad160b"" target=""_blank&quot;""><u>Click Here for Virtual Tour</u></a></p>
<p><u><a href=""https://raw.githubusercontent.com/CadelMVH/Wix-Gallery-Downloads/main/DRM/481F.pdf"" target=""_blank&quot;"">Click Here to Download PDF</a></u></p>",Construction Specifications,"<ul> 
 <li>Additional Specs:&nbsp;In-Floor Waste Plumbing / Kiln Dried Framing Lumber / GFI Receptacle at all Wet Areas</li> 
 <li>Exterior Wall On Center:&nbsp;16” O.C.</li> 
 <li>Exterior Wall Studs:&nbsp;2'x6' Exterior Walls</li> 
 <li>Floor Decking:&nbsp;19/32” OSB T&amp;G Floor Decking</li> 
 <li>Floor Joists:&nbsp;2x6 Floor Joists -16” O.C.</li> 
 <li>Roof Load:&nbsp;30# Roof Load</li> 
 <li>Side Wall Height:&nbsp;96” Sidewall (Flat Ceiling)</li> 
 <li>Insulation (Floors):&nbsp;R-33</li> 
 <li>Insulation (Walls):&nbsp;R-21</li> 
 <li>Insulation (Ceiling):&nbsp;R-40</li> 
</ul>",Exterior Specifications,"<ul> 
 <li>Additional Specs:&nbsp;2x8 Rough Sawn / Continuous Eave Soffit Venting / Ridge Style Roof Venting / Deadbolts on Front and Rear Doors</li> 
 <li>Front Door:&nbsp;36” Front Doors</li> 
 <li>Rear Door:&nbsp;36” Rear Doors</li> 
 <li>Roof Pitch:&nbsp;3:12 (4:12 pitch single sections)</li> 
 <li>Shingles:&nbsp;Architectural Shingles</li> 
 <li>Siding:&nbsp;LP Smart Panel Siding w/5/50 year warranty</li> 
 <li>Window Trim:&nbsp;4” Window Trim</li> 
 <li>Window Type:&nbsp;Dual Pane Low-E Windows</li> 
 <li>Exterior Lighting:&nbsp;Porch Lights at each Exterior Entry</li> 
 <li>Front Rear Eaves:&nbsp;Exterior 14"" Eaves Double wide, 6"" Single wide</li> 
 <li>Exterior Outlets:&nbsp;Exterior 2 GFI Standard</li> 
</ul>",Interior Specifications,"<ul> 
 <li>Ceiling Texture:&nbsp;Brocade Style Ceiling Drywall Finish</li> 
 <li>Door Carpet Type:&nbsp;Entry Lino</li> 
 <li>Safety Alarms:&nbsp;Smoke Alarms, Bdrms &amp; Living Areas</li> 
 <li>Window Type:&nbsp;Wood Window Interior Wrap / Egress Windows in all Bedrooms</li> 
 <li>Molding:&nbsp;Baseboard Molding in Lino Areas</li> 
 <li>Wall Finish:&nbsp;Tape and Texture Drywall Throughout / Square Sheetrock Corners</li> 
 <li>Interior Doors:&nbsp;2-Panel Interior Doors</li> 
 <li>Carpet Type Or Grade:&nbsp;5# Carpet Pad / New Wave 25oz Carpet</li> 
</ul>",Utilities Specifications,"<ul> 
 <li>Electrical Service:&nbsp;200 Amp Electrical Service</li> 
 <li>Electrical Wiring:&nbsp;All Copper Wiring</li> 
 <li>Furnace:&nbsp;Forced Air Elect Down Flow Furnace</li> 
 <li>Other:&nbsp;Receptacle at Fresh Water Inlet</li> 
 <li>Shut Off Valves Throughout:&nbsp;Whole House Shut-off Valve</li> 
 <li>Thermostat:&nbsp;EcoBee T-Stat</li> 
 <li>Washer Dryer Hook Up:&nbsp;Plumbed/Wire For Washer and Dryer</li> 
 <li>Water Heater:&nbsp;40 Gallon Electric Water Heater</li> 
 <li>Water Shut Off Valves:&nbsp;Shut-Off Valves at Toilets &amp; Sinks</li> 
</ul>",Kitchen & Baths Specifications,"<p>&nbsp;</p> 
<p><u><strong>Kitchen&nbsp;Specifications</strong></u></p> 
<ul> 
 <li>Kitchen Sink:&nbsp;Kitchen Sink 8” Stainless Steel</li> 
 <li>Kitchen Refrigerator:&nbsp;Frigidaire 18 cu ft Refrigerator</li> 
 <li>Kitchen Range Type:&nbsp;Frigidaire Free Standing Range</li> 
 <li>Kitchen Range Hood:&nbsp;30” Lighted Exhaust Fan over Range</li> 
 <li>Kitchen Lighting:&nbsp;Recessed Lights (Qty. Per Model)</li> 
 <li>Kitchen Flooring:&nbsp;No-Wax Vinyl Flooring</li> 
 <li>Kitchen Faucets:&nbsp;Single Lever Faucet with Sprayer</li> 
 <li>Kitchen Countertops:&nbsp;Laminated Counter Tops / Crescent Edge T/Out</li> 
 <li>Kitchen Additional Specs:&nbsp;Fire Extinguisher Under Sink</li> 
</ul> 
<p>&nbsp;</p> 
<p><strong><u>Baths Specifications</u></strong></p> 
<ul> 
 <li>Bathroom Sink:&nbsp;China Lavy Sinks</li> 
 <li>Bathroom Lighting:&nbsp;Recessed Lights (Per Model)</li> 
 <li>Bathroom Flooring:&nbsp;No-Wax Vinyl Flooring</li> 
 <li>Bathroom Countertops:&nbsp;Laminated Counter Tops / Crescent Edge T/Out</li> 
 <li>Bathroom Faucets:&nbsp;Adjustable Shower Heads</li> 
 <li>Bathroom Fans:&nbsp;Exhaust Fans w/Light in each Bath</li> 
 <li>Bathroom Toilet Type:&nbsp;Elongated Toilets</li> 
 <li>Bathroom Bathtubs:&nbsp;60” Fiberglass Tub/Shower in each Bath</li> 
</ul>",,,,,,,Golden West
product_GWdrm-482F,Product,Dream Silver / DRM 482F,"<p><strong>BEDS:</strong>&nbsp;3&nbsp; &nbsp; &nbsp;<strong>BATHS:</strong>&nbsp;2&nbsp; &nbsp; &nbsp;<strong>SQ FT:</strong>&nbsp;1,296&nbsp; &nbsp; &nbsp;</p><p><strong>W X L:</strong>&nbsp;27′ &nbsp;x 48′&nbsp;</p><p>The Dream Silver / DRM 482F built by Golden West Homes provides 1,296 square feet of carefully designed living space, featuring 3 bedrooms and 2 bathrooms. This manufactured home balances comfort with efficiency, offering open living areas ideal for family gatherings and private bedrooms that create a restful retreat. The DRM 482F is an excellent choice for individuals or families looking for a modern, functional home that combines practicality with a warm, welcoming atmosphere, supporting everyday living.</p><p>&nbsp;</p><p><strong>3D Tour</strong></p><p><a href=""https://my.matterport.com/show/?play=1&amp;m=EosaVzfgrms"">https://my.matterport.com/show/?play=1&amp;m=EosaVzfgrms</a></p><p>&nbsp;</p><p><strong>Virtual Rendering</strong></p><p><a href=""https://momento360.com/e/uc/2e2d721215c24680b460d2971ffe136b?utm_campaign=embed&amp;utm_source=other&amp;reset-heading=true&amp;size=large"">https://momento360.com/e/uc/2e2d721215c24680b460d2971ffe136b?utm_campaign=embed&amp;utm_source=other&amp;reset-heading=true&amp;size=large</a></p>",866235_c8fa507510714c96b93c9a7d4974b211~mv2.png;866235_36dab4a7a84e42419166e96f7ae8db55~mv2.webp;866235_c9c89019d9074e9eb5032bbe11c46383~mv2.jpg;866235_f6cd9033724e4b5296134201780b07b1~mv2.jpg;866235_6b5ae15ea63248158a48d17132edcedb~mv2.jpg;866235_8a5587fffcf2438f80250e9cdfe9e554~mv2.jpg;866235_c1d1c9feee674a529eae5f9c06e458be~mv2.jpg;866235_f2a9b16da37e4dd19bbe7b2d2a82d41e~mv2.jpg;866235_244554b963b44b02ad43f5598d9332b2~mv2.jpg,"1,000 - 1,500;Double-Section;Golden West;Dream Silver",DRM482F,"1,296 SQ FT",0,,TRUE,PERCENT,0,InStock,,,,,,,,,,,,,,,,,,,,,3D Tour and Downloads,"<p>&nbsp;</p> 
<p><a href=""https://momento360.com/e/uc/2e2d721215c24680b460d2971ffe136b"" target=""_blank&quot;""><u>Click Here for Virtual Tour</u></a></p>
<p><u><a href=""https://raw.githubusercontent.com/CadelMVH/Wix-Gallery-Downloads/main/DRM/482F.pdf"" target=""_blank&quot;"">Click Here to Download PDF</a></u></p>",Construction Specifications,"<ul> 
 <li>Additional Specs:&nbsp;In-Floor Waste Plumbing / Kiln Dried Framing Lumber / GFI Receptacle at all Wet Areas</li> 
 <li>Exterior Wall On Center:&nbsp;16” O.C.</li> 
 <li>Exterior Wall Studs:&nbsp;2'x6' Exterior Walls</li> 
 <li>Floor Decking:&nbsp;19/32” OSB T&amp;G Floor Decking</li> 
 <li>Floor Joists:&nbsp;2x6 Floor Joists -16” O.C.</li> 
 <li>Roof Load:&nbsp;30# Roof Load</li> 
 <li>Side Wall Height:&nbsp;96” Sidewall (Flat Ceiling)</li> 
 <li>Insulation (Floors):&nbsp;R-33</li> 
 <li>Insulation (Walls):&nbsp;R-21</li> 
 <li>Insulation (Ceiling):&nbsp;R-40</li> 
</ul>",Exterior Specifications,"<ul> 
 <li>Additional Specs:&nbsp;2x8 Rough Sawn / Continuous Eave Soffit Venting / Ridge Style Roof Venting / Deadbolts on Front and Rear Doors</li> 
 <li>Front Door:&nbsp;36” Front Doors</li> 
 <li>Rear Door:&nbsp;36” Rear Doors</li> 
 <li>Roof Pitch:&nbsp;3:12 (4:12 pitch single sections)</li> 
 <li>Shingles:&nbsp;Architectural Shingles</li> 
 <li>Siding:&nbsp;LP Smart Panel Siding w/5/50 year warranty</li> 
 <li>Window Trim:&nbsp;4” Window Trim</li> 
 <li>Window Type:&nbsp;Dual Pane Low-E Windows</li> 
 <li>Exterior Lighting:&nbsp;Porch Lights at each Exterior Entry</li> 
 <li>Front Rear Eaves:&nbsp;Exterior 14"" Eaves Double wide, 6"" Single wide</li> 
 <li>Exterior Outlets:&nbsp;Exterior 2 GFI Standard</li> 
</ul>",Interior Specifications,"<ul> 
 <li>Ceiling Texture:&nbsp;Brocade Style Ceiling Drywall Finish</li> 
 <li>Door Carpet Type:&nbsp;Entry Lino</li> 
 <li>Safety Alarms:&nbsp;Smoke Alarms, Bdrms &amp; Living Areas</li> 
 <li>Window Type:&nbsp;Wood Window Interior Wrap / Egress Windows in all Bedrooms</li> 
 <li>Molding:&nbsp;Baseboard Molding in Lino Areas</li> 
 <li>Wall Finish:&nbsp;Tape and Texture Drywall Throughout / Square Sheetrock Corners</li> 
 <li>Interior Doors:&nbsp;2-Panel Interior Doors</li> 
 <li>Carpet Type Or Grade:&nbsp;5# Carpet Pad / New Wave 25oz Carpet</li> 
</ul>",Utilities Specifications,"<ul> 
 <li>Electrical Service:&nbsp;200 Amp Electrical Service</li> 
 <li>Electrical Wiring:&nbsp;All Copper Wiring</li> 
 <li>Furnace:&nbsp;Forced Air Elect Down Flow Furnace</li> 
 <li>Other:&nbsp;Receptacle at Fresh Water Inlet</li> 
 <li>Shut Off Valves Throughout:&nbsp;Whole House Shut-off Valve</li> 
 <li>Thermostat:&nbsp;EcoBee T-Stat</li> 
 <li>Washer Dryer Hook Up:&nbsp;Plumbed/Wire For Washer and Dryer</li> 
 <li>Water Heater:&nbsp;40 Gallon Electric Water Heater</li> 
 <li>Water Shut Off Valves:&nbsp;Shut-Off Valves at Toilets &amp; Sinks</li> 
</ul>",Kitchen & Baths Specifications,"<p>&nbsp;</p> 
<p><u><strong>Kitchen&nbsp;Specifications</strong></u></p> 
<ul> 
 <li>Kitchen Sink:&nbsp;Kitchen Sink 8” Stainless Steel</li> 
 <li>Kitchen Refrigerator:&nbsp;Frigidaire 18 cu ft Refrigerator</li> 
 <li>Kitchen Range Type:&nbsp;Frigidaire Free Standing Range</li> 
 <li>Kitchen Range Hood:&nbsp;30” Lighted Exhaust Fan over Range</li> 
 <li>Kitchen Lighting:&nbsp;Recessed Lights (Qty. Per Model)</li> 
 <li>Kitchen Flooring:&nbsp;No-Wax Vinyl Flooring</li> 
 <li>Kitchen Faucets:&nbsp;Single Lever Faucet with Sprayer</li> 
 <li>Kitchen Countertops:&nbsp;Laminated Counter Tops / Crescent Edge T/Out</li> 
 <li>Kitchen Additional Specs:&nbsp;Fire Extinguisher Under Sink</li> 
</ul> 
<p>&nbsp;</p> 
<p><strong><u>Baths Specifications</u></strong></p> 
<ul> 
 <li>Bathroom Sink:&nbsp;China Lavy Sinks</li> 
 <li>Bathroom Lighting:&nbsp;Recessed Lights (Per Model)</li> 
 <li>Bathroom Flooring:&nbsp;No-Wax Vinyl Flooring</li> 
 <li>Bathroom Countertops:&nbsp;Laminated Counter Tops / Crescent Edge T/Out</li> 
 <li>Bathroom Faucets:&nbsp;Adjustable Shower Heads</li> 
 <li>Bathroom Fans:&nbsp;Exhaust Fans w/Light in each Bath</li> 
 <li>Bathroom Toilet Type:&nbsp;Elongated Toilets</li> 
 <li>Bathroom Bathtubs:&nbsp;60” Fiberglass Tub/Shower in each Bath</li> 
</ul>",,,,,,,Golden West
product_GWdrm-483F,Product,Dream Silver / 483F,"<p><strong>BEDS:</strong>&nbsp;3&nbsp; &nbsp; &nbsp;<strong>BATHS:</strong>&nbsp;2&nbsp; &nbsp; &nbsp;<strong>SQ FT:</strong>&nbsp;1,296&nbsp; &nbsp; &nbsp;</p><p><strong>W X L:</strong>&nbsp;27′ x 48′&nbsp;</p><p>The Dream Silver / DRM 483F built by Golden West Homes offers 1,296 square feet of well-planned living space, featuring 3 bedrooms and 2 bathrooms. This manufactured home is crafted for those who appreciate functionality and comfort, with open living areas that foster togetherness and private bedrooms that provide a serene escape. The DRM 483F is an excellent choice for families or individuals seeking a contemporary home that balances style and practicality, making everyday life both comfortable and enjoyable.</p>",866235_a022aa501eb34ae5a806fcb5b6f4a318~mv2.webp;866235_741e71f3b9f7496f88255727cef27d1d~mv2.webp,"Golden West;Dream Silver;1,000 - 1,500;Double-Section",DRM483F,"1,296 SQ FT",0,,TRUE,PERCENT,0,InStock,,,,,,,,,,,,,,,,,,,,,3D Tour and Downloads,"<p>&nbsp;</p> 
<p><a href=""https://momento360.com/e/uc/6db23a925a50418495b52cd4d89c0d49"" target=""_blank&quot;""><u>Click Here for Virtual Tour</u></a></p>
<p><u><a href=""https://raw.githubusercontent.com/CadelMVH/Wix-Gallery-Downloads/main/DRM/483F.pdf"" target=""_blank&quot;"">Click Here to Download PDF</a></u></p>",Construction Specifications,"<ul> 
 <li>Additional Specs:&nbsp;In-Floor Waste Plumbing / Kiln Dried Framing Lumber / GFI Receptacle at all Wet Areas</li> 
 <li>Exterior Wall On Center:&nbsp;16” O.C.</li> 
 <li>Exterior Wall Studs:&nbsp;2'x6' Exterior Walls</li> 
 <li>Floor Decking:&nbsp;19/32” OSB T&amp;G Floor Decking</li> 
 <li>Floor Joists:&nbsp;2x6 Floor Joists -16” O.C.</li> 
 <li>Roof Load:&nbsp;30# Roof Load</li> 
 <li>Side Wall Height:&nbsp;96” Sidewall (Flat Ceiling)</li> 
 <li>Insulation (Floors):&nbsp;R-33</li> 
 <li>Insulation (Walls):&nbsp;R-21</li> 
 <li>Insulation (Ceiling):&nbsp;R-40</li> 
</ul>",Exterior Specifications,"<ul> 
 <li>Additional Specs:&nbsp;2x8 Rough Sawn / Continuous Eave Soffit Venting / Ridge Style Roof Venting / Deadbolts on Front and Rear Doors</li> 
 <li>Front Door:&nbsp;36” Front Doors</li> 
 <li>Rear Door:&nbsp;36” Rear Doors</li> 
 <li>Roof Pitch:&nbsp;3:12 (4:12 pitch single sections)</li> 
 <li>Shingles:&nbsp;Architectural Shingles</li> 
 <li>Siding:&nbsp;LP Smart Panel Siding w/5/50 year warranty</li> 
 <li>Window Trim:&nbsp;4” Window Trim</li> 
 <li>Window Type:&nbsp;Dual Pane Low-E Windows</li> 
 <li>Exterior Lighting:&nbsp;Porch Lights at each Exterior Entry</li> 
 <li>Front Rear Eaves:&nbsp;Exterior 14"" Eaves Double wide, 6"" Single wide</li> 
 <li>Exterior Outlets:&nbsp;Exterior 2 GFI Standard</li> 
</ul>",Interior Specifications,"<ul> 
 <li>Ceiling Texture:&nbsp;Brocade Style Ceiling Drywall Finish</li> 
 <li>Door Carpet Type:&nbsp;Entry Lino</li> 
 <li>Safety Alarms:&nbsp;Smoke Alarms, Bdrms &amp; Living Areas</li> 
 <li>Window Type:&nbsp;Wood Window Interior Wrap / Egress Windows in all Bedrooms</li> 
 <li>Molding:&nbsp;Baseboard Molding in Lino Areas</li> 
 <li>Wall Finish:&nbsp;Tape and Texture Drywall Throughout / Square Sheetrock Corners</li> 
 <li>Interior Doors:&nbsp;2-Panel Interior Doors</li> 
 <li>Carpet Type Or Grade:&nbsp;5# Carpet Pad / New Wave 25oz Carpet</li> 
</ul>",Utilities Specifications,"<ul> 
 <li>Electrical Service:&nbsp;200 Amp Electrical Service</li> 
 <li>Electrical Wiring:&nbsp;All Copper Wiring</li> 
 <li>Furnace:&nbsp;Forced Air Elect Down Flow Furnace</li> 
 <li>Other:&nbsp;Receptacle at Fresh Water Inlet</li> 
 <li>Shut Off Valves Throughout:&nbsp;Whole House Shut-off Valve</li> 
 <li>Thermostat:&nbsp;EcoBee T-Stat</li> 
 <li>Washer Dryer Hook Up:&nbsp;Plumbed/Wire For Washer and Dryer</li> 
 <li>Water Heater:&nbsp;40 Gallon Electric Water Heater</li> 
 <li>Water Shut Off Valves:&nbsp;Shut-Off Valves at Toilets &amp; Sinks</li> 
</ul>",Kitchen & Baths Specifications,"<p>&nbsp;</p> 
<p><u><strong>Kitchen&nbsp;Specifications</strong></u></p> 
<ul> 
 <li>Kitchen Sink:&nbsp;Kitchen Sink 8” Stainless Steel</li> 
 <li>Kitchen Refrigerator:&nbsp;Frigidaire 18 cu ft Refrigerator</li> 
 <li>Kitchen Range Type:&nbsp;Frigidaire Free Standing Range</li> 
 <li>Kitchen Range Hood:&nbsp;30” Lighted Exhaust Fan over Range</li> 
 <li>Kitchen Lighting:&nbsp;Recessed Lights (Qty. Per Model)</li> 
 <li>Kitchen Flooring:&nbsp;No-Wax Vinyl Flooring</li> 
 <li>Kitchen Faucets:&nbsp;Single Lever Faucet with Sprayer</li> 
 <li>Kitchen Countertops:&nbsp;Laminated Counter Tops / Crescent Edge T/Out</li> 
 <li>Kitchen Additional Specs:&nbsp;Fire Extinguisher Under Sink</li> 
</ul> 
<p>&nbsp;</p> 
<p><strong><u>Baths Specifications</u></strong></p> 
<ul> 
 <li>Bathroom Sink:&nbsp;China Lavy Sinks</li> 
 <li>Bathroom Lighting:&nbsp;Recessed Lights (Per Model)</li> 
 <li>Bathroom Flooring:&nbsp;No-Wax Vinyl Flooring</li> 
 <li>Bathroom Countertops:&nbsp;Laminated Counter Tops / Crescent Edge T/Out</li> 
 <li>Bathroom Faucets:&nbsp;Adjustable Shower Heads</li> 
 <li>Bathroom Fans:&nbsp;Exhaust Fans w/Light in each Bath</li> 
 <li>Bathroom Toilet Type:&nbsp;Elongated Toilets</li> 
 <li>Bathroom Bathtubs:&nbsp;60” Fiberglass Tub/Shower in each Bath</li> 
</ul>",,,,,,,Golden West
product_GWdrm-484F,Product,Dream Silver / 484F,"<p><strong>BEDS:</strong>&nbsp;4&nbsp; &nbsp; &nbsp;<strong>BATHS:</strong>&nbsp;2&nbsp; &nbsp; &nbsp;<strong>SQ FT:</strong>&nbsp;1,296&nbsp; &nbsp; &nbsp;</p><p><strong>W X L:</strong>&nbsp;27′&nbsp;x 48′</p><p>The Dream Silver / DRM 484F built by Golden West Albany offers 4 bedrooms, 2 bathrooms, and 1296 square feet of thoughtfully arranged living space. From the inviting main living area to the generously sized bedrooms, this home brings comfort and practicality together in one cozy package. Perfect for families looking to settle into a welcoming space, The DRM 484F is a home that feels just right from the moment you walk through the door.</p>",866235_62cac18684d94ffca229f7d3d4e5483d~mv2.webp;866235_244f9391e0b0432595c55c12b3cdea40~mv2.webp,"Golden West;Dream Silver;1,000 - 1,500;Double-Section",DRM484F,"1,196 SQ FT",0,,TRUE,PERCENT,0,InStock,,,,,,,,,,,,,,,,,,,,,3D Tour and Downloads,"<p>&nbsp;</p> 
<p><a href=""https://momento360.com/e/uc/7b5a0f38c0594437add076317ffd389c"" target=""_blank&quot;""><u>Click Here for Virtual Tour</u></a></p>
<p><u><a href=""https://raw.githubusercontent.com/CadelMVH/Wix-Gallery-Downloads/main/DRM/484F.pdf"" target=""_blank&quot;"">Click Here to Download PDF</a></u></p>",Construction Specifications,"<ul> 
 <li>Additional Specs:&nbsp;In-Floor Waste Plumbing / Kiln Dried Framing Lumber / GFI Receptacle at all Wet Areas</li> 
 <li>Exterior Wall On Center:&nbsp;16” O.C.</li> 
 <li>Exterior Wall Studs:&nbsp;2'x6' Exterior Walls</li> 
 <li>Floor Decking:&nbsp;19/32” OSB T&amp;G Floor Decking</li> 
 <li>Floor Joists:&nbsp;2x6 Floor Joists -16” O.C.</li> 
 <li>Roof Load:&nbsp;30# Roof Load</li> 
 <li>Side Wall Height:&nbsp;96” Sidewall (Flat Ceiling)</li> 
 <li>Insulation (Floors):&nbsp;R-33</li> 
 <li>Insulation (Walls):&nbsp;R-21</li> 
 <li>Insulation (Ceiling):&nbsp;R-40</li> 
</ul>",Exterior Specifications,"<ul> 
 <li>Additional Specs:&nbsp;2x8 Rough Sawn / Continuous Eave Soffit Venting / Ridge Style Roof Venting / Deadbolts on Front and Rear Doors</li> 
 <li>Front Door:&nbsp;36” Front Doors</li> 
 <li>Rear Door:&nbsp;36” Rear Doors</li> 
 <li>Roof Pitch:&nbsp;3:12 (4:12 pitch single sections)</li> 
 <li>Shingles:&nbsp;Architectural Shingles</li> 
 <li>Siding:&nbsp;LP Smart Panel Siding w/5/50 year warranty</li> 
 <li>Window Trim:&nbsp;4” Window Trim</li> 
 <li>Window Type:&nbsp;Dual Pane Low-E Windows</li> 
 <li>Exterior Lighting:&nbsp;Porch Lights at each Exterior Entry</li> 
 <li>Front Rear Eaves:&nbsp;Exterior 14"" Eaves Double wide, 6"" Single wide</li> 
 <li>Exterior Outlets:&nbsp;Exterior 2 GFI Standard</li> 
</ul>",Interior Specifications,"<ul> 
 <li>Ceiling Texture:&nbsp;Brocade Style Ceiling Drywall Finish</li> 
 <li>Door Carpet Type:&nbsp;Entry Lino</li> 
 <li>Safety Alarms:&nbsp;Smoke Alarms, Bdrms &amp; Living Areas</li> 
 <li>Window Type:&nbsp;Wood Window Interior Wrap / Egress Windows in all Bedrooms</li> 
 <li>Molding:&nbsp;Baseboard Molding in Lino Areas</li> 
 <li>Wall Finish:&nbsp;Tape and Texture Drywall Throughout / Square Sheetrock Corners</li> 
 <li>Interior Doors:&nbsp;2-Panel Interior Doors</li> 
 <li>Carpet Type Or Grade:&nbsp;5# Carpet Pad / New Wave 25oz Carpet</li> 
</ul>",Utilities Specifications,"<ul> 
 <li>Electrical Service:&nbsp;200 Amp Electrical Service</li> 
 <li>Electrical Wiring:&nbsp;All Copper Wiring</li> 
 <li>Furnace:&nbsp;Forced Air Elect Down Flow Furnace</li> 
 <li>Other:&nbsp;Receptacle at Fresh Water Inlet</li> 
 <li>Shut Off Valves Throughout:&nbsp;Whole House Shut-off Valve</li> 
 <li>Thermostat:&nbsp;EcoBee T-Stat</li> 
 <li>Washer Dryer Hook Up:&nbsp;Plumbed/Wire For Washer and Dryer</li> 
 <li>Water Heater:&nbsp;40 Gallon Electric Water Heater</li> 
 <li>Water Shut Off Valves:&nbsp;Shut-Off Valves at Toilets &amp; Sinks</li> 
</ul>",Kitchen & Baths Specifications,"<p>&nbsp;</p> 
<p><u><strong>Kitchen&nbsp;Specifications</strong></u></p> 
<ul> 
 <li>Kitchen Sink:&nbsp;Kitchen Sink 8” Stainless Steel</li> 
 <li>Kitchen Refrigerator:&nbsp;Frigidaire 18 cu ft Refrigerator</li> 
 <li>Kitchen Range Type:&nbsp;Frigidaire Free Standing Range</li> 
 <li>Kitchen Range Hood:&nbsp;30” Lighted Exhaust Fan over Range</li> 
 <li>Kitchen Lighting:&nbsp;Recessed Lights (Qty. Per Model)</li> 
 <li>Kitchen Flooring:&nbsp;No-Wax Vinyl Flooring</li> 
 <li>Kitchen Faucets:&nbsp;Single Lever Faucet with Sprayer</li> 
 <li>Kitchen Countertops:&nbsp;Laminated Counter Tops / Crescent Edge T/Out</li> 
 <li>Kitchen Additional Specs:&nbsp;Fire Extinguisher Under Sink</li> 
</ul> 
<p>&nbsp;</p> 
<p><strong><u>Baths Specifications</u></strong></p> 
<ul> 
 <li>Bathroom Sink:&nbsp;China Lavy Sinks</li> 
 <li>Bathroom Lighting:&nbsp;Recessed Lights (Per Model)</li> 
 <li>Bathroom Flooring:&nbsp;No-Wax Vinyl Flooring</li> 
 <li>Bathroom Countertops:&nbsp;Laminated Counter Tops / Crescent Edge T/Out</li> 
 <li>Bathroom Faucets:&nbsp;Adjustable Shower Heads</li> 
 <li>Bathroom Fans:&nbsp;Exhaust Fans w/Light in each Bath</li> 
 <li>Bathroom Toilet Type:&nbsp;Elongated Toilets</li> 
 <li>Bathroom Bathtubs:&nbsp;60” Fiberglass Tub/Shower in each Bath</li> 
</ul>",,,,,,,Golden West
product_GWdrm-486F,Product,Dream Silver / 486F,"<p><strong>BEDS:</strong>&nbsp;4&nbsp; &nbsp; &nbsp;<strong>BATHS:</strong>&nbsp;2&nbsp; &nbsp; &nbsp;<strong>SQ FT:</strong>&nbsp;1,296&nbsp; &nbsp; &nbsp;</p><p><strong>W X L:</strong>&nbsp;27′&nbsp;x 48′</p><p>The Dream Silver / DRM 486F built by Golden West Homes provides 1,296 square feet of efficiently designed living space, featuring 4 bedrooms and 2 bathrooms. This manufactured home blends comfort with practicality, offering open areas perfect for family gatherings and private bedrooms that ensure a cozy retreat. The DRM 486F is an excellent choice for families or individuals looking for a modern, compact home that balances functionality with a warm and inviting atmosphere for everyday living.</p>",866235_142468fc12ad416ab8647bcd1536443b~mv2.webp;866235_2ad9b38cb83f4e75b655273fbd54b722~mv2.webp,"Golden West;Dream Silver;1,000 - 1,500;Double-Section",DRM486F,"1,296 SQ FT",0,,TRUE,PERCENT,0,InStock,,,,,,,,,,,,,,,,,,,,,3D Tour and Downloads,"<p>&nbsp;</p> 
<p><a href=""https://momento360.com/e/uc/4fbe3373569f4c368e32657c702ffd8e"" target=""_blank&quot;""><u>Click Here for Virtual Tour</u></a></p>
<p><u><a href=""https://raw.githubusercontent.com/CadelMVH/Wix-Gallery-Downloads/main/DRM/486F.pdf"" target=""_blank&quot;"">Click Here to Download PDF</a></u></p>",Construction Specifications,"<ul> 
 <li>Additional Specs:&nbsp;In-Floor Waste Plumbing / Kiln Dried Framing Lumber / GFI Receptacle at all Wet Areas</li> 
 <li>Exterior Wall On Center:&nbsp;16” O.C.</li> 
 <li>Exterior Wall Studs:&nbsp;2'x6' Exterior Walls</li> 
 <li>Floor Decking:&nbsp;19/32” OSB T&amp;G Floor Decking</li> 
 <li>Floor Joists:&nbsp;2x6 Floor Joists -16” O.C.</li> 
 <li>Roof Load:&nbsp;30# Roof Load</li> 
 <li>Side Wall Height:&nbsp;96” Sidewall (Flat Ceiling)</li> 
 <li>Insulation (Floors):&nbsp;R-33</li> 
 <li>Insulation (Walls):&nbsp;R-21</li> 
 <li>Insulation (Ceiling):&nbsp;R-40</li> 
</ul>",Exterior Specifications,"<ul> 
 <li>Additional Specs:&nbsp;2x8 Rough Sawn / Continuous Eave Soffit Venting / Ridge Style Roof Venting / Deadbolts on Front and Rear Doors</li> 
 <li>Front Door:&nbsp;36” Front Doors</li> 
 <li>Rear Door:&nbsp;36” Rear Doors</li> 
 <li>Roof Pitch:&nbsp;3:12 (4:12 pitch single sections)</li> 
 <li>Shingles:&nbsp;Architectural Shingles</li> 
 <li>Siding:&nbsp;LP Smart Panel Siding w/5/50 year warranty</li> 
 <li>Window Trim:&nbsp;4” Window Trim</li> 
 <li>Window Type:&nbsp;Dual Pane Low-E Windows</li> 
 <li>Exterior Lighting:&nbsp;Porch Lights at each Exterior Entry</li> 
 <li>Front Rear Eaves:&nbsp;Exterior 14"" Eaves Double wide, 6"" Single wide</li> 
 <li>Exterior Outlets:&nbsp;Exterior 2 GFI Standard</li> 
</ul>",Interior Specifications,"<ul> 
 <li>Ceiling Texture:&nbsp;Brocade Style Ceiling Drywall Finish</li> 
 <li>Door Carpet Type:&nbsp;Entry Lino</li> 
 <li>Safety Alarms:&nbsp;Smoke Alarms, Bdrms &amp; Living Areas</li> 
 <li>Window Type:&nbsp;Wood Window Interior Wrap / Egress Windows in all Bedrooms</li> 
 <li>Molding:&nbsp;Baseboard Molding in Lino Areas</li> 
 <li>Wall Finish:&nbsp;Tape and Texture Drywall Throughout / Square Sheetrock Corners</li> 
 <li>Interior Doors:&nbsp;2-Panel Interior Doors</li> 
 <li>Carpet Type Or Grade:&nbsp;5# Carpet Pad / New Wave 25oz Carpet</li> 
</ul>",Utilities Specifications,"<ul> 
 <li>Electrical Service:&nbsp;200 Amp Electrical Service</li> 
 <li>Electrical Wiring:&nbsp;All Copper Wiring</li> 
 <li>Furnace:&nbsp;Forced Air Elect Down Flow Furnace</li> 
 <li>Other:&nbsp;Receptacle at Fresh Water Inlet</li> 
 <li>Shut Off Valves Throughout:&nbsp;Whole House Shut-off Valve</li> 
 <li>Thermostat:&nbsp;EcoBee T-Stat</li> 
 <li>Washer Dryer Hook Up:&nbsp;Plumbed/Wire For Washer and Dryer</li> 
 <li>Water Heater:&nbsp;40 Gallon Electric Water Heater</li> 
 <li>Water Shut Off Valves:&nbsp;Shut-Off Valves at Toilets &amp; Sinks</li> 
</ul>",Kitchen & Baths Specifications,"<p>&nbsp;</p> 
<p><u><strong>Kitchen&nbsp;Specifications</strong></u></p> 
<ul> 
 <li>Kitchen Sink:&nbsp;Kitchen Sink 8” Stainless Steel</li> 
 <li>Kitchen Refrigerator:&nbsp;Frigidaire 18 cu ft Refrigerator</li> 
 <li>Kitchen Range Type:&nbsp;Frigidaire Free Standing Range</li> 
 <li>Kitchen Range Hood:&nbsp;30” Lighted Exhaust Fan over Range</li> 
 <li>Kitchen Lighting:&nbsp;Recessed Lights (Qty. Per Model)</li> 
 <li>Kitchen Flooring:&nbsp;No-Wax Vinyl Flooring</li> 
 <li>Kitchen Faucets:&nbsp;Single Lever Faucet with Sprayer</li> 
 <li>Kitchen Countertops:&nbsp;Laminated Counter Tops / Crescent Edge T/Out</li> 
 <li>Kitchen Additional Specs:&nbsp;Fire Extinguisher Under Sink</li> 
</ul> 
<p>&nbsp;</p> 
<p><strong><u>Baths Specifications</u></strong></p> 
<ul> 
 <li>Bathroom Sink:&nbsp;China Lavy Sinks</li> 
 <li>Bathroom Lighting:&nbsp;Recessed Lights (Per Model)</li> 
 <li>Bathroom Flooring:&nbsp;No-Wax Vinyl Flooring</li> 
 <li>Bathroom Countertops:&nbsp;Laminated Counter Tops / Crescent Edge T/Out</li> 
 <li>Bathroom Faucets:&nbsp;Adjustable Shower Heads</li> 
 <li>Bathroom Fans:&nbsp;Exhaust Fans w/Light in each Bath</li> 
 <li>Bathroom Toilet Type:&nbsp;Elongated Toilets</li> 
 <li>Bathroom Bathtubs:&nbsp;60” Fiberglass Tub/Shower in each Bath</li> 
</ul>",,,,,,,Golden West
product_GWdrm-521F,Product,Dream Silver / 521F,"<p><strong>BEDS:</strong>&nbsp;3&nbsp; &nbsp; &nbsp;<strong>BATHS:</strong>&nbsp;2&nbsp; &nbsp; &nbsp;<strong>SQ FT:</strong>&nbsp;1,404&nbsp; &nbsp; &nbsp;</p><p><strong>W X L:</strong>&nbsp;′&nbsp;x ′</p><p>The Dream Silver / DRM 521F built by Golden West Homes provides 1,404 square feet of carefully arranged living space, featuring 3 bedrooms and 2 bathrooms. This manufactured home is designed to support both relaxation and activity, with spacious living areas ideal for gatherings and private bedrooms that offer a peaceful escape. The DRM 521F is a perfect choice for families or individuals seeking a modern home that balances functionality with an inviting ambiance, ideal for a comfortable and enjoyable lifestyle.</p>",866235_777318ed436a4db5bbe191ddfa5165d1~mv2.webp;866235_58d70bd4783e4258ba58e568b63bad9a~mv2.webp,"Golden West;Dream Silver;1,000 - 1,500;Double-Section",DRM521F,"1,404 SQ FT",0,,TRUE,PERCENT,0,InStock,,,,,,,,,,,,,,,,,,,,,3D Tour and Downloads,"<p><u><a href=""https://raw.githubusercontent.com/CadelMVH/Wix-Gallery-Downloads/main/DRM/521F.pdf"" target=""_blank&quot;"">Click Here to Download PDF</a></u></p>",Construction Specifications,"<ul> 
 <li>Additional Specs:&nbsp;In-Floor Waste Plumbing / Kiln Dried Framing Lumber / GFI Receptacle at all Wet Areas</li> 
 <li>Exterior Wall On Center:&nbsp;16” O.C.</li> 
 <li>Exterior Wall Studs:&nbsp;2'x6' Exterior Walls</li> 
 <li>Floor Decking:&nbsp;19/32” OSB T&amp;G Floor Decking</li> 
 <li>Floor Joists:&nbsp;2x6 Floor Joists -16” O.C.</li> 
 <li>Roof Load:&nbsp;30# Roof Load</li> 
 <li>Side Wall Height:&nbsp;96” Sidewall (Flat Ceiling)</li> 
 <li>Insulation (Floors):&nbsp;R-33</li> 
 <li>Insulation (Walls):&nbsp;R-21</li> 
 <li>Insulation (Ceiling):&nbsp;R-40</li> 
</ul>",Exterior Specifications,"<ul> 
 <li>Additional Specs:&nbsp;2x8 Rough Sawn / Continuous Eave Soffit Venting / Ridge Style Roof Venting / Deadbolts on Front and Rear Doors</li> 
 <li>Front Door:&nbsp;36” Front Doors</li> 
 <li>Rear Door:&nbsp;36” Rear Doors</li> 
 <li>Roof Pitch:&nbsp;3:12 (4:12 pitch single sections)</li> 
 <li>Shingles:&nbsp;Architectural Shingles</li> 
 <li>Siding:&nbsp;LP Smart Panel Siding w/5/50 year warranty</li> 
 <li>Window Trim:&nbsp;4” Window Trim</li> 
 <li>Window Type:&nbsp;Dual Pane Low-E Windows</li> 
 <li>Exterior Lighting:&nbsp;Porch Lights at each Exterior Entry</li> 
 <li>Front Rear Eaves:&nbsp;Exterior 14"" Eaves Double wide, 6"" Single wide</li> 
 <li>Exterior Outlets:&nbsp;Exterior 2 GFI Standard</li> 
</ul>",Interior Specifications,"<ul> 
 <li>Ceiling Texture:&nbsp;Brocade Style Ceiling Drywall Finish</li> 
 <li>Door Carpet Type:&nbsp;Entry Lino</li> 
 <li>Safety Alarms:&nbsp;Smoke Alarms, Bdrms &amp; Living Areas</li> 
 <li>Window Type:&nbsp;Wood Window Interior Wrap / Egress Windows in all Bedrooms</li> 
 <li>Molding:&nbsp;Baseboard Molding in Lino Areas</li> 
 <li>Wall Finish:&nbsp;Tape and Texture Drywall Throughout / Square Sheetrock Corners</li> 
 <li>Interior Doors:&nbsp;2-Panel Interior Doors</li> 
 <li>Carpet Type Or Grade:&nbsp;5# Carpet Pad / New Wave 25oz Carpet</li> 
</ul>",Utilities Specifications,"<ul> 
 <li>Electrical Service:&nbsp;200 Amp Electrical Service</li> 
 <li>Electrical Wiring:&nbsp;All Copper Wiring</li> 
 <li>Furnace:&nbsp;Forced Air Elect Down Flow Furnace</li> 
 <li>Other:&nbsp;Receptacle at Fresh Water Inlet</li> 
 <li>Shut Off Valves Throughout:&nbsp;Whole House Shut-off Valve</li> 
 <li>Thermostat:&nbsp;EcoBee T-Stat</li> 
 <li>Washer Dryer Hook Up:&nbsp;Plumbed/Wire For Washer and Dryer</li> 
 <li>Water Heater:&nbsp;40 Gallon Electric Water Heater</li> 
 <li>Water Shut Off Valves:&nbsp;Shut-Off Valves at Toilets &amp; Sinks</li> 
</ul>",Kitchen & Baths Specifications,"<p>&nbsp;</p> 
<p><u><strong>Kitchen&nbsp;Specifications</strong></u></p> 
<ul> 
 <li>Kitchen Sink:&nbsp;Kitchen Sink 8” Stainless Steel</li> 
 <li>Kitchen Refrigerator:&nbsp;Frigidaire 18 cu ft Refrigerator</li> 
 <li>Kitchen Range Type:&nbsp;Frigidaire Free Standing Range</li> 
 <li>Kitchen Range Hood:&nbsp;30” Lighted Exhaust Fan over Range</li> 
 <li>Kitchen Lighting:&nbsp;Recessed Lights (Qty. Per Model)</li> 
 <li>Kitchen Flooring:&nbsp;No-Wax Vinyl Flooring</li> 
 <li>Kitchen Faucets:&nbsp;Single Lever Faucet with Sprayer</li> 
 <li>Kitchen Countertops:&nbsp;Laminated Counter Tops / Crescent Edge T/Out</li> 
 <li>Kitchen Additional Specs:&nbsp;Fire Extinguisher Under Sink</li> 
</ul> 
<p>&nbsp;</p> 
<p><strong><u>Baths Specifications</u></strong></p> 
<ul> 
 <li>Bathroom Sink:&nbsp;China Lavy Sinks</li> 
 <li>Bathroom Lighting:&nbsp;Recessed Lights (Per Model)</li> 
 <li>Bathroom Flooring:&nbsp;No-Wax Vinyl Flooring</li> 
 <li>Bathroom Countertops:&nbsp;Laminated Counter Tops / Crescent Edge T/Out</li> 
 <li>Bathroom Faucets:&nbsp;Adjustable Shower Heads</li> 
 <li>Bathroom Fans:&nbsp;Exhaust Fans w/Light in each Bath</li> 
 <li>Bathroom Toilet Type:&nbsp;Elongated Toilets</li> 
 <li>Bathroom Bathtubs:&nbsp;60” Fiberglass Tub/Shower in each Bath</li> 
</ul>",,,,,,,Golden West
product_GWdrm-561F,Product,Dream Silver / 561F,"<p><strong>BEDS:</strong>&nbsp;3&nbsp; &nbsp; &nbsp;<strong>BATHS:</strong>&nbsp;2&nbsp; &nbsp; &nbsp;<strong>SQ FT:</strong>&nbsp;1,512&nbsp; &nbsp; &nbsp;</p><p><strong>W X L:</strong>&nbsp;27′ &nbsp;x 56′&nbsp;</p><p>The Dream Silver / DRM 561F built by Golden West Homes offers 1,512 square feet of thoughtfully designed living space, featuring 3 bedrooms and 2 bathrooms. This manufactured home provides a versatile layout with spacious living areas for family gatherings and private bedrooms that ensure a peaceful retreat. The DRM 561F is an ideal choice for families or individuals seeking a home that combines contemporary style with practical features, creating a comfortable and inviting atmosphere for daily living.</p>",866235_f1a68ecd303b48c4bf1f079895b224a3~mv2.webp;866235_033ee343f89e4704989049ddb1883252~mv2.webp,"Golden West;Dream Silver;1,500 - 2,000;Double-Section",DRM561F,"1,512 SQ FT",0,,TRUE,PERCENT,0,InStock,,,,,,,,,,,,,,,,,,,,,3D Tour and Downloads,"<p><u><a href=""https://raw.githubusercontent.com/CadelMVH/Wix-Gallery-Downloads/main/DRM/561F.pdf"" target=""_blank&quot;"">Click Here to Download PDF</a></u></p>",Construction Specifications,"<ul> 
 <li>Additional Specs:&nbsp;In-Floor Waste Plumbing / Kiln Dried Framing Lumber / GFI Receptacle at all Wet Areas</li> 
 <li>Exterior Wall On Center:&nbsp;16” O.C.</li> 
 <li>Exterior Wall Studs:&nbsp;2'x6' Exterior Walls</li> 
 <li>Floor Decking:&nbsp;19/32” OSB T&amp;G Floor Decking</li> 
 <li>Floor Joists:&nbsp;2x6 Floor Joists -16” O.C.</li> 
 <li>Roof Load:&nbsp;30# Roof Load</li> 
 <li>Side Wall Height:&nbsp;96” Sidewall (Flat Ceiling)</li> 
 <li>Insulation (Floors):&nbsp;R-33</li> 
 <li>Insulation (Walls):&nbsp;R-21</li> 
 <li>Insulation (Ceiling):&nbsp;R-40</li> 
</ul>",Exterior Specifications,"<ul> 
 <li>Additional Specs:&nbsp;2x8 Rough Sawn / Continuous Eave Soffit Venting / Ridge Style Roof Venting / Deadbolts on Front and Rear Doors</li> 
 <li>Front Door:&nbsp;36” Front Doors</li> 
 <li>Rear Door:&nbsp;36” Rear Doors</li> 
 <li>Roof Pitch:&nbsp;3:12 (4:12 pitch single sections)</li> 
 <li>Shingles:&nbsp;Architectural Shingles</li> 
 <li>Siding:&nbsp;LP Smart Panel Siding w/5/50 year warranty</li> 
 <li>Window Trim:&nbsp;4” Window Trim</li> 
 <li>Window Type:&nbsp;Dual Pane Low-E Windows</li> 
 <li>Exterior Lighting:&nbsp;Porch Lights at each Exterior Entry</li> 
 <li>Front Rear Eaves:&nbsp;Exterior 14"" Eaves Double wide, 6"" Single wide</li> 
 <li>Exterior Outlets:&nbsp;Exterior 2 GFI Standard</li> 
</ul>",Interior Specifications,"<ul> 
 <li>Ceiling Texture:&nbsp;Brocade Style Ceiling Drywall Finish</li> 
 <li>Door Carpet Type:&nbsp;Entry Lino</li> 
 <li>Safety Alarms:&nbsp;Smoke Alarms, Bdrms &amp; Living Areas</li> 
 <li>Window Type:&nbsp;Wood Window Interior Wrap / Egress Windows in all Bedrooms</li> 
 <li>Molding:&nbsp;Baseboard Molding in Lino Areas</li> 
 <li>Wall Finish:&nbsp;Tape and Texture Drywall Throughout / Square Sheetrock Corners</li> 
 <li>Interior Doors:&nbsp;2-Panel Interior Doors</li> 
 <li>Carpet Type Or Grade:&nbsp;5# Carpet Pad / New Wave 25oz Carpet</li> 
</ul>",Utilities Specifications,"<ul> 
 <li>Electrical Service:&nbsp;200 Amp Electrical Service</li> 
 <li>Electrical Wiring:&nbsp;All Copper Wiring</li> 
 <li>Furnace:&nbsp;Forced Air Elect Down Flow Furnace</li> 
 <li>Other:&nbsp;Receptacle at Fresh Water Inlet</li> 
 <li>Shut Off Valves Throughout:&nbsp;Whole House Shut-off Valve</li> 
 <li>Thermostat:&nbsp;EcoBee T-Stat</li> 
 <li>Washer Dryer Hook Up:&nbsp;Plumbed/Wire For Washer and Dryer</li> 
 <li>Water Heater:&nbsp;40 Gallon Electric Water Heater</li> 
 <li>Water Shut Off Valves:&nbsp;Shut-Off Valves at Toilets &amp; Sinks</li> 
</ul>",Kitchen & Baths Specifications,"<p>&nbsp;</p> 
<p><u><strong>Kitchen&nbsp;Specifications</strong></u></p> 
<ul> 
 <li>Kitchen Sink:&nbsp;Kitchen Sink 8” Stainless Steel</li> 
 <li>Kitchen Refrigerator:&nbsp;Frigidaire 18 cu ft Refrigerator</li> 
 <li>Kitchen Range Type:&nbsp;Frigidaire Free Standing Range</li> 
 <li>Kitchen Range Hood:&nbsp;30” Lighted Exhaust Fan over Range</li> 
 <li>Kitchen Lighting:&nbsp;Recessed Lights (Qty. Per Model)</li> 
 <li>Kitchen Flooring:&nbsp;No-Wax Vinyl Flooring</li> 
 <li>Kitchen Faucets:&nbsp;Single Lever Faucet with Sprayer</li> 
 <li>Kitchen Countertops:&nbsp;Laminated Counter Tops / Crescent Edge T/Out</li> 
 <li>Kitchen Additional Specs:&nbsp;Fire Extinguisher Under Sink</li> 
</ul> 
<p>&nbsp;</p> 
<p><strong><u>Baths Specifications</u></strong></p> 
<ul> 
 <li>Bathroom Sink:&nbsp;China Lavy Sinks</li> 
 <li>Bathroom Lighting:&nbsp;Recessed Lights (Per Model)</li> 
 <li>Bathroom Flooring:&nbsp;No-Wax Vinyl Flooring</li> 
 <li>Bathroom Countertops:&nbsp;Laminated Counter Tops / Crescent Edge T/Out</li> 
 <li>Bathroom Faucets:&nbsp;Adjustable Shower Heads</li> 
 <li>Bathroom Fans:&nbsp;Exhaust Fans w/Light in each Bath</li> 
 <li>Bathroom Toilet Type:&nbsp;Elongated Toilets</li> 
 <li>Bathroom Bathtubs:&nbsp;60” Fiberglass Tub/Shower in each Bath</li> 
</ul>",,,,,,,Golden West
product_GWdrm-562F,Product,Dream Silver / 562F,"<p><strong>BEDS:</strong>&nbsp;3&nbsp; &nbsp; &nbsp;<strong>BATHS:</strong>&nbsp;2&nbsp; &nbsp; &nbsp;<strong>SQ FT:</strong>&nbsp;1,512&nbsp; &nbsp; &nbsp;</p><p><strong>W X L:</strong>&nbsp;27′&nbsp;x 56′</p><p>The Dream Silver / DRM 562F built by Golden West Homes offers 1,512 square feet of carefully crafted living space, featuring 3 bedrooms and 2 bathrooms. This manufactured home is designed for those who value both style and comfort, with open living areas perfect for entertaining and private bedrooms that provide a peaceful retreat. The DRM 562F is an ideal choice for families or individuals seeking a modern home that combines functionality with a warm, inviting atmosphere for everyday living.</p>",866235_ac473eb227fa4aab8e6d57ce5cd325b5~mv2.webp;866235_d5323c9591c94a80a339b7437a193b39~mv2.webp,"Golden West;Dream Silver;1,500 - 2,000;Double-Section",DRM562F,"1,512 SQ FT",0,,TRUE,PERCENT,0,InStock,,,,,,,,,,,,,,,,,,,,,3D Tour and Downloads,"<p>&nbsp;</p> 
<p><a href=""https://momento360.com/e/uc/f1b9100b5bf84d4881a5254f765bb1de"" target=""_blank&quot;""><u>Click Here for Virtual Tour</u></a></p>
<p><u><a href=""https://raw.githubusercontent.com/CadelMVH/Wix-Gallery-Downloads/main/DRM/562F.pdf"" target=""_blank&quot;"">Click Here to Download PDF</a></u></p>",Construction Specifications,"<ul> 
 <li>Additional Specs:&nbsp;In-Floor Waste Plumbing / Kiln Dried Framing Lumber / GFI Receptacle at all Wet Areas</li> 
 <li>Exterior Wall On Center:&nbsp;16” O.C.</li> 
 <li>Exterior Wall Studs:&nbsp;2'x6' Exterior Walls</li> 
 <li>Floor Decking:&nbsp;19/32” OSB T&amp;G Floor Decking</li> 
 <li>Floor Joists:&nbsp;2x6 Floor Joists -16” O.C.</li> 
 <li>Roof Load:&nbsp;30# Roof Load</li> 
 <li>Side Wall Height:&nbsp;96” Sidewall (Flat Ceiling)</li> 
 <li>Insulation (Floors):&nbsp;R-33</li> 
 <li>Insulation (Walls):&nbsp;R-21</li> 
 <li>Insulation (Ceiling):&nbsp;R-40</li> 
</ul>",Exterior Specifications,"<ul> 
 <li>Additional Specs:&nbsp;2x8 Rough Sawn / Continuous Eave Soffit Venting / Ridge Style Roof Venting / Deadbolts on Front and Rear Doors</li> 
 <li>Front Door:&nbsp;36” Front Doors</li> 
 <li>Rear Door:&nbsp;36” Rear Doors</li> 
 <li>Roof Pitch:&nbsp;3:12 (4:12 pitch single sections)</li> 
 <li>Shingles:&nbsp;Architectural Shingles</li> 
 <li>Siding:&nbsp;LP Smart Panel Siding w/5/50 year warranty</li> 
 <li>Window Trim:&nbsp;4” Window Trim</li> 
 <li>Window Type:&nbsp;Dual Pane Low-E Windows</li> 
 <li>Exterior Lighting:&nbsp;Porch Lights at each Exterior Entry</li> 
 <li>Front Rear Eaves:&nbsp;Exterior 14"" Eaves Double wide, 6"" Single wide</li> 
 <li>Exterior Outlets:&nbsp;Exterior 2 GFI Standard</li> 
</ul>",Interior Specifications,"<ul> 
 <li>Ceiling Texture:&nbsp;Brocade Style Ceiling Drywall Finish</li> 
 <li>Door Carpet Type:&nbsp;Entry Lino</li> 
 <li>Safety Alarms:&nbsp;Smoke Alarms, Bdrms &amp; Living Areas</li> 
 <li>Window Type:&nbsp;Wood Window Interior Wrap / Egress Windows in all Bedrooms</li> 
 <li>Molding:&nbsp;Baseboard Molding in Lino Areas</li> 
 <li>Wall Finish:&nbsp;Tape and Texture Drywall Throughout / Square Sheetrock Corners</li> 
 <li>Interior Doors:&nbsp;2-Panel Interior Doors</li> 
 <li>Carpet Type Or Grade:&nbsp;5# Carpet Pad / New Wave 25oz Carpet</li> 
</ul>",Utilities Specifications,"<ul> 
 <li>Electrical Service:&nbsp;200 Amp Electrical Service</li> 
 <li>Electrical Wiring:&nbsp;All Copper Wiring</li> 
 <li>Furnace:&nbsp;Forced Air Elect Down Flow Furnace</li> 
 <li>Other:&nbsp;Receptacle at Fresh Water Inlet</li> 
 <li>Shut Off Valves Throughout:&nbsp;Whole House Shut-off Valve</li> 
 <li>Thermostat:&nbsp;EcoBee T-Stat</li> 
 <li>Washer Dryer Hook Up:&nbsp;Plumbed/Wire For Washer and Dryer</li> 
 <li>Water Heater:&nbsp;40 Gallon Electric Water Heater</li> 
 <li>Water Shut Off Valves:&nbsp;Shut-Off Valves at Toilets &amp; Sinks</li> 
</ul>",Kitchen & Baths Specifications,"<p>&nbsp;</p> 
<p><u><strong>Kitchen&nbsp;Specifications</strong></u></p> 
<ul> 
 <li>Kitchen Sink:&nbsp;Kitchen Sink 8” Stainless Steel</li> 
 <li>Kitchen Refrigerator:&nbsp;Frigidaire 18 cu ft Refrigerator</li> 
 <li>Kitchen Range Type:&nbsp;Frigidaire Free Standing Range</li> 
 <li>Kitchen Range Hood:&nbsp;30” Lighted Exhaust Fan over Range</li> 
 <li>Kitchen Lighting:&nbsp;Recessed Lights (Qty. Per Model)</li> 
 <li>Kitchen Flooring:&nbsp;No-Wax Vinyl Flooring</li> 
 <li>Kitchen Faucets:&nbsp;Single Lever Faucet with Sprayer</li> 
 <li>Kitchen Countertops:&nbsp;Laminated Counter Tops / Crescent Edge T/Out</li> 
 <li>Kitchen Additional Specs:&nbsp;Fire Extinguisher Under Sink</li> 
</ul> 
<p>&nbsp;</p> 
<p><strong><u>Baths Specifications</u></strong></p> 
<ul> 
 <li>Bathroom Sink:&nbsp;China Lavy Sinks</li> 
 <li>Bathroom Lighting:&nbsp;Recessed Lights (Per Model)</li> 
 <li>Bathroom Flooring:&nbsp;No-Wax Vinyl Flooring</li> 
 <li>Bathroom Countertops:&nbsp;Laminated Counter Tops / Crescent Edge T/Out</li> 
 <li>Bathroom Faucets:&nbsp;Adjustable Shower Heads</li> 
 <li>Bathroom Fans:&nbsp;Exhaust Fans w/Light in each Bath</li> 
 <li>Bathroom Toilet Type:&nbsp;Elongated Toilets</li> 
 <li>Bathroom Bathtubs:&nbsp;60” Fiberglass Tub/Shower in each Bath</li> 
</ul>",,,,,,,Golden West
product_GWdrm-563F,Product,Dream Silver / 563F,"<p><strong>BEDS:</strong>&nbsp;3&nbsp; &nbsp; &nbsp;<strong>BATHS:</strong>&nbsp;2&nbsp; &nbsp; &nbsp;<strong>SQ FT:</strong>&nbsp;1512&nbsp; &nbsp; &nbsp;</p><p><strong>W X L:</strong>&nbsp;27′ &nbsp;x 56′</p><p>The Dream Silver / DRM 563F built by Golden West Homes offers 1,512 square feet of thoughtfully arranged living space, featuring 3 bedrooms and 2 bathrooms. This manufactured home is designed to bring comfort and style together, with open living areas perfect for family gatherings and private bedrooms that create a cozy retreat. The DRM 563F is a fantastic choice for families or individuals seeking a modern, functional home that combines practicality with a warm, welcoming atmosphere for daily living.</p>",866235_8325f44c437145db995d45b7887fbe03~mv2.webp;866235_fc4b045b92d3468cb4fdd173fe16b682~mv2.webp,"Golden West;Dream Silver;1,500 - 2,000;Double-Section",DRM563F,"1,512 SQ FT",0,,TRUE,PERCENT,0,InStock,,,,,,,,,,,,,,,,,,,,,3D Tour and Downloads,"<p>&nbsp;</p> 
<p><a href=""https://momento360.com/e/uc/1d19c6ab0e5b4fb3b07374568da44d16"" target=""_blank&quot;""><u>Click Here for Virtual Tour</u></a></p>
<p><u><a href=""https://raw.githubusercontent.com/CadelMVH/Wix-Gallery-Downloads/main/DRM/563F.pdf"" target=""_blank&quot;"">Click Here to Download PDF</a></u></p>",Construction Specifications,"<ul> 
 <li>Additional Specs:&nbsp;In-Floor Waste Plumbing / Kiln Dried Framing Lumber / GFI Receptacle at all Wet Areas</li> 
 <li>Exterior Wall On Center:&nbsp;16” O.C.</li> 
 <li>Exterior Wall Studs:&nbsp;2'x6' Exterior Walls</li> 
 <li>Floor Decking:&nbsp;19/32” OSB T&amp;G Floor Decking</li> 
 <li>Floor Joists:&nbsp;2x6 Floor Joists -16” O.C.</li> 
 <li>Roof Load:&nbsp;30# Roof Load</li> 
 <li>Side Wall Height:&nbsp;96” Sidewall (Flat Ceiling)</li> 
 <li>Insulation (Floors):&nbsp;R-33</li> 
 <li>Insulation (Walls):&nbsp;R-21</li> 
 <li>Insulation (Ceiling):&nbsp;R-40</li> 
</ul>",Exterior Specifications,"<ul> 
 <li>Additional Specs:&nbsp;2x8 Rough Sawn / Continuous Eave Soffit Venting / Ridge Style Roof Venting / Deadbolts on Front and Rear Doors</li> 
 <li>Front Door:&nbsp;36” Front Doors</li> 
 <li>Rear Door:&nbsp;36” Rear Doors</li> 
 <li>Roof Pitch:&nbsp;3:12 (4:12 pitch single sections)</li> 
 <li>Shingles:&nbsp;Architectural Shingles</li> 
 <li>Siding:&nbsp;LP Smart Panel Siding w/5/50 year warranty</li> 
 <li>Window Trim:&nbsp;4” Window Trim</li> 
 <li>Window Type:&nbsp;Dual Pane Low-E Windows</li> 
 <li>Exterior Lighting:&nbsp;Porch Lights at each Exterior Entry</li> 
 <li>Front Rear Eaves:&nbsp;Exterior 14"" Eaves Double wide, 6"" Single wide</li> 
 <li>Exterior Outlets:&nbsp;Exterior 2 GFI Standard</li> 
</ul>",Interior Specifications,"<ul> 
 <li>Ceiling Texture:&nbsp;Brocade Style Ceiling Drywall Finish</li> 
 <li>Door Carpet Type:&nbsp;Entry Lino</li> 
 <li>Safety Alarms:&nbsp;Smoke Alarms, Bdrms &amp; Living Areas</li> 
 <li>Window Type:&nbsp;Wood Window Interior Wrap / Egress Windows in all Bedrooms</li> 
 <li>Molding:&nbsp;Baseboard Molding in Lino Areas</li> 
 <li>Wall Finish:&nbsp;Tape and Texture Drywall Throughout / Square Sheetrock Corners</li> 
 <li>Interior Doors:&nbsp;2-Panel Interior Doors</li> 
 <li>Carpet Type Or Grade:&nbsp;5# Carpet Pad / New Wave 25oz Carpet</li> 
</ul>",Utilities Specifications,"<ul> 
 <li>Electrical Service:&nbsp;200 Amp Electrical Service</li> 
 <li>Electrical Wiring:&nbsp;All Copper Wiring</li> 
 <li>Furnace:&nbsp;Forced Air Elect Down Flow Furnace</li> 
 <li>Other:&nbsp;Receptacle at Fresh Water Inlet</li> 
 <li>Shut Off Valves Throughout:&nbsp;Whole House Shut-off Valve</li> 
 <li>Thermostat:&nbsp;EcoBee T-Stat</li> 
 <li>Washer Dryer Hook Up:&nbsp;Plumbed/Wire For Washer and Dryer</li> 
 <li>Water Heater:&nbsp;40 Gallon Electric Water Heater</li> 
 <li>Water Shut Off Valves:&nbsp;Shut-Off Valves at Toilets &amp; Sinks</li> 
</ul>",Kitchen & Baths Specifications,"<p>&nbsp;</p> 
<p><u><strong>Kitchen&nbsp;Specifications</strong></u></p> 
<ul> 
 <li>Kitchen Sink:&nbsp;Kitchen Sink 8” Stainless Steel</li> 
 <li>Kitchen Refrigerator:&nbsp;Frigidaire 18 cu ft Refrigerator</li> 
 <li>Kitchen Range Type:&nbsp;Frigidaire Free Standing Range</li> 
 <li>Kitchen Range Hood:&nbsp;30” Lighted Exhaust Fan over Range</li> 
 <li>Kitchen Lighting:&nbsp;Recessed Lights (Qty. Per Model)</li> 
 <li>Kitchen Flooring:&nbsp;No-Wax Vinyl Flooring</li> 
 <li>Kitchen Faucets:&nbsp;Single Lever Faucet with Sprayer</li> 
 <li>Kitchen Countertops:&nbsp;Laminated Counter Tops / Crescent Edge T/Out</li> 
 <li>Kitchen Additional Specs:&nbsp;Fire Extinguisher Under Sink</li> 
</ul> 
<p>&nbsp;</p> 
<p><strong><u>Baths Specifications</u></strong></p> 
<ul> 
 <li>Bathroom Sink:&nbsp;China Lavy Sinks</li> 
 <li>Bathroom Lighting:&nbsp;Recessed Lights (Per Model)</li> 
 <li>Bathroom Flooring:&nbsp;No-Wax Vinyl Flooring</li> 
 <li>Bathroom Countertops:&nbsp;Laminated Counter Tops / Crescent Edge T/Out</li> 
 <li>Bathroom Faucets:&nbsp;Adjustable Shower Heads</li> 
 <li>Bathroom Fans:&nbsp;Exhaust Fans w/Light in each Bath</li> 
 <li>Bathroom Toilet Type:&nbsp;Elongated Toilets</li> 
 <li>Bathroom Bathtubs:&nbsp;60” Fiberglass Tub/Shower in each Bath</li> 
</ul>",,,,,,,Golden West
product_GWdrm-564F,Product,Dream Silver / 564F,"<p><strong>BEDS:</strong>&nbsp;3&nbsp; &nbsp; &nbsp;<strong>BATHS:</strong>&nbsp;2&nbsp; &nbsp; &nbsp;<strong>SQ FT:</strong>&nbsp;1,512&nbsp; &nbsp; &nbsp;</p><p><strong>W X L:</strong>&nbsp;27′&nbsp;x 56′&nbsp;</p><p>The Dream Silver / DRM 564F built by Golden West Albany offers a cozy yet roomy retreat with 3 bedrooms, 2 bathrooms, and 1512 square feet of living space designed with everyday comfort in mind. Whether you’re gathering with loved ones or enjoying quiet moments, the layout supports both connection and relaxation. The DRM 564F brings together functionality and charm, making it a wonderful choice for anyone looking to enjoy the comforts of a welcoming home.</p>",866235_28e4fadacaf042a189ad58b62d2180c5~mv2.webp;866235_35f61fc3b1d949ef89bf0d80e60292d6~mv2.webp,"Golden West;Dream Silver;1,500 - 2,000;Double-Section",DRM564F,"1,512 SQ FT",0,,TRUE,PERCENT,0,InStock,,,,,,,,,,,,,,,,,,,,,3D Tour and Downloads,"<p><u><a href=""https://raw.githubusercontent.com/CadelMVH/Wix-Gallery-Downloads/main/DRM/564F.pdf"" target=""_blank&quot;"">Click Here to Download PDF</a></u></p>",Construction Specifications,"<ul> 
 <li>Additional Specs:&nbsp;In-Floor Waste Plumbing / Kiln Dried Framing Lumber / GFI Receptacle at all Wet Areas</li> 
 <li>Exterior Wall On Center:&nbsp;16” O.C.</li> 
 <li>Exterior Wall Studs:&nbsp;2'x6' Exterior Walls</li> 
 <li>Floor Decking:&nbsp;19/32” OSB T&amp;G Floor Decking</li> 
 <li>Floor Joists:&nbsp;2x6 Floor Joists -16” O.C.</li> 
 <li>Roof Load:&nbsp;30# Roof Load</li> 
 <li>Side Wall Height:&nbsp;96” Sidewall (Flat Ceiling)</li> 
 <li>Insulation (Floors):&nbsp;R-33</li> 
 <li>Insulation (Walls):&nbsp;R-21</li> 
 <li>Insulation (Ceiling):&nbsp;R-40</li> 
</ul>",Exterior Specifications,"<ul> 
 <li>Additional Specs:&nbsp;2x8 Rough Sawn / Continuous Eave Soffit Venting / Ridge Style Roof Venting / Deadbolts on Front and Rear Doors</li> 
 <li>Front Door:&nbsp;36” Front Doors</li> 
 <li>Rear Door:&nbsp;36” Rear Doors</li> 
 <li>Roof Pitch:&nbsp;3:12 (4:12 pitch single sections)</li> 
 <li>Shingles:&nbsp;Architectural Shingles</li> 
 <li>Siding:&nbsp;LP Smart Panel Siding w/5/50 year warranty</li> 
 <li>Window Trim:&nbsp;4” Window Trim</li> 
 <li>Window Type:&nbsp;Dual Pane Low-E Windows</li> 
 <li>Exterior Lighting:&nbsp;Porch Lights at each Exterior Entry</li> 
 <li>Front Rear Eaves:&nbsp;Exterior 14"" Eaves Double wide, 6"" Single wide</li> 
 <li>Exterior Outlets:&nbsp;Exterior 2 GFI Standard</li> 
</ul>",Interior Specifications,"<ul> 
 <li>Ceiling Texture:&nbsp;Brocade Style Ceiling Drywall Finish</li> 
 <li>Door Carpet Type:&nbsp;Entry Lino</li> 
 <li>Safety Alarms:&nbsp;Smoke Alarms, Bdrms &amp; Living Areas</li> 
 <li>Window Type:&nbsp;Wood Window Interior Wrap / Egress Windows in all Bedrooms</li> 
 <li>Molding:&nbsp;Baseboard Molding in Lino Areas</li> 
 <li>Wall Finish:&nbsp;Tape and Texture Drywall Throughout / Square Sheetrock Corners</li> 
 <li>Interior Doors:&nbsp;2-Panel Interior Doors</li> 
 <li>Carpet Type Or Grade:&nbsp;5# Carpet Pad / New Wave 25oz Carpet</li> 
</ul>",Utilities Specifications,"<ul> 
 <li>Electrical Service:&nbsp;200 Amp Electrical Service</li> 
 <li>Electrical Wiring:&nbsp;All Copper Wiring</li> 
 <li>Furnace:&nbsp;Forced Air Elect Down Flow Furnace</li> 
 <li>Other:&nbsp;Receptacle at Fresh Water Inlet</li> 
 <li>Shut Off Valves Throughout:&nbsp;Whole House Shut-off Valve</li> 
 <li>Thermostat:&nbsp;EcoBee T-Stat</li> 
 <li>Washer Dryer Hook Up:&nbsp;Plumbed/Wire For Washer and Dryer</li> 
 <li>Water Heater:&nbsp;40 Gallon Electric Water Heater</li> 
 <li>Water Shut Off Valves:&nbsp;Shut-Off Valves at Toilets &amp; Sinks</li> 
</ul>",Kitchen & Baths Specifications,"<p>&nbsp;</p> 
<p><u><strong>Kitchen&nbsp;Specifications</strong></u></p> 
<ul> 
 <li>Kitchen Sink:&nbsp;Kitchen Sink 8” Stainless Steel</li> 
 <li>Kitchen Refrigerator:&nbsp;Frigidaire 18 cu ft Refrigerator</li> 
 <li>Kitchen Range Type:&nbsp;Frigidaire Free Standing Range</li> 
 <li>Kitchen Range Hood:&nbsp;30” Lighted Exhaust Fan over Range</li> 
 <li>Kitchen Lighting:&nbsp;Recessed Lights (Qty. Per Model)</li> 
 <li>Kitchen Flooring:&nbsp;No-Wax Vinyl Flooring</li> 
 <li>Kitchen Faucets:&nbsp;Single Lever Faucet with Sprayer</li> 
 <li>Kitchen Countertops:&nbsp;Laminated Counter Tops / Crescent Edge T/Out</li> 
 <li>Kitchen Additional Specs:&nbsp;Fire Extinguisher Under Sink</li> 
</ul> 
<p>&nbsp;</p> 
<p><strong><u>Baths Specifications</u></strong></p> 
<ul> 
 <li>Bathroom Sink:&nbsp;China Lavy Sinks</li> 
 <li>Bathroom Lighting:&nbsp;Recessed Lights (Per Model)</li> 
 <li>Bathroom Flooring:&nbsp;No-Wax Vinyl Flooring</li> 
 <li>Bathroom Countertops:&nbsp;Laminated Counter Tops / Crescent Edge T/Out</li> 
 <li>Bathroom Faucets:&nbsp;Adjustable Shower Heads</li> 
 <li>Bathroom Fans:&nbsp;Exhaust Fans w/Light in each Bath</li> 
 <li>Bathroom Toilet Type:&nbsp;Elongated Toilets</li> 
 <li>Bathroom Bathtubs:&nbsp;60” Fiberglass Tub/Shower in each Bath</li> 
</ul>",,,,,,,Golden West
product_GWdrm-601F,Product,Dream Silver / 601F,"<p><strong>BEDS:</strong>&nbsp;4&nbsp; &nbsp; &nbsp;<strong>BATHS:</strong>&nbsp;2&nbsp; &nbsp; &nbsp;<strong>SQ FT:</strong>&nbsp;1,620&nbsp; &nbsp; &nbsp;</p><p><strong>W X L:</strong>&nbsp;27′ &nbsp;x 60′&nbsp;</p><p>The Dream Silver / DRM 601F built by Golden West Homes offers a spacious 1,620 square feet of living space, featuring 4 bedrooms and 2 bathrooms. This manufactured home is designed to cater to family needs, with an inviting open layout perfect for gathering and private bedrooms that offer a peaceful escape. The DRM 601F is a fantastic choice for those seeking a home that blends modern style with practicality, providing ample space and comfort for everyday living or entertaining in a relaxed atmosphere.</p>",866235_6c1735df48f248c5bd1a8d714a872e4e~mv2.webp;866235_064b0a8dad924ea58cc3b677e24f7465~mv2.webp,"Golden West;Dream Silver;1,500 - 2,000;Double-Section",DRM601F,"1,620 SQ FT",0,,TRUE,PERCENT,0,InStock,,,,,,,,,,,,,,,,,,,,,3D Tour and Downloads,"<p>&nbsp;</p> 
<p><a href=""https://momento360.com/e/uc/776afbbba42b43bab9807701223322bb"" target=""_blank&quot;""><u>Click Here for Virtual Tour</u></a></p>
<p><u><a href=""https://raw.githubusercontent.com/CadelMVH/Wix-Gallery-Downloads/main/DRM/601F.pdf"" target=""_blank&quot;"">Click Here to Download PDF</a></u></p>",Construction Specifications,"<ul> 
 <li>Additional Specs:&nbsp;In-Floor Waste Plumbing / Kiln Dried Framing Lumber / GFI Receptacle at all Wet Areas</li> 
 <li>Exterior Wall On Center:&nbsp;16” O.C.</li> 
 <li>Exterior Wall Studs:&nbsp;2'x6' Exterior Walls</li> 
 <li>Floor Decking:&nbsp;19/32” OSB T&amp;G Floor Decking</li> 
 <li>Floor Joists:&nbsp;2x6 Floor Joists -16” O.C.</li> 
 <li>Roof Load:&nbsp;30# Roof Load</li> 
 <li>Side Wall Height:&nbsp;96” Sidewall (Flat Ceiling)</li> 
 <li>Insulation (Floors):&nbsp;R-33</li> 
 <li>Insulation (Walls):&nbsp;R-21</li> 
 <li>Insulation (Ceiling):&nbsp;R-40</li> 
</ul>",Exterior Specifications,"<ul> 
 <li>Additional Specs:&nbsp;2x8 Rough Sawn / Continuous Eave Soffit Venting / Ridge Style Roof Venting / Deadbolts on Front and Rear Doors</li> 
 <li>Front Door:&nbsp;36” Front Doors</li> 
 <li>Rear Door:&nbsp;36” Rear Doors</li> 
 <li>Roof Pitch:&nbsp;3:12 (4:12 pitch single sections)</li> 
 <li>Shingles:&nbsp;Architectural Shingles</li> 
 <li>Siding:&nbsp;LP Smart Panel Siding w/5/50 year warranty</li> 
 <li>Window Trim:&nbsp;4” Window Trim</li> 
 <li>Window Type:&nbsp;Dual Pane Low-E Windows</li> 
 <li>Exterior Lighting:&nbsp;Porch Lights at each Exterior Entry</li> 
 <li>Front Rear Eaves:&nbsp;Exterior 14"" Eaves Double wide, 6"" Single wide</li> 
 <li>Exterior Outlets:&nbsp;Exterior 2 GFI Standard</li> 
</ul>",Interior Specifications,"<ul> 
 <li>Ceiling Texture:&nbsp;Brocade Style Ceiling Drywall Finish</li> 
 <li>Door Carpet Type:&nbsp;Entry Lino</li> 
 <li>Safety Alarms:&nbsp;Smoke Alarms, Bdrms &amp; Living Areas</li> 
 <li>Window Type:&nbsp;Wood Window Interior Wrap / Egress Windows in all Bedrooms</li> 
 <li>Molding:&nbsp;Baseboard Molding in Lino Areas</li> 
 <li>Wall Finish:&nbsp;Tape and Texture Drywall Throughout / Square Sheetrock Corners</li> 
 <li>Interior Doors:&nbsp;2-Panel Interior Doors</li> 
 <li>Carpet Type Or Grade:&nbsp;5# Carpet Pad / New Wave 25oz Carpet</li> 
</ul>",Utilities Specifications,"<ul> 
 <li>Electrical Service:&nbsp;200 Amp Electrical Service</li> 
 <li>Electrical Wiring:&nbsp;All Copper Wiring</li> 
 <li>Furnace:&nbsp;Forced Air Elect Down Flow Furnace</li> 
 <li>Other:&nbsp;Receptacle at Fresh Water Inlet</li> 
 <li>Shut Off Valves Throughout:&nbsp;Whole House Shut-off Valve</li> 
 <li>Thermostat:&nbsp;EcoBee T-Stat</li> 
 <li>Washer Dryer Hook Up:&nbsp;Plumbed/Wire For Washer and Dryer</li> 
 <li>Water Heater:&nbsp;40 Gallon Electric Water Heater</li> 
 <li>Water Shut Off Valves:&nbsp;Shut-Off Valves at Toilets &amp; Sinks</li> 
</ul>",Kitchen & Baths Specifications,"<p>&nbsp;</p> 
<p><u><strong>Kitchen&nbsp;Specifications</strong></u></p> 
<ul> 
 <li>Kitchen Sink:&nbsp;Kitchen Sink 8” Stainless Steel</li> 
 <li>Kitchen Refrigerator:&nbsp;Frigidaire 18 cu ft Refrigerator</li> 
 <li>Kitchen Range Type:&nbsp;Frigidaire Free Standing Range</li> 
 <li>Kitchen Range Hood:&nbsp;30” Lighted Exhaust Fan over Range</li> 
 <li>Kitchen Lighting:&nbsp;Recessed Lights (Qty. Per Model)</li> 
 <li>Kitchen Flooring:&nbsp;No-Wax Vinyl Flooring</li> 
 <li>Kitchen Faucets:&nbsp;Single Lever Faucet with Sprayer</li> 
 <li>Kitchen Countertops:&nbsp;Laminated Counter Tops / Crescent Edge T/Out</li> 
 <li>Kitchen Additional Specs:&nbsp;Fire Extinguisher Under Sink</li> 
</ul> 
<p>&nbsp;</p> 
<p><strong><u>Baths Specifications</u></strong></p> 
<ul> 
 <li>Bathroom Sink:&nbsp;China Lavy Sinks</li> 
 <li>Bathroom Lighting:&nbsp;Recessed Lights (Per Model)</li> 
 <li>Bathroom Flooring:&nbsp;No-Wax Vinyl Flooring</li> 
 <li>Bathroom Countertops:&nbsp;Laminated Counter Tops / Crescent Edge T/Out</li> 
 <li>Bathroom Faucets:&nbsp;Adjustable Shower Heads</li> 
 <li>Bathroom Fans:&nbsp;Exhaust Fans w/Light in each Bath</li> 
 <li>Bathroom Toilet Type:&nbsp;Elongated Toilets</li> 
 <li>Bathroom Bathtubs:&nbsp;60” Fiberglass Tub/Shower in each Bath</li> 
</ul>",,,,,,,Golden West
product_GWdrm-682F,Product,Dream Silver / 682F,"<p><strong>BEDS:</strong>&nbsp;4&nbsp; &nbsp; &nbsp;<strong>BATHS:</strong>&nbsp;2&nbsp; &nbsp; &nbsp;<strong>SQ FT:</strong>&nbsp;1,836&nbsp; &nbsp; &nbsp;</p><p><strong>W X L:</strong>&nbsp;27′&nbsp;x 68′</p><p>The Dream Silver / DRM 682F built by Golden West Homes provides a generous 1,836 square feet of living space, including 4 bedrooms and 2 bathrooms. This manufactured home is thoughtfully designed to meet the needs of a busy household, featuring open common areas that encourage gathering and secluded bedrooms that offer a peaceful retreat. The DRM 682F is ideal for families or individuals seeking a spacious, modern home that effortlessly combines functionality with a warm, inviting atmosphere.</p>",866235_796bc816b5d148928d8e273cbd4fe7d5~mv2.webp;866235_60515e1535b24366b8cc2434bec1aa0e~mv2.webp,"Golden West;Dream Silver;1,500 - 2,000;Double-Section",DRM682F,"1,836 SQ FT",0,,TRUE,PERCENT,0,InStock,,,,,,,,,,,,,,,,,,,,,3D Tour and Downloads,"<p><u><a href=""https://raw.githubusercontent.com/CadelMVH/Wix-Gallery-Downloads/main/DRM/682F.pdf"" target=""_blank&quot;"">Click Here to Download PDF</a></u></p>",Construction Specifications,"<ul> 
 <li>Additional Specs:&nbsp;In-Floor Waste Plumbing / Kiln Dried Framing Lumber / GFI Receptacle at all Wet Areas</li> 
 <li>Exterior Wall On Center:&nbsp;16” O.C.</li> 
 <li>Exterior Wall Studs:&nbsp;2'x6' Exterior Walls</li> 
 <li>Floor Decking:&nbsp;19/32” OSB T&amp;G Floor Decking</li> 
 <li>Floor Joists:&nbsp;2x6 Floor Joists -16” O.C.</li> 
 <li>Roof Load:&nbsp;30# Roof Load</li> 
 <li>Side Wall Height:&nbsp;96” Sidewall (Flat Ceiling)</li> 
 <li>Insulation (Floors):&nbsp;R-33</li> 
 <li>Insulation (Walls):&nbsp;R-21</li> 
 <li>Insulation (Ceiling):&nbsp;R-40</li> 
</ul>",Exterior Specifications,"<ul> 
 <li>Additional Specs:&nbsp;2x8 Rough Sawn / Continuous Eave Soffit Venting / Ridge Style Roof Venting / Deadbolts on Front and Rear Doors</li> 
 <li>Front Door:&nbsp;36” Front Doors</li> 
 <li>Rear Door:&nbsp;36” Rear Doors</li> 
 <li>Roof Pitch:&nbsp;3:12 (4:12 pitch single sections)</li> 
 <li>Shingles:&nbsp;Architectural Shingles</li> 
 <li>Siding:&nbsp;LP Smart Panel Siding w/5/50 year warranty</li> 
 <li>Window Trim:&nbsp;4” Window Trim</li> 
 <li>Window Type:&nbsp;Dual Pane Low-E Windows</li> 
 <li>Exterior Lighting:&nbsp;Porch Lights at each Exterior Entry</li> 
 <li>Front Rear Eaves:&nbsp;Exterior 14"" Eaves Double wide, 6"" Single wide</li> 
 <li>Exterior Outlets:&nbsp;Exterior 2 GFI Standard</li> 
</ul>",Interior Specifications,"<ul> 
 <li>Ceiling Texture:&nbsp;Brocade Style Ceiling Drywall Finish</li> 
 <li>Door Carpet Type:&nbsp;Entry Lino</li> 
 <li>Safety Alarms:&nbsp;Smoke Alarms, Bdrms &amp; Living Areas</li> 
 <li>Window Type:&nbsp;Wood Window Interior Wrap / Egress Windows in all Bedrooms</li> 
 <li>Molding:&nbsp;Baseboard Molding in Lino Areas</li> 
 <li>Wall Finish:&nbsp;Tape and Texture Drywall Throughout / Square Sheetrock Corners</li> 
 <li>Interior Doors:&nbsp;2-Panel Interior Doors</li> 
 <li>Carpet Type Or Grade:&nbsp;5# Carpet Pad / New Wave 25oz Carpet</li> 
</ul>",Utilities Specifications,"<ul> 
 <li>Electrical Service:&nbsp;200 Amp Electrical Service</li> 
 <li>Electrical Wiring:&nbsp;All Copper Wiring</li> 
 <li>Furnace:&nbsp;Forced Air Elect Down Flow Furnace</li> 
 <li>Other:&nbsp;Receptacle at Fresh Water Inlet</li> 
 <li>Shut Off Valves Throughout:&nbsp;Whole House Shut-off Valve</li> 
 <li>Thermostat:&nbsp;EcoBee T-Stat</li> 
 <li>Washer Dryer Hook Up:&nbsp;Plumbed/Wire For Washer and Dryer</li> 
 <li>Water Heater:&nbsp;40 Gallon Electric Water Heater</li> 
 <li>Water Shut Off Valves:&nbsp;Shut-Off Valves at Toilets &amp; Sinks</li> 
</ul>",Kitchen & Baths Specifications,"<p>&nbsp;</p> 
<p><u><strong>Kitchen&nbsp;Specifications</strong></u></p> 
<ul> 
 <li>Kitchen Sink:&nbsp;Kitchen Sink 8” Stainless Steel</li> 
 <li>Kitchen Refrigerator:&nbsp;Frigidaire 18 cu ft Refrigerator</li> 
 <li>Kitchen Range Type:&nbsp;Frigidaire Free Standing Range</li> 
 <li>Kitchen Range Hood:&nbsp;30” Lighted Exhaust Fan over Range</li> 
 <li>Kitchen Lighting:&nbsp;Recessed Lights (Qty. Per Model)</li> 
 <li>Kitchen Flooring:&nbsp;No-Wax Vinyl Flooring</li> 
 <li>Kitchen Faucets:&nbsp;Single Lever Faucet with Sprayer</li> 
 <li>Kitchen Countertops:&nbsp;Laminated Counter Tops / Crescent Edge T/Out</li> 
 <li>Kitchen Additional Specs:&nbsp;Fire Extinguisher Under Sink</li> 
</ul> 
<p>&nbsp;</p> 
<p><strong><u>Baths Specifications</u></strong></p> 
<ul> 
 <li>Bathroom Sink:&nbsp;China Lavy Sinks</li> 
 <li>Bathroom Lighting:&nbsp;Recessed Lights (Per Model)</li> 
 <li>Bathroom Flooring:&nbsp;No-Wax Vinyl Flooring</li> 
 <li>Bathroom Countertops:&nbsp;Laminated Counter Tops / Crescent Edge T/Out</li> 
 <li>Bathroom Faucets:&nbsp;Adjustable Shower Heads</li> 
 <li>Bathroom Fans:&nbsp;Exhaust Fans w/Light in each Bath</li> 
 <li>Bathroom Toilet Type:&nbsp;Elongated Toilets</li> 
 <li>Bathroom Bathtubs:&nbsp;60” Fiberglass Tub/Shower in each Bath</li> 
</ul>",,,,,,,Golden West
product_GWdrm-683F,Product,Dream Silver / DRM 683F,"<p><strong>BEDS:</strong>&nbsp;3&nbsp; &nbsp; &nbsp;<strong>BATHS:</strong>&nbsp;2&nbsp; &nbsp; &nbsp;<strong>SQ FT:</strong>&nbsp;1,836&nbsp; &nbsp; &nbsp;</p><p><strong>W X L:</strong>&nbsp;27′ &nbsp;x 68′&nbsp;</p><p>The Dream Silver / DRM 683F built by Golden West Albany is a beautifully crafted manufactured home offering 3 bedrooms, 2 bathrooms, and 1836 square feet of living space designed for comfort and ease. From its warm layout to its thoughtfully arranged features, this home is perfect for families ready to settle into something special. The DRM 683F delivers everyday functionality with a homestyle charm you’ll feel the moment you walk in.</p><p>&nbsp;</p><p><strong>3D Tour</strong></p><p><a href=""https://my.matterport.com/show/?m=MdLCFmoRemw"">https://my.matterport.com/show/?m=MdLCFmoRemw</a></p>",866235_c307e11a8ad34117a144001db08f881b~mv2.png;866235_9c22a8cd4b4f435d8e5e907aacf10808~mv2.webp;866235_1efc332b3edc4966b96a9d76993235b3~mv2.jpg;866235_ff2e7313a2c4404c972651774baba84e~mv2.jpg;866235_dd01d824f2c34a14b243ab7c9a008165~mv2.jpg;866235_cc201bc82886480297d403406b5fe3fc~mv2.jpg;866235_952c1d4bb6504a89adfe32c5e19aff1e~mv2.jpg;866235_3280c937142248c6aadab8fc73b22752~mv2.jpg;866235_7108ec77bb29403bbbc445f68cec424d~mv2.jpg;866235_e46a77cabbd94aaca19fa8b1fd043347~mv2.jpg;866235_4a326c3c50f4443d843214b9577923b8~mv2.jpg,"Double-Section;Golden West;1,500 - 2,000;Dream Silver",DRM683F,"1,836 SQ FT",0,,TRUE,PERCENT,0,InStock,,,,,,,,,,,,,,,,,,,,,3D Tour and Downloads,"<p>&nbsp;</p> 
<p><a href=""https://momento360.com/e/uc/4051bc8454b04151bc560f40fe55ebd5"" target=""_blank&quot;""><u>Click Here for Virtual Tour</u></a></p>
<p><u><a href=""https://raw.githubusercontent.com/CadelMVH/Wix-Gallery-Downloads/main/DRM/683F.pdf"" target=""_blank&quot;"">Click Here to Download PDF</a></u></p>",Construction Specifications,"<ul> 
 <li>Additional Specs:&nbsp;In-Floor Waste Plumbing / Kiln Dried Framing Lumber / GFI Receptacle at all Wet Areas</li> 
 <li>Exterior Wall On Center:&nbsp;16” O.C.</li> 
 <li>Exterior Wall Studs:&nbsp;2'x6' Exterior Walls</li> 
 <li>Floor Decking:&nbsp;19/32” OSB T&amp;G Floor Decking</li> 
 <li>Floor Joists:&nbsp;2x6 Floor Joists -16” O.C.</li> 
 <li>Roof Load:&nbsp;30# Roof Load</li> 
 <li>Side Wall Height:&nbsp;96” Sidewall (Flat Ceiling)</li> 
 <li>Insulation (Floors):&nbsp;R-33</li> 
 <li>Insulation (Walls):&nbsp;R-21</li> 
 <li>Insulation (Ceiling):&nbsp;R-40</li> 
</ul>",Exterior Specifications,"<ul> 
 <li>Additional Specs:&nbsp;2x8 Rough Sawn / Continuous Eave Soffit Venting / Ridge Style Roof Venting / Deadbolts on Front and Rear Doors</li> 
 <li>Front Door:&nbsp;36” Front Doors</li> 
 <li>Rear Door:&nbsp;36” Rear Doors</li> 
 <li>Roof Pitch:&nbsp;3:12 (4:12 pitch single sections)</li> 
 <li>Shingles:&nbsp;Architectural Shingles</li> 
 <li>Siding:&nbsp;LP Smart Panel Siding w/5/50 year warranty</li> 
 <li>Window Trim:&nbsp;4” Window Trim</li> 
 <li>Window Type:&nbsp;Dual Pane Low-E Windows</li> 
 <li>Exterior Lighting:&nbsp;Porch Lights at each Exterior Entry</li> 
 <li>Front Rear Eaves:&nbsp;Exterior 14"" Eaves Double wide, 6"" Single wide</li> 
 <li>Exterior Outlets:&nbsp;Exterior 2 GFI Standard</li> 
</ul>",Interior Specifications,"<ul> 
 <li>Ceiling Texture:&nbsp;Brocade Style Ceiling Drywall Finish</li> 
 <li>Door Carpet Type:&nbsp;Entry Lino</li> 
 <li>Safety Alarms:&nbsp;Smoke Alarms, Bdrms &amp; Living Areas</li> 
 <li>Window Type:&nbsp;Wood Window Interior Wrap / Egress Windows in all Bedrooms</li> 
 <li>Molding:&nbsp;Baseboard Molding in Lino Areas</li> 
 <li>Wall Finish:&nbsp;Tape and Texture Drywall Throughout / Square Sheetrock Corners</li> 
 <li>Interior Doors:&nbsp;2-Panel Interior Doors</li> 
 <li>Carpet Type Or Grade:&nbsp;5# Carpet Pad / New Wave 25oz Carpet</li> 
</ul>",Utilities Specifications,"<ul> 
 <li>Electrical Service:&nbsp;200 Amp Electrical Service</li> 
 <li>Electrical Wiring:&nbsp;All Copper Wiring</li> 
 <li>Furnace:&nbsp;Forced Air Elect Down Flow Furnace</li> 
 <li>Other:&nbsp;Receptacle at Fresh Water Inlet</li> 
 <li>Shut Off Valves Throughout:&nbsp;Whole House Shut-off Valve</li> 
 <li>Thermostat:&nbsp;EcoBee T-Stat</li> 
 <li>Washer Dryer Hook Up:&nbsp;Plumbed/Wire For Washer and Dryer</li> 
 <li>Water Heater:&nbsp;40 Gallon Electric Water Heater</li> 
 <li>Water Shut Off Valves:&nbsp;Shut-Off Valves at Toilets &amp; Sinks</li> 
</ul>",Kitchen & Baths Specifications,"<p>&nbsp;</p> 
<p><u><strong>Kitchen&nbsp;Specifications</strong></u></p> 
<ul> 
 <li>Kitchen Sink:&nbsp;Kitchen Sink 8” Stainless Steel</li> 
 <li>Kitchen Refrigerator:&nbsp;Frigidaire 18 cu ft Refrigerator</li> 
 <li>Kitchen Range Type:&nbsp;Frigidaire Free Standing Range</li> 
 <li>Kitchen Range Hood:&nbsp;30” Lighted Exhaust Fan over Range</li> 
 <li>Kitchen Lighting:&nbsp;Recessed Lights (Qty. Per Model)</li> 
 <li>Kitchen Flooring:&nbsp;No-Wax Vinyl Flooring</li> 
 <li>Kitchen Faucets:&nbsp;Single Lever Faucet with Sprayer</li> 
 <li>Kitchen Countertops:&nbsp;Laminated Counter Tops / Crescent Edge T/Out</li> 
 <li>Kitchen Additional Specs:&nbsp;Fire Extinguisher Under Sink</li> 
</ul> 
<p>&nbsp;</p> 
<p><strong><u>Baths Specifications</u></strong></p> 
<ul> 
 <li>Bathroom Sink:&nbsp;China Lavy Sinks</li> 
 <li>Bathroom Lighting:&nbsp;Recessed Lights (Per Model)</li> 
 <li>Bathroom Flooring:&nbsp;No-Wax Vinyl Flooring</li> 
 <li>Bathroom Countertops:&nbsp;Laminated Counter Tops / Crescent Edge T/Out</li> 
 <li>Bathroom Faucets:&nbsp;Adjustable Shower Heads</li> 
 <li>Bathroom Fans:&nbsp;Exhaust Fans w/Light in each Bath</li> 
 <li>Bathroom Toilet Type:&nbsp;Elongated Toilets</li> 
 <li>Bathroom Bathtubs:&nbsp;60” Fiberglass Tub/Shower in each Bath</li> 
</ul>",,,,,,,Golden West
product_GWdrm-711F,Product,Dream Silver / 711F,"<p><strong>BEDS:</strong>&nbsp;3&nbsp; &nbsp; &nbsp;<strong>BATHS:</strong>&nbsp;2&nbsp; &nbsp; &nbsp;<strong>SQ FT:</strong>&nbsp;1,917&nbsp; &nbsp; &nbsp;</p><p><strong>W X L:</strong>&nbsp;27′ x 71′</p><p>The Dream Silver / DRM 711F built by Golden West Homes offers a spacious 1,917 square feet of living space, featuring 3 bedrooms and 2 bathrooms. This manufactured home is crafted for those who value both style and comfort, with expansive open areas ideal for family gatherings and private bedrooms that offer a peaceful retreat. The DRM 711F is a fantastic choice for families or individuals seeking a modern home that combines ample space with contemporary design, providing a welcoming setting for daily living and entertaining.</p>",866235_ce4ba76624074876acf84141ded0be17~mv2.webp;866235_7d4ea02c6afc4fccb301408481b8f1d0~mv2.webp,"Golden West;Dream Silver;1,500 - 2,000;Double-Section",DRM711F,"1,917 SQ FT",0,,TRUE,PERCENT,0,InStock,,,,,,,,,,,,,,,,,,,,,3D Tour and Downloads,"<p>&nbsp;</p> 
<p><a href=""https://momento360.com/e/uc/59124193dace45e286cc44cf8d6e4b81"" target=""_blank&quot;""><u>Click Here for Virtual Tour</u></a></p>
<p><u><a href=""https://raw.githubusercontent.com/CadelMVH/Wix-Gallery-Downloads/main/DRM/711F.pdf"" target=""_blank&quot;"">Click Here to Download PDF</a></u></p>",Construction Specifications,"<ul> 
 <li>Additional Specs:&nbsp;In-Floor Waste Plumbing / Kiln Dried Framing Lumber / GFI Receptacle at all Wet Areas</li> 
 <li>Exterior Wall On Center:&nbsp;16” O.C.</li> 
 <li>Exterior Wall Studs:&nbsp;2'x6' Exterior Walls</li> 
 <li>Floor Decking:&nbsp;19/32” OSB T&amp;G Floor Decking</li> 
 <li>Floor Joists:&nbsp;2x6 Floor Joists -16” O.C.</li> 
 <li>Roof Load:&nbsp;30# Roof Load</li> 
 <li>Side Wall Height:&nbsp;96” Sidewall (Flat Ceiling)</li> 
 <li>Insulation (Floors):&nbsp;R-33</li> 
 <li>Insulation (Walls):&nbsp;R-21</li> 
 <li>Insulation (Ceiling):&nbsp;R-40</li> 
</ul>",Exterior Specifications,"<ul> 
 <li>Additional Specs:&nbsp;2x8 Rough Sawn / Continuous Eave Soffit Venting / Ridge Style Roof Venting / Deadbolts on Front and Rear Doors</li> 
 <li>Front Door:&nbsp;36” Front Doors</li> 
 <li>Rear Door:&nbsp;36” Rear Doors</li> 
 <li>Roof Pitch:&nbsp;3:12 (4:12 pitch single sections)</li> 
 <li>Shingles:&nbsp;Architectural Shingles</li> 
 <li>Siding:&nbsp;LP Smart Panel Siding w/5/50 year warranty</li> 
 <li>Window Trim:&nbsp;4” Window Trim</li> 
 <li>Window Type:&nbsp;Dual Pane Low-E Windows</li> 
 <li>Exterior Lighting:&nbsp;Porch Lights at each Exterior Entry</li> 
 <li>Front Rear Eaves:&nbsp;Exterior 14"" Eaves Double wide, 6"" Single wide</li> 
 <li>Exterior Outlets:&nbsp;Exterior 2 GFI Standard</li> 
</ul>",Interior Specifications,"<ul> 
 <li>Ceiling Texture:&nbsp;Brocade Style Ceiling Drywall Finish</li> 
 <li>Door Carpet Type:&nbsp;Entry Lino</li> 
 <li>Safety Alarms:&nbsp;Smoke Alarms, Bdrms &amp; Living Areas</li> 
 <li>Window Type:&nbsp;Wood Window Interior Wrap / Egress Windows in all Bedrooms</li> 
 <li>Molding:&nbsp;Baseboard Molding in Lino Areas</li> 
 <li>Wall Finish:&nbsp;Tape and Texture Drywall Throughout / Square Sheetrock Corners</li> 
 <li>Interior Doors:&nbsp;2-Panel Interior Doors</li> 
 <li>Carpet Type Or Grade:&nbsp;5# Carpet Pad / New Wave 25oz Carpet</li> 
</ul>",Utilities Specifications,"<ul> 
 <li>Electrical Service:&nbsp;200 Amp Electrical Service</li> 
 <li>Electrical Wiring:&nbsp;All Copper Wiring</li> 
 <li>Furnace:&nbsp;Forced Air Elect Down Flow Furnace</li> 
 <li>Other:&nbsp;Receptacle at Fresh Water Inlet</li> 
 <li>Shut Off Valves Throughout:&nbsp;Whole House Shut-off Valve</li> 
 <li>Thermostat:&nbsp;EcoBee T-Stat</li> 
 <li>Washer Dryer Hook Up:&nbsp;Plumbed/Wire For Washer and Dryer</li> 
 <li>Water Heater:&nbsp;40 Gallon Electric Water Heater</li> 
 <li>Water Shut Off Valves:&nbsp;Shut-Off Valves at Toilets &amp; Sinks</li> 
</ul>",Kitchen & Baths Specifications,"<p>&nbsp;</p> 
<p><u><strong>Kitchen&nbsp;Specifications</strong></u></p> 
<ul> 
 <li>Kitchen Sink:&nbsp;Kitchen Sink 8” Stainless Steel</li> 
 <li>Kitchen Refrigerator:&nbsp;Frigidaire 18 cu ft Refrigerator</li> 
 <li>Kitchen Range Type:&nbsp;Frigidaire Free Standing Range</li> 
 <li>Kitchen Range Hood:&nbsp;30” Lighted Exhaust Fan over Range</li> 
 <li>Kitchen Lighting:&nbsp;Recessed Lights (Qty. Per Model)</li> 
 <li>Kitchen Flooring:&nbsp;No-Wax Vinyl Flooring</li> 
 <li>Kitchen Faucets:&nbsp;Single Lever Faucet with Sprayer</li> 
 <li>Kitchen Countertops:&nbsp;Laminated Counter Tops / Crescent Edge T/Out</li> 
 <li>Kitchen Additional Specs:&nbsp;Fire Extinguisher Under Sink</li> 
</ul> 
<p>&nbsp;</p> 
<p><strong><u>Baths Specifications</u></strong></p> 
<ul> 
 <li>Bathroom Sink:&nbsp;China Lavy Sinks</li> 
 <li>Bathroom Lighting:&nbsp;Recessed Lights (Per Model)</li> 
 <li>Bathroom Flooring:&nbsp;No-Wax Vinyl Flooring</li> 
 <li>Bathroom Countertops:&nbsp;Laminated Counter Tops / Crescent Edge T/Out</li> 
 <li>Bathroom Faucets:&nbsp;Adjustable Shower Heads</li> 
 <li>Bathroom Fans:&nbsp;Exhaust Fans w/Light in each Bath</li> 
 <li>Bathroom Toilet Type:&nbsp;Elongated Toilets</li> 
 <li>Bathroom Bathtubs:&nbsp;60” Fiberglass Tub/Shower in each Bath</li> 
</ul>",,,,,,,Golden West
product_GWing-362A,Product,Inspiration Gold Series / Myrtle ING362A,"<p><strong>BEDS:</strong>&nbsp;2&nbsp; &nbsp; &nbsp;<strong>BATHS:</strong>&nbsp;1&nbsp; &nbsp; &nbsp;<strong>SQ FT:</strong>&nbsp;852&nbsp; &nbsp; &nbsp;</p><p><strong>W X L:</strong>&nbsp;24′ x 36′</p><p>The Inspiration Gold Series / Myrtle ING 362A built by Golden West Homes offers 852 square feet of efficiently designed living space, featuring 2 bedrooms and 1 bathroom. This manufactured home combines comfort with functionality, presenting an open living area perfect for daily relaxation and private bedrooms that create a cozy retreat. The Myrtle ING 362A is an ideal choice for individuals or couples seeking a compact, modern home that maximizes space while providing a warm, inviting atmosphere for everyday living.</p>",866235_26af0973f8144873b8d72814e2a4b104~mv2.webp;866235_7442007ed1c9424c9ec1f187420fe66a~mv2.jpg,"Golden West;Inspiration Gold;500 - 1,000;Double-Section",ING362A,852 SQ FT,0,,TRUE,PERCENT,0,InStock,,,,,,,,,,,,,,,,,,,,,3D Tour and Downloads,"<p><u><a href=""https://raw.githubusercontent.com/CadelMVH/Wix-Gallery-Downloads/main/ING/ING362A.pdf"" target=""_blank"">Click Here to Download PDF</a></u></p> 
<p>&nbsp;</p> 
<p><a href=""https://my.matterport.com/show/?play=1&m=MgaR4onYsZB"" target=""_blank""><u>Click Here for Virtual Tour</u></a></p>",CONSTRUCTION FEATURES,"<ul>
	<li>2x6 Floor Joists-16”O.C.</li>
	<li>2x6 Exterior Walls-16”O.C.</li>
	<li>Foundation Ready</li>
	<li>Architectural Shingles</li>
	<li>19/32”OSB T&amp;G Floor Decking</li>
	<li>In-Floor Waste Plumbing</li>
	<li>Kiln Dried Framing Lumber</li>
	<li>108”Sidewall(Flat Ceiling)</li>
	<li>30# Roof Load</li>
	<li>2x8 Rough Sawn Fascia</li>
	<li>3/12 Nominal Pitch(4:12 pitch single wides)</li>
</ul>

<p>ENERGY SAVING FEATURES</p>

<ul>
	<li>ENERGY STAR Standard</li>
	<li>Dual Pane Low-E/Argon Windows</li>
	<li>6”Recessed LED lighting T/O·R-40 Ceiling Insulation, Blown-in</li>
	<li>R-21 Exterior Wall Insulation</li>
	<li>R-33 Floor Insulation</li>
</ul>
",EXTERIOR FEATURES,"<ul>
	<li>LP Smart Panel Sidingw/5/50 year warranty</li>
	<li>Whole House Wrap</li>
	<li>Gable Over Front Door(Per Model)</li>
	<li>36”Front and Rear Doors·Continuous Eave Soffit Venting</li>
	<li>Ridge Style Roof Venting·4”Window Trim</li>
	<li>14”Eaves(Dble Wide)6”Eaves(Single Wide)</li>
	<li>Exterior GFI Receptacle(1)</li>
</ul>
",INTERIOR FEATURES,"<ul>
	<li>Tape and Texture Drywall Throughout</li>
	<li>Round Sheetrock Corners</li>
	<li>Orange Peel Ceiling Drywall Finish</li>
	<li>Cabinet Doors Shaker</li>
	<li>No-Wax Vinyl Flooring(Kitchen,Utility,Baths)</li>
	<li>5# Carpet Pad</li>
	<li>Cape Cod 25oz Carpet</li>
	<li>Entry Lino</li>
	<li>Ceiling Fan w/Light(Living Rm)·Baseboard Molding in Vinyl Areas</li>
	<li>Laminated Counter Tops w/Splash(Baths)</li>
	<li>Ceramic/Glass B-Splash Kit.(Level #8)</li>
	<li>Crescent Edge T/Out</li>
	<li>Vented Wardrobe &amp; Linen Shelving</li>
	<li>Nickel Hardware Throughout</li>
	<li>Entertainment Center(Per Model)</li>
	<li>2-Panel Interior Doors</li>
	<li>Wood Window Interior Wrap</li>
	<li>Ceiling Coffer(2 Per Print) (No S/W)</li>
	<li>USB Port (1) Std</li>
	<li>Crown Molding (Living Area Only)</li>
</ul>
",KITCHEN & BATH FEATURES,"<p>KITCHEN</p>

<ul>
	<li>SAMSUNG Stainless Steel 18 c/f Refer w/icemaker</li>
	<li>SAMSUNG Stainless Steel Free Standing Glass Top Range</li>
	<li>30”Stainless Steel Exhaust Fan over Range</li>
	<li>Kitchen Sink8”Stainless Steel</li>
	<li>Single Lever Faucet with Sprayer</li>
	<li>Fire Extinguisher Under Sink</li>
</ul>

<p>BATHROOM</p>

<ul>
	<li>60”Fiberglass Tub/Shower in each Bath</li>
	<li>Adjustable Shower Heads</li>
	<li>China Lavy Sinks T/O(per model)</li>
	<li>Lavy Cabinet Height36”</li>
	<li>Exhaust Fan w/ Light in each Bath</li>
	<li>Wood Trimmed Mirrors</li>
	<li>Comfort Height Elongated Toilets</li>
	<li>Gun Slot Window Over T/S(Per Model)</li>
</ul>
",UTILITY FEATURES,"<ul>
	<li>All Electric Appliances</li>
	<li>200 Amp Electrical Service</li>
	<li>EcoBee T-Stat</li>
	<li>Forced Air Elect Down Flow Furnace</li>
	<li>40 Gallon Electric Water Heater</li>
	<li>Plumbed/Wire For Washer and Dryer</li>
	<li>Freezer Receptacle(Per Model)</li>
	<li>Receptacle at Fresh Water Inlet</li>
	<li>Shut-Off Valves at Toilets&amp; Sinks</li>
	<li>Whole House Shut-off Valve</li>
	<li>AC/HP Ready</li>
</ul>

<p>SAFETY FEATURES</p>

<ul>
	<li>Smoke Alarms, Bedrooms &amp; Living Areas</li>
	<li>Deadbolts on Front and Rear Doors</li>
	<li>All Copper Wiring</li>
	<li>GFI Receptacle at all Wet Areas</li>
	<li>Porch Lights at each Exterior Entry</li>
	<li>Egress Windows in all Bedrooms</li>
</ul>
",,,,,,,Golden West
product_GWing-361F,Product,Inspiration Gold Series / Dogwood ING361F,"<p><strong>BEDS:</strong>&nbsp;2&nbsp; &nbsp; &nbsp;<strong>BATHS:</strong>&nbsp;2&nbsp; &nbsp; &nbsp;<strong>SQ FT:</strong>&nbsp;958&nbsp; &nbsp; &nbsp;</p><p><strong>W X L:</strong>&nbsp;28′&nbsp;x 36′</p><p>The Inspiration Gold Series / ING361F Dogwood built by Golden West Homes offers 958 square feet of efficiently designed living space, featuring 2 bedrooms and 2 bathrooms. This manufactured home combines style with functionality, with an open layout ideal for daily living and private bedrooms that provide a cozy retreat. The ING361F Dogwood is a perfect choice for individuals or couples seeking a compact, modern home that blends comfort and practicality, making it an excellent option for both short and extended stays.</p>",866235_eb597facee6a48f391fcee3004f470f9~mv2.webp;866235_f8e0baea230641a995307c72eff0f3b0~mv2.webp;866235_ddd5a94c0ea94ed3b999eb2c4941eb46~mv2.jpg,"Golden West;Inspiration Gold;500 - 1,000;Double-Section",ING361F,958 SQ FT,0,,TRUE,PERCENT,0,InStock,,,,,,,,,,,,,,,,,,,,,3D Tour and Downloads,"<p><u><a href=""https://raw.githubusercontent.com/CadelMVH/Wix-Gallery-Downloads/main/ING/ING361F.pdf"" target=""_blank"">Click Here to Download PDF</a></u></p> 
<p>&nbsp;</p> 
<p><a href=""https://my.matterport.com/show/?play=1&m=Mac4ayKuY7Q"" target=""_blank""><u>Click Here for Virtual Tour</u></a></p>",CONSTRUCTION FEATURES,"<ul>
	<li>2x6 Floor Joists-16”O.C.</li>
	<li>2x6 Exterior Walls-16”O.C.</li>
	<li>Foundation Ready</li>
	<li>Architectural Shingles</li>
	<li>19/32”OSB T&amp;G Floor Decking</li>
	<li>In-Floor Waste Plumbing</li>
	<li>Kiln Dried Framing Lumber</li>
	<li>108”Sidewall(Flat Ceiling)</li>
	<li>30# Roof Load</li>
	<li>2x8 Rough Sawn Fascia</li>
	<li>3/12 Nominal Pitch(4:12 pitch single wides)</li>
</ul>

<p>ENERGY SAVING FEATURES</p>

<ul>
	<li>ENERGY STAR Standard</li>
	<li>Dual Pane Low-E/Argon Windows</li>
	<li>6”Recessed LED lighting T/O·R-40 Ceiling Insulation, Blown-in</li>
	<li>R-21 Exterior Wall Insulation</li>
	<li>R-33 Floor Insulation</li>
</ul>
",EXTERIOR FEATURES,"<ul>
	<li>LP Smart Panel Sidingw/5/50 year warranty</li>
	<li>Whole House Wrap</li>
	<li>Gable Over Front Door(Per Model)</li>
	<li>36”Front and Rear Doors·Continuous Eave Soffit Venting</li>
	<li>Ridge Style Roof Venting·4”Window Trim</li>
	<li>14”Eaves(Dble Wide)6”Eaves(Single Wide)</li>
	<li>Exterior GFI Receptacle(1)</li>
</ul>
",INTERIOR FEATURES,"<ul>
	<li>Tape and Texture Drywall Throughout</li>
	<li>Round Sheetrock Corners</li>
	<li>Orange Peel Ceiling Drywall Finish</li>
	<li>Cabinet Doors Shaker</li>
	<li>No-Wax Vinyl Flooring(Kitchen,Utility,Baths)</li>
	<li>5# Carpet Pad</li>
	<li>Cape Cod 25oz Carpet</li>
	<li>Entry Lino</li>
	<li>Ceiling Fan w/Light(Living Rm)·Baseboard Molding in Vinyl Areas</li>
	<li>Laminated Counter Tops w/Splash(Baths)</li>
	<li>Ceramic/Glass B-Splash Kit.(Level #8)</li>
	<li>Crescent Edge T/Out</li>
	<li>Vented Wardrobe &amp; Linen Shelving</li>
	<li>Nickel Hardware Throughout</li>
	<li>Entertainment Center(Per Model)</li>
	<li>2-Panel Interior Doors</li>
	<li>Wood Window Interior Wrap</li>
	<li>Ceiling Coffer(2 Per Print) (No S/W)</li>
	<li>USB Port (1) Std</li>
	<li>Crown Molding (Living Area Only)</li>
</ul>
",KITCHEN & BATH FEATURES,"<p>KITCHEN</p>

<ul>
	<li>SAMSUNG Stainless Steel 18 c/f Refer w/icemaker</li>
	<li>SAMSUNG Stainless Steel Free Standing Glass Top Range</li>
	<li>30”Stainless Steel Exhaust Fan over Range</li>
	<li>Kitchen Sink8”Stainless Steel</li>
	<li>Single Lever Faucet with Sprayer</li>
	<li>Fire Extinguisher Under Sink</li>
</ul>

<p>BATHROOM</p>

<ul>
	<li>60”Fiberglass Tub/Shower in each Bath</li>
	<li>Adjustable Shower Heads</li>
	<li>China Lavy Sinks T/O(per model)</li>
	<li>Lavy Cabinet Height36”</li>
	<li>Exhaust Fan w/ Light in each Bath</li>
	<li>Wood Trimmed Mirrors</li>
	<li>Comfort Height Elongated Toilets</li>
	<li>Gun Slot Window Over T/S(Per Model)</li>
</ul>
",UTILITY FEATURES,"<ul>
	<li>All Electric Appliances</li>
	<li>200 Amp Electrical Service</li>
	<li>EcoBee T-Stat</li>
	<li>Forced Air Elect Down Flow Furnace</li>
	<li>40 Gallon Electric Water Heater</li>
	<li>Plumbed/Wire For Washer and Dryer</li>
	<li>Freezer Receptacle(Per Model)</li>
	<li>Receptacle at Fresh Water Inlet</li>
	<li>Shut-Off Valves at Toilets&amp; Sinks</li>
	<li>Whole House Shut-off Valve</li>
	<li>AC/HP Ready</li>
</ul>

<p>SAFETY FEATURES</p>

<ul>
	<li>Smoke Alarms, Bedrooms &amp; Living Areas</li>
	<li>Deadbolts on Front and Rear Doors</li>
	<li>All Copper Wiring</li>
	<li>GFI Receptacle at all Wet Areas</li>
	<li>Porch Lights at each Exterior Entry</li>
	<li>Egress Windows in all Bedrooms</li>
</ul>
",,,,,,,Golden West
product_GWing-382F,Product,Inspiration Gold Series / Redwood II ING382F,"<p><strong>BEDS:</strong>&nbsp;2&nbsp; &nbsp; &nbsp;<strong>BATHS:</strong>&nbsp;2&nbsp; &nbsp; &nbsp;<strong>SQ FT:</strong>&nbsp;1,026&nbsp; &nbsp; &nbsp;</p><p><strong>W X L:</strong>&nbsp;28′x 38′</p><p>The Inspiration Gold Series / Redwood II ING 382F built by Golden West Homes provides 1,026 square feet of well-planned living space, featuring 2 bedrooms and 2 bathrooms. This manufactured home is crafted for those who appreciate efficiency and style, with an open layout that encourages socializing and private bedrooms that provide comfort and relaxation. The Redwood II ING 382F is an excellent choice for individuals or couples seeking a modern, compact home that perfectly balances functionality and warmth.</p>",866235_b9b96ad7179e4b3db4d34fc637c234ff~mv2.webp;866235_ccccf9834dca451bb699228810be1cd2~mv2.webp;866235_5e38ac5a897a4d5dba6b2d0797d3e580~mv2.jpg,"Golden West;Inspiration Gold;1,000 - 1,500;Double-Section",ING382F,"1,026 SQ FT",0,,TRUE,PERCENT,0,InStock,,,,,,,,,,,,,,,,,,,,,3D Tour and Downloads,"<p><u><a href=""https://raw.githubusercontent.com/CadelMVH/Wix-Gallery-Downloads/main/ING/ING382F.pdf"" target=""_blank"">Click Here to Download PDF</a></u></p> 
<p>&nbsp;</p> 
<p><a href=""https://my.matterport.com/show/?play=1&m=fKycYYa7n6n"" target=""_blank""><u>Click Here for Virtual Tour</u></a></p>",CONSTRUCTION FEATURES,"<ul>
	<li>2x6 Floor Joists-16”O.C.</li>
	<li>2x6 Exterior Walls-16”O.C.</li>
	<li>Foundation Ready</li>
	<li>Architectural Shingles</li>
	<li>19/32”OSB T&amp;G Floor Decking</li>
	<li>In-Floor Waste Plumbing</li>
	<li>Kiln Dried Framing Lumber</li>
	<li>108”Sidewall(Flat Ceiling)</li>
	<li>30# Roof Load</li>
	<li>2x8 Rough Sawn Fascia</li>
	<li>3/12 Nominal Pitch(4:12 pitch single wides)</li>
</ul>

<p>ENERGY SAVING FEATURES</p>

<ul>
	<li>ENERGY STAR Standard</li>
	<li>Dual Pane Low-E/Argon Windows</li>
	<li>6”Recessed LED lighting T/O·R-40 Ceiling Insulation, Blown-in</li>
	<li>R-21 Exterior Wall Insulation</li>
	<li>R-33 Floor Insulation</li>
</ul>
",EXTERIOR FEATURES,"<ul>
	<li>LP Smart Panel Sidingw/5/50 year warranty</li>
	<li>Whole House Wrap</li>
	<li>Gable Over Front Door(Per Model)</li>
	<li>36”Front and Rear Doors·Continuous Eave Soffit Venting</li>
	<li>Ridge Style Roof Venting·4”Window Trim</li>
	<li>14”Eaves(Dble Wide)6”Eaves(Single Wide)</li>
	<li>Exterior GFI Receptacle(1)</li>
</ul>
",INTERIOR FEATURES,"<ul>
	<li>Tape and Texture Drywall Throughout</li>
	<li>Round Sheetrock Corners</li>
	<li>Orange Peel Ceiling Drywall Finish</li>
	<li>Cabinet Doors Shaker</li>
	<li>No-Wax Vinyl Flooring(Kitchen,Utility,Baths)</li>
	<li>5# Carpet Pad</li>
	<li>Cape Cod 25oz Carpet</li>
	<li>Entry Lino</li>
	<li>Ceiling Fan w/Light(Living Rm)·Baseboard Molding in Vinyl Areas</li>
	<li>Laminated Counter Tops w/Splash(Baths)</li>
	<li>Ceramic/Glass B-Splash Kit.(Level #8)</li>
	<li>Crescent Edge T/Out</li>
	<li>Vented Wardrobe &amp; Linen Shelving</li>
	<li>Nickel Hardware Throughout</li>
	<li>Entertainment Center(Per Model)</li>
	<li>2-Panel Interior Doors</li>
	<li>Wood Window Interior Wrap</li>
	<li>Ceiling Coffer(2 Per Print) (No S/W)</li>
	<li>USB Port (1) Std</li>
	<li>Crown Molding (Living Area Only)</li>
</ul>
",KITCHEN & BATH FEATURES,"<p>KITCHEN</p>

<ul>
	<li>SAMSUNG Stainless Steel 18 c/f Refer w/icemaker</li>
	<li>SAMSUNG Stainless Steel Free Standing Glass Top Range</li>
	<li>30”Stainless Steel Exhaust Fan over Range</li>
	<li>Kitchen Sink8”Stainless Steel</li>
	<li>Single Lever Faucet with Sprayer</li>
	<li>Fire Extinguisher Under Sink</li>
</ul>

<p>BATHROOM</p>

<ul>
	<li>60”Fiberglass Tub/Shower in each Bath</li>
	<li>Adjustable Shower Heads</li>
	<li>China Lavy Sinks T/O(per model)</li>
	<li>Lavy Cabinet Height36”</li>
	<li>Exhaust Fan w/ Light in each Bath</li>
	<li>Wood Trimmed Mirrors</li>
	<li>Comfort Height Elongated Toilets</li>
	<li>Gun Slot Window Over T/S(Per Model)</li>
</ul>
",UTILITY FEATURES,"<ul>
	<li>All Electric Appliances</li>
	<li>200 Amp Electrical Service</li>
	<li>EcoBee T-Stat</li>
	<li>Forced Air Elect Down Flow Furnace</li>
	<li>40 Gallon Electric Water Heater</li>
	<li>Plumbed/Wire For Washer and Dryer</li>
	<li>Freezer Receptacle(Per Model)</li>
	<li>Receptacle at Fresh Water Inlet</li>
	<li>Shut-Off Valves at Toilets&amp; Sinks</li>
	<li>Whole House Shut-off Valve</li>
	<li>AC/HP Ready</li>
</ul>

<p>SAFETY FEATURES</p>

<ul>
	<li>Smoke Alarms, Bedrooms &amp; Living Areas</li>
	<li>Deadbolts on Front and Rear Doors</li>
	<li>All Copper Wiring</li>
	<li>GFI Receptacle at all Wet Areas</li>
	<li>Porch Lights at each Exterior Entry</li>
	<li>Egress Windows in all Bedrooms</li>
</ul>
",,,,,,,Golden West
product_GWing-485F,Product,Inspiration Gold Series / Blue Spruce ING485F,"<p><strong>BEDS:</strong>&nbsp;2&nbsp; &nbsp; &nbsp;<strong>BATHS:</strong>&nbsp;2&nbsp; &nbsp; &nbsp;<strong>SQ FT:</strong>&nbsp;1,251&nbsp; &nbsp; &nbsp;</p><p><strong>W X L:</strong>&nbsp;27'&nbsp;x 48′</p><p>The Inspiration Gold Series / The Blue Spruce ING 485F built by Golden West Albany features 2 bedrooms, 2 bathrooms, and 1,251 square feet of well-planned living space. With its welcoming layout, spacious feel, and comfortable design, this manufactured home blends style with functionality. Whether you’re downsizing or just starting out, The Blue Spruce ING 485F provides a warm, inviting environment perfect for everyday living.</p>",866235_a2b86a852f584a5393f9ebd68a895675~mv2.webp;866235_2f7f4a5bbb634de190d408be2b86be6a~mv2.jpg,"Golden West;Inspiration Gold;1,000 - 1,500;Double-Section",ING485F,"1,296 SQ FT",0,,TRUE,PERCENT,0,InStock,,,,,,,,,,,,,,,,,,,,,3D Tour and Downloads,"<p><u><a href=""https://raw.githubusercontent.com/CadelMVH/Wix-Gallery-Downloads/main/ING/ING485F.pdf"" target=""_blank"">Click Here to Download PDF</a></u></p> 
<p>&nbsp;</p> 
<p><a href="""" target=""_blank""><u>Click Here for Virtual Tour</u></a></p>",CONSTRUCTION FEATURES,"<ul>
	<li>2x6 Floor Joists-16”O.C.</li>
	<li>2x6 Exterior Walls-16”O.C.</li>
	<li>Foundation Ready</li>
	<li>Architectural Shingles</li>
	<li>19/32”OSB T&amp;G Floor Decking</li>
	<li>In-Floor Waste Plumbing</li>
	<li>Kiln Dried Framing Lumber</li>
	<li>108”Sidewall(Flat Ceiling)</li>
	<li>30# Roof Load</li>
	<li>2x8 Rough Sawn Fascia</li>
	<li>3/12 Nominal Pitch(4:12 pitch single wides)</li>
</ul>

<p>ENERGY SAVING FEATURES</p>

<ul>
	<li>ENERGY STAR Standard</li>
	<li>Dual Pane Low-E/Argon Windows</li>
	<li>6”Recessed LED lighting T/O·R-40 Ceiling Insulation, Blown-in</li>
	<li>R-21 Exterior Wall Insulation</li>
	<li>R-33 Floor Insulation</li>
</ul>
",EXTERIOR FEATURES,"<ul>
	<li>LP Smart Panel Sidingw/5/50 year warranty</li>
	<li>Whole House Wrap</li>
	<li>Gable Over Front Door(Per Model)</li>
	<li>36”Front and Rear Doors·Continuous Eave Soffit Venting</li>
	<li>Ridge Style Roof Venting·4”Window Trim</li>
	<li>14”Eaves(Dble Wide)6”Eaves(Single Wide)</li>
	<li>Exterior GFI Receptacle(1)</li>
</ul>
",INTERIOR FEATURES,"<ul>
	<li>Tape and Texture Drywall Throughout</li>
	<li>Round Sheetrock Corners</li>
	<li>Orange Peel Ceiling Drywall Finish</li>
	<li>Cabinet Doors Shaker</li>
	<li>No-Wax Vinyl Flooring(Kitchen,Utility,Baths)</li>
	<li>5# Carpet Pad</li>
	<li>Cape Cod 25oz Carpet</li>
	<li>Entry Lino</li>
	<li>Ceiling Fan w/Light(Living Rm)·Baseboard Molding in Vinyl Areas</li>
	<li>Laminated Counter Tops w/Splash(Baths)</li>
	<li>Ceramic/Glass B-Splash Kit.(Level #8)</li>
	<li>Crescent Edge T/Out</li>
	<li>Vented Wardrobe &amp; Linen Shelving</li>
	<li>Nickel Hardware Throughout</li>
	<li>Entertainment Center(Per Model)</li>
	<li>2-Panel Interior Doors</li>
	<li>Wood Window Interior Wrap</li>
	<li>Ceiling Coffer(2 Per Print) (No S/W)</li>
	<li>USB Port (1) Std</li>
	<li>Crown Molding (Living Area Only)</li>
</ul>
",KITCHEN & BATH FEATURES,"<p>KITCHEN</p>

<ul>
	<li>SAMSUNG Stainless Steel 18 c/f Refer w/icemaker</li>
	<li>SAMSUNG Stainless Steel Free Standing Glass Top Range</li>
	<li>30”Stainless Steel Exhaust Fan over Range</li>
	<li>Kitchen Sink8”Stainless Steel</li>
	<li>Single Lever Faucet with Sprayer</li>
	<li>Fire Extinguisher Under Sink</li>
</ul>

<p>BATHROOM</p>

<ul>
	<li>60”Fiberglass Tub/Shower in each Bath</li>
	<li>Adjustable Shower Heads</li>
	<li>China Lavy Sinks T/O(per model)</li>
	<li>Lavy Cabinet Height36”</li>
	<li>Exhaust Fan w/ Light in each Bath</li>
	<li>Wood Trimmed Mirrors</li>
	<li>Comfort Height Elongated Toilets</li>
	<li>Gun Slot Window Over T/S(Per Model)</li>
</ul>
",UTILITY FEATURES,"<ul>
	<li>All Electric Appliances</li>
	<li>200 Amp Electrical Service</li>
	<li>EcoBee T-Stat</li>
	<li>Forced Air Elect Down Flow Furnace</li>
	<li>40 Gallon Electric Water Heater</li>
	<li>Plumbed/Wire For Washer and Dryer</li>
	<li>Freezer Receptacle(Per Model)</li>
	<li>Receptacle at Fresh Water Inlet</li>
	<li>Shut-Off Valves at Toilets&amp; Sinks</li>
	<li>Whole House Shut-off Valve</li>
	<li>AC/HP Ready</li>
</ul>

<p>SAFETY FEATURES</p>

<ul>
	<li>Smoke Alarms, Bedrooms &amp; Living Areas</li>
	<li>Deadbolts on Front and Rear Doors</li>
	<li>All Copper Wiring</li>
	<li>GFI Receptacle at all Wet Areas</li>
	<li>Porch Lights at each Exterior Entry</li>
	<li>Egress Windows in all Bedrooms</li>
</ul>
",,,,,,,Golden West
product_GWing-486F,Product,Inspiration Gold Series / Manzanita ING486F,"<p><strong>BEDS:</strong>&nbsp;2&nbsp; &nbsp; &nbsp;<strong>BATHS:</strong>&nbsp;2&nbsp; &nbsp; &nbsp;<strong>SQ FT:</strong>&nbsp;1,296&nbsp; &nbsp; &nbsp;</p><p><strong>W X L:</strong>&nbsp;27′ x 48′</p><p>The Inspiration Gold Series / Manzanita ING 486F built by Golden West Albany offers 2 bedrooms, 2 bathrooms, and 1,296 square feet of thoughtfully arranged living space. The layout highlights a welcoming flow with plenty of room to relax, entertain, or unwind in comfort. Ideal for those seeking a balance of charm and practicality, The Manzanita ING 486F delivers a cozy yet spacious manufactured home experience that fits a variety of lifestyles.</p>",866235_8bc2f52d39e54203826ffefbe2df2c11~mv2.webp;866235_bd8bdc59b2e34bf7a3eb8a1eb4d8a376~mv2.webp;866235_8f4bc777a91e45e5b0c23df715b2de44~mv2.jpg,"Golden West;Inspiration Gold;1,000 - 1,500;Double-Section",ING486F,"1,296 SQ FT",0,,TRUE,PERCENT,0,InStock,,,,,,,,,,,,,,,,,,,,,3D Tour and Downloads,"<p><u><a href=""https://raw.githubusercontent.com/CadelMVH/Wix-Gallery-Downloads/main/ING/ING486F.pdf"" target=""_blank"">Click Here to Download PDF</a></u></p> 
<p>&nbsp;</p> 
<p><a href=""https://my.matterport.com/show?play=1&lang=en-US&m=DaQBmJEBKY6"" target=""_blank""><u>Click Here for Virtual Tour</u></a></p>",CONSTRUCTION FEATURES,"<ul>
	<li>2x6 Floor Joists-16”O.C.</li>
	<li>2x6 Exterior Walls-16”O.C.</li>
	<li>Foundation Ready</li>
	<li>Architectural Shingles</li>
	<li>19/32”OSB T&amp;G Floor Decking</li>
	<li>In-Floor Waste Plumbing</li>
	<li>Kiln Dried Framing Lumber</li>
	<li>108”Sidewall(Flat Ceiling)</li>
	<li>30# Roof Load</li>
	<li>2x8 Rough Sawn Fascia</li>
	<li>3/12 Nominal Pitch(4:12 pitch single wides)</li>
</ul>

<p>ENERGY SAVING FEATURES</p>

<ul>
	<li>ENERGY STAR Standard</li>
	<li>Dual Pane Low-E/Argon Windows</li>
	<li>6”Recessed LED lighting T/O·R-40 Ceiling Insulation, Blown-in</li>
	<li>R-21 Exterior Wall Insulation</li>
	<li>R-33 Floor Insulation</li>
</ul>
",EXTERIOR FEATURES,"<ul>
	<li>LP Smart Panel Sidingw/5/50 year warranty</li>
	<li>Whole House Wrap</li>
	<li>Gable Over Front Door(Per Model)</li>
	<li>36”Front and Rear Doors·Continuous Eave Soffit Venting</li>
	<li>Ridge Style Roof Venting·4”Window Trim</li>
	<li>14”Eaves(Dble Wide)6”Eaves(Single Wide)</li>
	<li>Exterior GFI Receptacle(1)</li>
</ul>
",INTERIOR FEATURES,"<ul>
	<li>Tape and Texture Drywall Throughout</li>
	<li>Round Sheetrock Corners</li>
	<li>Orange Peel Ceiling Drywall Finish</li>
	<li>Cabinet Doors Shaker</li>
	<li>No-Wax Vinyl Flooring(Kitchen,Utility,Baths)</li>
	<li>5# Carpet Pad</li>
	<li>Cape Cod 25oz Carpet</li>
	<li>Entry Lino</li>
	<li>Ceiling Fan w/Light(Living Rm)·Baseboard Molding in Vinyl Areas</li>
	<li>Laminated Counter Tops w/Splash(Baths)</li>
	<li>Ceramic/Glass B-Splash Kit.(Level #8)</li>
	<li>Crescent Edge T/Out</li>
	<li>Vented Wardrobe &amp; Linen Shelving</li>
	<li>Nickel Hardware Throughout</li>
	<li>Entertainment Center(Per Model)</li>
	<li>2-Panel Interior Doors</li>
	<li>Wood Window Interior Wrap</li>
	<li>Ceiling Coffer(2 Per Print) (No S/W)</li>
	<li>USB Port (1) Std</li>
	<li>Crown Molding (Living Area Only)</li>
</ul>
",KITCHEN & BATH FEATURES,"<p>KITCHEN</p>

<ul>
	<li>SAMSUNG Stainless Steel 18 c/f Refer w/icemaker</li>
	<li>SAMSUNG Stainless Steel Free Standing Glass Top Range</li>
	<li>30”Stainless Steel Exhaust Fan over Range</li>
	<li>Kitchen Sink8”Stainless Steel</li>
	<li>Single Lever Faucet with Sprayer</li>
	<li>Fire Extinguisher Under Sink</li>
</ul>

<p>BATHROOM</p>

<ul>
	<li>60”Fiberglass Tub/Shower in each Bath</li>
	<li>Adjustable Shower Heads</li>
	<li>China Lavy Sinks T/O(per model)</li>
	<li>Lavy Cabinet Height36”</li>
	<li>Exhaust Fan w/ Light in each Bath</li>
	<li>Wood Trimmed Mirrors</li>
	<li>Comfort Height Elongated Toilets</li>
	<li>Gun Slot Window Over T/S(Per Model)</li>
</ul>
",UTILITY FEATURES,"<ul>
	<li>All Electric Appliances</li>
	<li>200 Amp Electrical Service</li>
	<li>EcoBee T-Stat</li>
	<li>Forced Air Elect Down Flow Furnace</li>
	<li>40 Gallon Electric Water Heater</li>
	<li>Plumbed/Wire For Washer and Dryer</li>
	<li>Freezer Receptacle(Per Model)</li>
	<li>Receptacle at Fresh Water Inlet</li>
	<li>Shut-Off Valves at Toilets&amp; Sinks</li>
	<li>Whole House Shut-off Valve</li>
	<li>AC/HP Ready</li>
</ul>

<p>SAFETY FEATURES</p>

<ul>
	<li>Smoke Alarms, Bedrooms &amp; Living Areas</li>
	<li>Deadbolts on Front and Rear Doors</li>
	<li>All Copper Wiring</li>
	<li>GFI Receptacle at all Wet Areas</li>
	<li>Porch Lights at each Exterior Entry</li>
	<li>Egress Windows in all Bedrooms</li>
</ul>
",,,,,,,Golden West
product_GWing-524F,Product,Inspiration Gold Series / Wisteria ING524F,"<p><strong>BEDS:</strong>&nbsp;3&nbsp; &nbsp; &nbsp;<strong>BATHS:</strong>&nbsp;2&nbsp; &nbsp; &nbsp;<strong>SQ FT:</strong>&nbsp;1,404&nbsp; &nbsp; &nbsp;</p><p><strong>W X L:</strong>&nbsp;27′&nbsp;x 52′</p><p>The Inspiration Gold Series / Wisteria ING 524F built by Golden West Albany features 3 bedrooms, 2 bathrooms, and 1,404 square feet of inviting living space. The layout is designed to balance comfort and function, offering cozy bedrooms, a central living area, and a welcoming flow throughout. Whether you’re starting fresh or downsizing with style, The Wisteria ING 524F is a well-rounded manufactured home that brings convenience and charm together seamlessly.</p>",866235_a6617fbac9ed4ff9b3e3dd4c0fb6dbd0~mv2.webp;866235_ddff3ff66afd4d7181ff05a896088610~mv2.webp;866235_6d04182788e947fba55e3712c260f17b~mv2.jpg,"Golden West;Inspiration Gold;1,000 - 1,500;Double-Section",ING524F,"1,404 SQ FT",0,,TRUE,PERCENT,0,InStock,,,,,,,,,,,,,,,,,,,,,3D Tour and Downloads,"<p><u><a href=""https://raw.githubusercontent.com/CadelMVH/Wix-Gallery-Downloads/main/ING/ING524F.pdf"" target=""_blank"">Click Here to Download PDF</a></u></p> 
<p>&nbsp;</p> 
<p><a href=""https://momento360.com/e/uc/e5c1afd139f44056a111566c62a66a91"" target=""_blank""><u>Click Here for Virtual Tour</u></a></p>",CONSTRUCTION FEATURES,"<ul>
	<li>2x6 Floor Joists-16”O.C.</li>
	<li>2x6 Exterior Walls-16”O.C.</li>
	<li>Foundation Ready</li>
	<li>Architectural Shingles</li>
	<li>19/32”OSB T&amp;G Floor Decking</li>
	<li>In-Floor Waste Plumbing</li>
	<li>Kiln Dried Framing Lumber</li>
	<li>108”Sidewall(Flat Ceiling)</li>
	<li>30# Roof Load</li>
	<li>2x8 Rough Sawn Fascia</li>
	<li>3/12 Nominal Pitch(4:12 pitch single wides)</li>
</ul>

<p>ENERGY SAVING FEATURES</p>

<ul>
	<li>ENERGY STAR Standard</li>
	<li>Dual Pane Low-E/Argon Windows</li>
	<li>6”Recessed LED lighting T/O·R-40 Ceiling Insulation, Blown-in</li>
	<li>R-21 Exterior Wall Insulation</li>
	<li>R-33 Floor Insulation</li>
</ul>
",EXTERIOR FEATURES,"<ul>
	<li>LP Smart Panel Sidingw/5/50 year warranty</li>
	<li>Whole House Wrap</li>
	<li>Gable Over Front Door(Per Model)</li>
	<li>36”Front and Rear Doors·Continuous Eave Soffit Venting</li>
	<li>Ridge Style Roof Venting·4”Window Trim</li>
	<li>14”Eaves(Dble Wide)6”Eaves(Single Wide)</li>
	<li>Exterior GFI Receptacle(1)</li>
</ul>
",INTERIOR FEATURES,"<ul>
	<li>Tape and Texture Drywall Throughout</li>
	<li>Round Sheetrock Corners</li>
	<li>Orange Peel Ceiling Drywall Finish</li>
	<li>Cabinet Doors Shaker</li>
	<li>No-Wax Vinyl Flooring(Kitchen,Utility,Baths)</li>
	<li>5# Carpet Pad</li>
	<li>Cape Cod 25oz Carpet</li>
	<li>Entry Lino</li>
	<li>Ceiling Fan w/Light(Living Rm)·Baseboard Molding in Vinyl Areas</li>
	<li>Laminated Counter Tops w/Splash(Baths)</li>
	<li>Ceramic/Glass B-Splash Kit.(Level #8)</li>
	<li>Crescent Edge T/Out</li>
	<li>Vented Wardrobe &amp; Linen Shelving</li>
	<li>Nickel Hardware Throughout</li>
	<li>Entertainment Center(Per Model)</li>
	<li>2-Panel Interior Doors</li>
	<li>Wood Window Interior Wrap</li>
	<li>Ceiling Coffer(2 Per Print) (No S/W)</li>
	<li>USB Port (1) Std</li>
	<li>Crown Molding (Living Area Only)</li>
</ul>
",KITCHEN & BATH FEATURES,"<p>KITCHEN</p>

<ul>
	<li>SAMSUNG Stainless Steel 18 c/f Refer w/icemaker</li>
	<li>SAMSUNG Stainless Steel Free Standing Glass Top Range</li>
	<li>30”Stainless Steel Exhaust Fan over Range</li>
	<li>Kitchen Sink8”Stainless Steel</li>
	<li>Single Lever Faucet with Sprayer</li>
	<li>Fire Extinguisher Under Sink</li>
</ul>

<p>BATHROOM</p>

<ul>
	<li>60”Fiberglass Tub/Shower in each Bath</li>
	<li>Adjustable Shower Heads</li>
	<li>China Lavy Sinks T/O(per model)</li>
	<li>Lavy Cabinet Height36”</li>
	<li>Exhaust Fan w/ Light in each Bath</li>
	<li>Wood Trimmed Mirrors</li>
	<li>Comfort Height Elongated Toilets</li>
	<li>Gun Slot Window Over T/S(Per Model)</li>
</ul>
",UTILITY FEATURES,"<ul>
	<li>All Electric Appliances</li>
	<li>200 Amp Electrical Service</li>
	<li>EcoBee T-Stat</li>
	<li>Forced Air Elect Down Flow Furnace</li>
	<li>40 Gallon Electric Water Heater</li>
	<li>Plumbed/Wire For Washer and Dryer</li>
	<li>Freezer Receptacle(Per Model)</li>
	<li>Receptacle at Fresh Water Inlet</li>
	<li>Shut-Off Valves at Toilets&amp; Sinks</li>
	<li>Whole House Shut-off Valve</li>
	<li>AC/HP Ready</li>
</ul>

<p>SAFETY FEATURES</p>

<ul>
	<li>Smoke Alarms, Bedrooms &amp; Living Areas</li>
	<li>Deadbolts on Front and Rear Doors</li>
	<li>All Copper Wiring</li>
	<li>GFI Receptacle at all Wet Areas</li>
	<li>Porch Lights at each Exterior Entry</li>
	<li>Egress Windows in all Bedrooms</li>
</ul>
",,,,,,,Golden West
product_GWing-525F,Product,Inspiration Gold Series / Black Walnut ING525F,"<p><strong>BEDS:</strong>&nbsp;2&nbsp; &nbsp; &nbsp;<strong>BATHS:</strong>&nbsp;2&nbsp; &nbsp; &nbsp;<strong>SQ FT:</strong>&nbsp;1,377&nbsp; &nbsp; &nbsp;</p><p><strong>W X L:</strong>&nbsp;27′ x 52′</p><p>The Inspiration Gold Series / The Black Walnut ING 525F built by Golden West Albany pairs sunny style with an easy, open layout for everyday life. With 1,377 square feet, you get 2 bedrooms and 2 bathrooms, a bright living area that flows to dining, and a practical kitchen for simple meals. The Black Walnut ING 525F adds a calm primary suite, a flexible second room, and tidy storage. Tour today, feel the comfort, and picture your next chapter here—then make it yours. Easy-care finishes keep upkeep light and days smooth.</p>",866235_54e0b0ed7c6c445a83552450ce093266~mv2.webp,"Golden West;Inspiration Gold;1,000 - 1,500;Double-Section",ING525F,"1,404 SQ FT",0,,TRUE,PERCENT,0,InStock,,,,,,,,,,,,,,,,,,,,,3D Tour and Downloads,"<p><u><a href=""https://raw.githubusercontent.com/CadelMVH/Wix-Gallery-Downloads/main/ING/ING525F.pdf"" target=""_blank"">Click Here to Download PDF</a></u></p> 
<p>&nbsp;</p> 
<p><a href="""" target=""_blank""><u>Click Here for Virtual Tour</u></a></p>",CONSTRUCTION FEATURES,"<ul>
	<li>2x6 Floor Joists-16”O.C.</li>
	<li>2x6 Exterior Walls-16”O.C.</li>
	<li>Foundation Ready</li>
	<li>Architectural Shingles</li>
	<li>19/32”OSB T&amp;G Floor Decking</li>
	<li>In-Floor Waste Plumbing</li>
	<li>Kiln Dried Framing Lumber</li>
	<li>108”Sidewall(Flat Ceiling)</li>
	<li>30# Roof Load</li>
	<li>2x8 Rough Sawn Fascia</li>
	<li>3/12 Nominal Pitch(4:12 pitch single wides)</li>
</ul>

<p>ENERGY SAVING FEATURES</p>

<ul>
	<li>ENERGY STAR Standard</li>
	<li>Dual Pane Low-E/Argon Windows</li>
	<li>6”Recessed LED lighting T/O·R-40 Ceiling Insulation, Blown-in</li>
	<li>R-21 Exterior Wall Insulation</li>
	<li>R-33 Floor Insulation</li>
</ul>
",EXTERIOR FEATURES,"<ul>
	<li>LP Smart Panel Sidingw/5/50 year warranty</li>
	<li>Whole House Wrap</li>
	<li>Gable Over Front Door(Per Model)</li>
	<li>36”Front and Rear Doors·Continuous Eave Soffit Venting</li>
	<li>Ridge Style Roof Venting·4”Window Trim</li>
	<li>14”Eaves(Dble Wide)6”Eaves(Single Wide)</li>
	<li>Exterior GFI Receptacle(1)</li>
</ul>
",INTERIOR FEATURES,"<ul>
	<li>Tape and Texture Drywall Throughout</li>
	<li>Round Sheetrock Corners</li>
	<li>Orange Peel Ceiling Drywall Finish</li>
	<li>Cabinet Doors Shaker</li>
	<li>No-Wax Vinyl Flooring(Kitchen,Utility,Baths)</li>
	<li>5# Carpet Pad</li>
	<li>Cape Cod 25oz Carpet</li>
	<li>Entry Lino</li>
	<li>Ceiling Fan w/Light(Living Rm)·Baseboard Molding in Vinyl Areas</li>
	<li>Laminated Counter Tops w/Splash(Baths)</li>
	<li>Ceramic/Glass B-Splash Kit.(Level #8)</li>
	<li>Crescent Edge T/Out</li>
	<li>Vented Wardrobe &amp; Linen Shelving</li>
	<li>Nickel Hardware Throughout</li>
	<li>Entertainment Center(Per Model)</li>
	<li>2-Panel Interior Doors</li>
	<li>Wood Window Interior Wrap</li>
	<li>Ceiling Coffer(2 Per Print) (No S/W)</li>
	<li>USB Port (1) Std</li>
	<li>Crown Molding (Living Area Only)</li>
</ul>
",KITCHEN & BATH FEATURES,"<p>KITCHEN</p>

<ul>
	<li>SAMSUNG Stainless Steel 18 c/f Refer w/icemaker</li>
	<li>SAMSUNG Stainless Steel Free Standing Glass Top Range</li>
	<li>30”Stainless Steel Exhaust Fan over Range</li>
	<li>Kitchen Sink8”Stainless Steel</li>
	<li>Single Lever Faucet with Sprayer</li>
	<li>Fire Extinguisher Under Sink</li>
</ul>

<p>BATHROOM</p>

<ul>
	<li>60”Fiberglass Tub/Shower in each Bath</li>
	<li>Adjustable Shower Heads</li>
	<li>China Lavy Sinks T/O(per model)</li>
	<li>Lavy Cabinet Height36”</li>
	<li>Exhaust Fan w/ Light in each Bath</li>
	<li>Wood Trimmed Mirrors</li>
	<li>Comfort Height Elongated Toilets</li>
	<li>Gun Slot Window Over T/S(Per Model)</li>
</ul>
",UTILITY FEATURES,"<ul>
	<li>All Electric Appliances</li>
	<li>200 Amp Electrical Service</li>
	<li>EcoBee T-Stat</li>
	<li>Forced Air Elect Down Flow Furnace</li>
	<li>40 Gallon Electric Water Heater</li>
	<li>Plumbed/Wire For Washer and Dryer</li>
	<li>Freezer Receptacle(Per Model)</li>
	<li>Receptacle at Fresh Water Inlet</li>
	<li>Shut-Off Valves at Toilets&amp; Sinks</li>
	<li>Whole House Shut-off Valve</li>
	<li>AC/HP Ready</li>
</ul>

<p>SAFETY FEATURES</p>

<ul>
	<li>Smoke Alarms, Bedrooms &amp; Living Areas</li>
	<li>Deadbolts on Front and Rear Doors</li>
	<li>All Copper Wiring</li>
	<li>GFI Receptacle at all Wet Areas</li>
	<li>Porch Lights at each Exterior Entry</li>
	<li>Egress Windows in all Bedrooms</li>
</ul>
",,,,,,,Golden West
product_GWing-561F,Product,Inspiration Gold Series / Spruce ING561F,"<p><strong>BEDS:</strong>&nbsp;3&nbsp; &nbsp; &nbsp;<strong>BATHS:</strong>&nbsp;2&nbsp; &nbsp; &nbsp;<strong>SQ FT:</strong>&nbsp;1,458&nbsp; &nbsp; &nbsp;</p><p><strong>W X L:</strong>&nbsp;28′ x 56′</p><p>The Inspiration Gold Series / Spruce ING 561F built by Golden West Homes provides 1,458 square feet of thoughtfully arranged living space, featuring 3 bedrooms and 2 bathrooms. This manufactured home is designed for comfort and style, with open living areas perfect for gatherings and private bedrooms that offer a cozy retreat. The Spruce ING 561F is an ideal choice for families or individuals seeking a modern home that combines functionality with a welcoming atmosphere, supporting both relaxation and everyday life.</p>",866235_386303e865d74691901a5a1dbd78d4bd~mv2.webp;866235_a54afd8ab0f94804bf24aafa36928450~mv2.webp;866235_a37ba0ee356c494e972e5c133da3b2ac~mv2.webp;866235_a722a81465064ce99b2f596c0022072f~mv2.jpg,"Golden West;Inspiration Gold;1,500 - 2,000;Double-Section",ING561F,"1,512 SQ FT",0,,TRUE,PERCENT,0,InStock,,,,,,,,,,,,,,,,,,,,,3D Tour and Downloads,"<p><u><a href=""https://raw.githubusercontent.com/CadelMVH/Wix-Gallery-Downloads/main/ING/ING561F.pdf"" target=""_blank"">Click Here to Download PDF</a></u></p> 
<p>&nbsp;</p> 
<p><a href=""https://my.matterport.com/show/?play=1&m=iUG3qkNrKfa"" target=""_blank""><u>Click Here for Virtual Tour</u></a></p>",CONSTRUCTION FEATURES,"<ul>
	<li>2x6 Floor Joists-16”O.C.</li>
	<li>2x6 Exterior Walls-16”O.C.</li>
	<li>Foundation Ready</li>
	<li>Architectural Shingles</li>
	<li>19/32”OSB T&amp;G Floor Decking</li>
	<li>In-Floor Waste Plumbing</li>
	<li>Kiln Dried Framing Lumber</li>
	<li>108”Sidewall(Flat Ceiling)</li>
	<li>30# Roof Load</li>
	<li>2x8 Rough Sawn Fascia</li>
	<li>3/12 Nominal Pitch(4:12 pitch single wides)</li>
</ul>

<p>ENERGY SAVING FEATURES</p>

<ul>
	<li>ENERGY STAR Standard</li>
	<li>Dual Pane Low-E/Argon Windows</li>
	<li>6”Recessed LED lighting T/O·R-40 Ceiling Insulation, Blown-in</li>
	<li>R-21 Exterior Wall Insulation</li>
	<li>R-33 Floor Insulation</li>
</ul>
",EXTERIOR FEATURES,"<ul>
	<li>LP Smart Panel Sidingw/5/50 year warranty</li>
	<li>Whole House Wrap</li>
	<li>Gable Over Front Door(Per Model)</li>
	<li>36”Front and Rear Doors·Continuous Eave Soffit Venting</li>
	<li>Ridge Style Roof Venting·4”Window Trim</li>
	<li>14”Eaves(Dble Wide)6”Eaves(Single Wide)</li>
	<li>Exterior GFI Receptacle(1)</li>
</ul>
",INTERIOR FEATURES,"<ul>
	<li>Tape and Texture Drywall Throughout</li>
	<li>Round Sheetrock Corners</li>
	<li>Orange Peel Ceiling Drywall Finish</li>
	<li>Cabinet Doors Shaker</li>
	<li>No-Wax Vinyl Flooring(Kitchen,Utility,Baths)</li>
	<li>5# Carpet Pad</li>
	<li>Cape Cod 25oz Carpet</li>
	<li>Entry Lino</li>
	<li>Ceiling Fan w/Light(Living Rm)·Baseboard Molding in Vinyl Areas</li>
	<li>Laminated Counter Tops w/Splash(Baths)</li>
	<li>Ceramic/Glass B-Splash Kit.(Level #8)</li>
	<li>Crescent Edge T/Out</li>
	<li>Vented Wardrobe &amp; Linen Shelving</li>
	<li>Nickel Hardware Throughout</li>
	<li>Entertainment Center(Per Model)</li>
	<li>2-Panel Interior Doors</li>
	<li>Wood Window Interior Wrap</li>
	<li>Ceiling Coffer(2 Per Print) (No S/W)</li>
	<li>USB Port (1) Std</li>
	<li>Crown Molding (Living Area Only)</li>
</ul>
",KITCHEN & BATH FEATURES,"<p>KITCHEN</p>

<ul>
	<li>SAMSUNG Stainless Steel 18 c/f Refer w/icemaker</li>
	<li>SAMSUNG Stainless Steel Free Standing Glass Top Range</li>
	<li>30”Stainless Steel Exhaust Fan over Range</li>
	<li>Kitchen Sink8”Stainless Steel</li>
	<li>Single Lever Faucet with Sprayer</li>
	<li>Fire Extinguisher Under Sink</li>
</ul>

<p>BATHROOM</p>

<ul>
	<li>60”Fiberglass Tub/Shower in each Bath</li>
	<li>Adjustable Shower Heads</li>
	<li>China Lavy Sinks T/O(per model)</li>
	<li>Lavy Cabinet Height36”</li>
	<li>Exhaust Fan w/ Light in each Bath</li>
	<li>Wood Trimmed Mirrors</li>
	<li>Comfort Height Elongated Toilets</li>
	<li>Gun Slot Window Over T/S(Per Model)</li>
</ul>
",UTILITY FEATURES,"<ul>
	<li>All Electric Appliances</li>
	<li>200 Amp Electrical Service</li>
	<li>EcoBee T-Stat</li>
	<li>Forced Air Elect Down Flow Furnace</li>
	<li>40 Gallon Electric Water Heater</li>
	<li>Plumbed/Wire For Washer and Dryer</li>
	<li>Freezer Receptacle(Per Model)</li>
	<li>Receptacle at Fresh Water Inlet</li>
	<li>Shut-Off Valves at Toilets&amp; Sinks</li>
	<li>Whole House Shut-off Valve</li>
	<li>AC/HP Ready</li>
</ul>

<p>SAFETY FEATURES</p>

<ul>
	<li>Smoke Alarms, Bedrooms &amp; Living Areas</li>
	<li>Deadbolts on Front and Rear Doors</li>
	<li>All Copper Wiring</li>
	<li>GFI Receptacle at all Wet Areas</li>
	<li>Porch Lights at each Exterior Entry</li>
	<li>Egress Windows in all Bedrooms</li>
</ul>
",,,,,,,Golden West
product_GWing-563F,Product,Inspiration Gold Series / Cottonwood ING563F,"<p><strong>BEDS:</strong>&nbsp;3&nbsp; &nbsp; &nbsp;<strong>BATHS:</strong>&nbsp;2&nbsp; &nbsp; &nbsp;<strong>SQ FT:</strong>&nbsp;1,512&nbsp; &nbsp; &nbsp;</p><p><strong>W X L:</strong>&nbsp;27′ x 56′</p><p>The Inspiration Gold Series / Cottonwood ING 563F built by Golden West Homes offers 1,512 square feet of thoughtfully designed living space, featuring 3 bedrooms and 2 bathrooms. This manufactured home blends style with functionality, with spacious living areas ideal for gatherings and private bedrooms that offer a cozy retreat. The Cottonwood ING 563F is a perfect choice for families or individuals seeking a modern home that combines everyday convenience with a welcoming atmosphere for comfortable living.</p>",866235_60df0cfdc17b45a4a98239d6072d99c1~mv2.webp;866235_50f1f2a92da44d1cb1b524735fa7fc7c~mv2.jpg,"Golden West;Inspiration Gold;1,500 - 2,000;Double-Section",ING563F,"1,512 SQ FT",0,,TRUE,PERCENT,0,InStock,,,,,,,,,,,,,,,,,,,,,3D Tour and Downloads,"<p><u><a href=""https://raw.githubusercontent.com/CadelMVH/Wix-Gallery-Downloads/main/ING/ING563F.pdf"" target=""_blank"">Click Here to Download PDF</a></u></p> 
<p>&nbsp;</p> 
<p><a href="""" target=""_blank""><u>Click Here for Virtual Tour</u></a></p>",CONSTRUCTION FEATURES,"<ul>
	<li>2x6 Floor Joists-16”O.C.</li>
	<li>2x6 Exterior Walls-16”O.C.</li>
	<li>Foundation Ready</li>
	<li>Architectural Shingles</li>
	<li>19/32”OSB T&amp;G Floor Decking</li>
	<li>In-Floor Waste Plumbing</li>
	<li>Kiln Dried Framing Lumber</li>
	<li>108”Sidewall(Flat Ceiling)</li>
	<li>30# Roof Load</li>
	<li>2x8 Rough Sawn Fascia</li>
	<li>3/12 Nominal Pitch(4:12 pitch single wides)</li>
</ul>

<p>ENERGY SAVING FEATURES</p>

<ul>
	<li>ENERGY STAR Standard</li>
	<li>Dual Pane Low-E/Argon Windows</li>
	<li>6”Recessed LED lighting T/O·R-40 Ceiling Insulation, Blown-in</li>
	<li>R-21 Exterior Wall Insulation</li>
	<li>R-33 Floor Insulation</li>
</ul>
",EXTERIOR FEATURES,"<ul>
	<li>LP Smart Panel Sidingw/5/50 year warranty</li>
	<li>Whole House Wrap</li>
	<li>Gable Over Front Door(Per Model)</li>
	<li>36”Front and Rear Doors·Continuous Eave Soffit Venting</li>
	<li>Ridge Style Roof Venting·4”Window Trim</li>
	<li>14”Eaves(Dble Wide)6”Eaves(Single Wide)</li>
	<li>Exterior GFI Receptacle(1)</li>
</ul>
",INTERIOR FEATURES,"<ul>
	<li>Tape and Texture Drywall Throughout</li>
	<li>Round Sheetrock Corners</li>
	<li>Orange Peel Ceiling Drywall Finish</li>
	<li>Cabinet Doors Shaker</li>
	<li>No-Wax Vinyl Flooring(Kitchen,Utility,Baths)</li>
	<li>5# Carpet Pad</li>
	<li>Cape Cod 25oz Carpet</li>
	<li>Entry Lino</li>
	<li>Ceiling Fan w/Light(Living Rm)·Baseboard Molding in Vinyl Areas</li>
	<li>Laminated Counter Tops w/Splash(Baths)</li>
	<li>Ceramic/Glass B-Splash Kit.(Level #8)</li>
	<li>Crescent Edge T/Out</li>
	<li>Vented Wardrobe &amp; Linen Shelving</li>
	<li>Nickel Hardware Throughout</li>
	<li>Entertainment Center(Per Model)</li>
	<li>2-Panel Interior Doors</li>
	<li>Wood Window Interior Wrap</li>
	<li>Ceiling Coffer(2 Per Print) (No S/W)</li>
	<li>USB Port (1) Std</li>
	<li>Crown Molding (Living Area Only)</li>
</ul>
",KITCHEN & BATH FEATURES,"<p>KITCHEN</p>

<ul>
	<li>SAMSUNG Stainless Steel 18 c/f Refer w/icemaker</li>
	<li>SAMSUNG Stainless Steel Free Standing Glass Top Range</li>
	<li>30”Stainless Steel Exhaust Fan over Range</li>
	<li>Kitchen Sink8”Stainless Steel</li>
	<li>Single Lever Faucet with Sprayer</li>
	<li>Fire Extinguisher Under Sink</li>
</ul>

<p>BATHROOM</p>

<ul>
	<li>60”Fiberglass Tub/Shower in each Bath</li>
	<li>Adjustable Shower Heads</li>
	<li>China Lavy Sinks T/O(per model)</li>
	<li>Lavy Cabinet Height36”</li>
	<li>Exhaust Fan w/ Light in each Bath</li>
	<li>Wood Trimmed Mirrors</li>
	<li>Comfort Height Elongated Toilets</li>
	<li>Gun Slot Window Over T/S(Per Model)</li>
</ul>
",UTILITY FEATURES,"<ul>
	<li>All Electric Appliances</li>
	<li>200 Amp Electrical Service</li>
	<li>EcoBee T-Stat</li>
	<li>Forced Air Elect Down Flow Furnace</li>
	<li>40 Gallon Electric Water Heater</li>
	<li>Plumbed/Wire For Washer and Dryer</li>
	<li>Freezer Receptacle(Per Model)</li>
	<li>Receptacle at Fresh Water Inlet</li>
	<li>Shut-Off Valves at Toilets&amp; Sinks</li>
	<li>Whole House Shut-off Valve</li>
	<li>AC/HP Ready</li>
</ul>

<p>SAFETY FEATURES</p>

<ul>
	<li>Smoke Alarms, Bedrooms &amp; Living Areas</li>
	<li>Deadbolts on Front and Rear Doors</li>
	<li>All Copper Wiring</li>
	<li>GFI Receptacle at all Wet Areas</li>
	<li>Porch Lights at each Exterior Entry</li>
	<li>Egress Windows in all Bedrooms</li>
</ul>
",,,,,,,Golden West
product_GWing-564F,Product,Inspiration Gold Series / Shasta ING564F,"<p><strong>BEDS:</strong>&nbsp;3&nbsp; &nbsp; &nbsp;<strong>BATHS:</strong>&nbsp;2&nbsp; &nbsp; &nbsp;<strong>SQ FT:</strong>&nbsp;1,512&nbsp; &nbsp; &nbsp;</p><p><strong>W X L:</strong>&nbsp;28′ x 56′</p><p>The Inspiration Gold Series / Shasta ING 564F built by Golden West Homes offers 1,512 square feet of well-planned living space, featuring 3 bedrooms and 2 bathrooms. This manufactured home is designed to meet both comfort and style needs, with open living areas ideal for social gatherings and private bedrooms that create a cozy retreat. The Shasta ING 564F is an excellent choice for families or individuals seeking a modern home that balances functionality with a warm, inviting atmosphere.</p>",866235_e8db84fe6be7429790969dd0a236d5d1~mv2.webp;866235_9e1592afe2ac43c18afa7711bea898f1~mv2.webp;866235_4bd3921615154c098e716ac89e50c6a6~mv2.webp;866235_c4b4fffcc89a480dbd5d7513515c96e5~mv2.jpg,"Double-Section;Golden West;Inspiration Gold;1,500 - 2,000",ING564F,"1,512 SQ FT",0,,TRUE,PERCENT,0,InStock,,,,,,,,,,,,,,,,,,,,,3D Tour and Downloads,"<p><u><a href=""https://raw.githubusercontent.com/CadelMVH/Wix-Gallery-Downloads/main/ING/ING564F.pdf"" target=""_blank"">Click Here to Download PDF</a></u></p> 
<p>&nbsp;</p> 
<p><a href=""https://momento360.com/e/uc/d4eebf0274f4454fa5f84f43c9d45ba3"" target=""_blank""><u>Click Here for Virtual Tour</u></a></p>",CONSTRUCTION FEATURES,"<ul>
	<li>2x6 Floor Joists-16”O.C.</li>
	<li>2x6 Exterior Walls-16”O.C.</li>
	<li>Foundation Ready</li>
	<li>Architectural Shingles</li>
	<li>19/32”OSB T&amp;G Floor Decking</li>
	<li>In-Floor Waste Plumbing</li>
	<li>Kiln Dried Framing Lumber</li>
	<li>108”Sidewall(Flat Ceiling)</li>
	<li>30# Roof Load</li>
	<li>2x8 Rough Sawn Fascia</li>
	<li>3/12 Nominal Pitch(4:12 pitch single wides)</li>
</ul>

<p>ENERGY SAVING FEATURES</p>

<ul>
	<li>ENERGY STAR Standard</li>
	<li>Dual Pane Low-E/Argon Windows</li>
	<li>6”Recessed LED lighting T/O·R-40 Ceiling Insulation, Blown-in</li>
	<li>R-21 Exterior Wall Insulation</li>
	<li>R-33 Floor Insulation</li>
</ul>
",EXTERIOR FEATURES,"<ul>
	<li>LP Smart Panel Sidingw/5/50 year warranty</li>
	<li>Whole House Wrap</li>
	<li>Gable Over Front Door(Per Model)</li>
	<li>36”Front and Rear Doors·Continuous Eave Soffit Venting</li>
	<li>Ridge Style Roof Venting·4”Window Trim</li>
	<li>14”Eaves(Dble Wide)6”Eaves(Single Wide)</li>
	<li>Exterior GFI Receptacle(1)</li>
</ul>
",INTERIOR FEATURES,"<ul>
	<li>Tape and Texture Drywall Throughout</li>
	<li>Round Sheetrock Corners</li>
	<li>Orange Peel Ceiling Drywall Finish</li>
	<li>Cabinet Doors Shaker</li>
	<li>No-Wax Vinyl Flooring(Kitchen,Utility,Baths)</li>
	<li>5# Carpet Pad</li>
	<li>Cape Cod 25oz Carpet</li>
	<li>Entry Lino</li>
	<li>Ceiling Fan w/Light(Living Rm)·Baseboard Molding in Vinyl Areas</li>
	<li>Laminated Counter Tops w/Splash(Baths)</li>
	<li>Ceramic/Glass B-Splash Kit.(Level #8)</li>
	<li>Crescent Edge T/Out</li>
	<li>Vented Wardrobe &amp; Linen Shelving</li>
	<li>Nickel Hardware Throughout</li>
	<li>Entertainment Center(Per Model)</li>
	<li>2-Panel Interior Doors</li>
	<li>Wood Window Interior Wrap</li>
	<li>Ceiling Coffer(2 Per Print) (No S/W)</li>
	<li>USB Port (1) Std</li>
	<li>Crown Molding (Living Area Only)</li>
</ul>
",KITCHEN & BATH FEATURES,"<p>KITCHEN</p>

<ul>
	<li>SAMSUNG Stainless Steel 18 c/f Refer w/icemaker</li>
	<li>SAMSUNG Stainless Steel Free Standing Glass Top Range</li>
	<li>30”Stainless Steel Exhaust Fan over Range</li>
	<li>Kitchen Sink8”Stainless Steel</li>
	<li>Single Lever Faucet with Sprayer</li>
	<li>Fire Extinguisher Under Sink</li>
</ul>

<p>BATHROOM</p>

<ul>
	<li>60”Fiberglass Tub/Shower in each Bath</li>
	<li>Adjustable Shower Heads</li>
	<li>China Lavy Sinks T/O(per model)</li>
	<li>Lavy Cabinet Height36”</li>
	<li>Exhaust Fan w/ Light in each Bath</li>
	<li>Wood Trimmed Mirrors</li>
	<li>Comfort Height Elongated Toilets</li>
	<li>Gun Slot Window Over T/S(Per Model)</li>
</ul>
",UTILITY FEATURES,"<ul>
	<li>All Electric Appliances</li>
	<li>200 Amp Electrical Service</li>
	<li>EcoBee T-Stat</li>
	<li>Forced Air Elect Down Flow Furnace</li>
	<li>40 Gallon Electric Water Heater</li>
	<li>Plumbed/Wire For Washer and Dryer</li>
	<li>Freezer Receptacle(Per Model)</li>
	<li>Receptacle at Fresh Water Inlet</li>
	<li>Shut-Off Valves at Toilets&amp; Sinks</li>
	<li>Whole House Shut-off Valve</li>
	<li>AC/HP Ready</li>
</ul>

<p>SAFETY FEATURES</p>

<ul>
	<li>Smoke Alarms, Bedrooms &amp; Living Areas</li>
	<li>Deadbolts on Front and Rear Doors</li>
	<li>All Copper Wiring</li>
	<li>GFI Receptacle at all Wet Areas</li>
	<li>Porch Lights at each Exterior Entry</li>
	<li>Egress Windows in all Bedrooms</li>
</ul>
",,,,,,,Golden West
product_GWing-565F,Product,Inspiration Gold Series / Scarlet Oak ING565F,"<p><strong>BEDS:</strong>&nbsp;3&nbsp; &nbsp; &nbsp;<strong>BATHS:</strong>&nbsp;2&nbsp; &nbsp; &nbsp;<strong>SQ FT:</strong>&nbsp;1,512&nbsp; &nbsp; &nbsp;</p><p><strong>W X L:</strong>&nbsp;27′&nbsp;x 56′</p><p>The Inspiration Gold Series / The Scarlet Oak ING 565F built by Golden West Albany offers 3 bedrooms, 2 bathrooms, and 1,512 square feet of thoughtfully arranged space. With its well-balanced layout and inviting atmosphere, this manufactured home provides the comfort of private bedrooms and the convenience of open shared areas. The Scarlet Oak ING 565F is ideal for those seeking a stylish and functional home that adapts easily to everyday living.</p>",866235_a501b9edc0144f5b83fffe6cdd7ea904~mv2.webp,"Golden West;Inspiration Gold;1,500 - 2,000;Double-Section",ING565F,"1,512 SQ FT",0,,TRUE,PERCENT,0,InStock,,,,,,,,,,,,,,,,,,,,,3D Tour and Downloads,"<p><u><a href=""https://raw.githubusercontent.com/CadelMVH/Wix-Gallery-Downloads/main/ING/ING565F.pdf"" target=""_blank"">Click Here to Download PDF</a></u></p> 
<p>&nbsp;</p> 
<p><a href="""" target=""_blank""><u>Click Here for Virtual Tour</u></a></p>",CONSTRUCTION FEATURES,"<ul>
	<li>2x6 Floor Joists-16”O.C.</li>
	<li>2x6 Exterior Walls-16”O.C.</li>
	<li>Foundation Ready</li>
	<li>Architectural Shingles</li>
	<li>19/32”OSB T&amp;G Floor Decking</li>
	<li>In-Floor Waste Plumbing</li>
	<li>Kiln Dried Framing Lumber</li>
	<li>108”Sidewall(Flat Ceiling)</li>
	<li>30# Roof Load</li>
	<li>2x8 Rough Sawn Fascia</li>
	<li>3/12 Nominal Pitch(4:12 pitch single wides)</li>
</ul>

<p>ENERGY SAVING FEATURES</p>

<ul>
	<li>ENERGY STAR Standard</li>
	<li>Dual Pane Low-E/Argon Windows</li>
	<li>6”Recessed LED lighting T/O·R-40 Ceiling Insulation, Blown-in</li>
	<li>R-21 Exterior Wall Insulation</li>
	<li>R-33 Floor Insulation</li>
</ul>
",EXTERIOR FEATURES,"<ul>
	<li>LP Smart Panel Sidingw/5/50 year warranty</li>
	<li>Whole House Wrap</li>
	<li>Gable Over Front Door(Per Model)</li>
	<li>36”Front and Rear Doors·Continuous Eave Soffit Venting</li>
	<li>Ridge Style Roof Venting·4”Window Trim</li>
	<li>14”Eaves(Dble Wide)6”Eaves(Single Wide)</li>
	<li>Exterior GFI Receptacle(1)</li>
</ul>
",INTERIOR FEATURES,"<ul>
	<li>Tape and Texture Drywall Throughout</li>
	<li>Round Sheetrock Corners</li>
	<li>Orange Peel Ceiling Drywall Finish</li>
	<li>Cabinet Doors Shaker</li>
	<li>No-Wax Vinyl Flooring(Kitchen,Utility,Baths)</li>
	<li>5# Carpet Pad</li>
	<li>Cape Cod 25oz Carpet</li>
	<li>Entry Lino</li>
	<li>Ceiling Fan w/Light(Living Rm)·Baseboard Molding in Vinyl Areas</li>
	<li>Laminated Counter Tops w/Splash(Baths)</li>
	<li>Ceramic/Glass B-Splash Kit.(Level #8)</li>
	<li>Crescent Edge T/Out</li>
	<li>Vented Wardrobe &amp; Linen Shelving</li>
	<li>Nickel Hardware Throughout</li>
	<li>Entertainment Center(Per Model)</li>
	<li>2-Panel Interior Doors</li>
	<li>Wood Window Interior Wrap</li>
	<li>Ceiling Coffer(2 Per Print) (No S/W)</li>
	<li>USB Port (1) Std</li>
	<li>Crown Molding (Living Area Only)</li>
</ul>
",KITCHEN & BATH FEATURES,"<p>KITCHEN</p>

<ul>
	<li>SAMSUNG Stainless Steel 18 c/f Refer w/icemaker</li>
	<li>SAMSUNG Stainless Steel Free Standing Glass Top Range</li>
	<li>30”Stainless Steel Exhaust Fan over Range</li>
	<li>Kitchen Sink8”Stainless Steel</li>
	<li>Single Lever Faucet with Sprayer</li>
	<li>Fire Extinguisher Under Sink</li>
</ul>

<p>BATHROOM</p>

<ul>
	<li>60”Fiberglass Tub/Shower in each Bath</li>
	<li>Adjustable Shower Heads</li>
	<li>China Lavy Sinks T/O(per model)</li>
	<li>Lavy Cabinet Height36”</li>
	<li>Exhaust Fan w/ Light in each Bath</li>
	<li>Wood Trimmed Mirrors</li>
	<li>Comfort Height Elongated Toilets</li>
	<li>Gun Slot Window Over T/S(Per Model)</li>
</ul>
",UTILITY FEATURES,"<ul>
	<li>All Electric Appliances</li>
	<li>200 Amp Electrical Service</li>
	<li>EcoBee T-Stat</li>
	<li>Forced Air Elect Down Flow Furnace</li>
	<li>40 Gallon Electric Water Heater</li>
	<li>Plumbed/Wire For Washer and Dryer</li>
	<li>Freezer Receptacle(Per Model)</li>
	<li>Receptacle at Fresh Water Inlet</li>
	<li>Shut-Off Valves at Toilets&amp; Sinks</li>
	<li>Whole House Shut-off Valve</li>
	<li>AC/HP Ready</li>
</ul>

<p>SAFETY FEATURES</p>

<ul>
	<li>Smoke Alarms, Bedrooms &amp; Living Areas</li>
	<li>Deadbolts on Front and Rear Doors</li>
	<li>All Copper Wiring</li>
	<li>GFI Receptacle at all Wet Areas</li>
	<li>Porch Lights at each Exterior Entry</li>
	<li>Egress Windows in all Bedrooms</li>
</ul>
",,,,,,,Golden West
product_GWing-605F,Product,Inspiration Gold Series / Grand Noble ING605F,"<p><strong>BEDS:</strong>&nbsp;3&nbsp; &nbsp; &nbsp;<strong>BATHS:</strong>&nbsp;2&nbsp; &nbsp; &nbsp;<strong>SQ FT:</strong>&nbsp;1,620&nbsp; &nbsp; &nbsp;</p><p><strong>W X L:</strong>&nbsp;27′&nbsp;x 60′</p><p>The Inspiration Gold Series / Grand Noble ING 605F built by Golden West Homes offers 1,620 square feet of thoughtfully arranged living space, featuring 3 bedrooms and 2 bathrooms. This manufactured home is designed for those who value both style and functionality, with spacious living areas for gatherings and private bedrooms that provide a relaxing retreat. The Grand Noble ING 605F is an excellent choice for families or individuals seeking a modern home that balances comfort and practical living solutions.</p>",866235_36a39eecffdf4c83a5bc415ce94fc164~mv2.webp;866235_cd114917670a419f83dae9a917f6ed3c~mv2.jpg,"Golden West;Inspiration Gold;1,500 - 2,000;Double-Section",INS605F,"1,620 SQ FT",0,,TRUE,PERCENT,0,InStock,,,,,,,,,,,,,,,,,,,,,3D Tour and Downloads,"<p><u><a href=""https://raw.githubusercontent.com/CadelMVH/Wix-Gallery-Downloads/main/ING/ING605F.pdf"" target=""_blank"">Click Here to Download PDF</a></u></p> 
<p>&nbsp;</p> 
<p><a href=""https://my.matterport.com/show/?play=1&m=QkyD1Gqr67p"" target=""_blank""><u>Click Here for Virtual Tour</u></a></p>",CONSTRUCTION FEATURES,"<ul>
	<li>2x6 Floor Joists-16”O.C.</li>
	<li>2x6 Exterior Walls-16”O.C.</li>
	<li>Foundation Ready</li>
	<li>Architectural Shingles</li>
	<li>19/32”OSB T&amp;G Floor Decking</li>
	<li>In-Floor Waste Plumbing</li>
	<li>Kiln Dried Framing Lumber</li>
	<li>108”Sidewall(Flat Ceiling)</li>
	<li>30# Roof Load</li>
	<li>2x8 Rough Sawn Fascia</li>
	<li>3/12 Nominal Pitch(4:12 pitch single wides)</li>
</ul>

<p>ENERGY SAVING FEATURES</p>

<ul>
	<li>ENERGY STAR Standard</li>
	<li>Dual Pane Low-E/Argon Windows</li>
	<li>6”Recessed LED lighting T/O·R-40 Ceiling Insulation, Blown-in</li>
	<li>R-21 Exterior Wall Insulation</li>
	<li>R-33 Floor Insulation</li>
</ul>
",EXTERIOR FEATURES,"<ul>
	<li>LP Smart Panel Sidingw/5/50 year warranty</li>
	<li>Whole House Wrap</li>
	<li>Gable Over Front Door(Per Model)</li>
	<li>36”Front and Rear Doors·Continuous Eave Soffit Venting</li>
	<li>Ridge Style Roof Venting·4”Window Trim</li>
	<li>14”Eaves(Dble Wide)6”Eaves(Single Wide)</li>
	<li>Exterior GFI Receptacle(1)</li>
</ul>
",INTERIOR FEATURES,"<ul>
	<li>Tape and Texture Drywall Throughout</li>
	<li>Round Sheetrock Corners</li>
	<li>Orange Peel Ceiling Drywall Finish</li>
	<li>Cabinet Doors Shaker</li>
	<li>No-Wax Vinyl Flooring(Kitchen,Utility,Baths)</li>
	<li>5# Carpet Pad</li>
	<li>Cape Cod 25oz Carpet</li>
	<li>Entry Lino</li>
	<li>Ceiling Fan w/Light(Living Rm)·Baseboard Molding in Vinyl Areas</li>
	<li>Laminated Counter Tops w/Splash(Baths)</li>
	<li>Ceramic/Glass B-Splash Kit.(Level #8)</li>
	<li>Crescent Edge T/Out</li>
	<li>Vented Wardrobe &amp; Linen Shelving</li>
	<li>Nickel Hardware Throughout</li>
	<li>Entertainment Center(Per Model)</li>
	<li>2-Panel Interior Doors</li>
	<li>Wood Window Interior Wrap</li>
	<li>Ceiling Coffer(2 Per Print) (No S/W)</li>
	<li>USB Port (1) Std</li>
	<li>Crown Molding (Living Area Only)</li>
</ul>
",KITCHEN & BATH FEATURES,"<p>KITCHEN</p>

<ul>
	<li>SAMSUNG Stainless Steel 18 c/f Refer w/icemaker</li>
	<li>SAMSUNG Stainless Steel Free Standing Glass Top Range</li>
	<li>30”Stainless Steel Exhaust Fan over Range</li>
	<li>Kitchen Sink8”Stainless Steel</li>
	<li>Single Lever Faucet with Sprayer</li>
	<li>Fire Extinguisher Under Sink</li>
</ul>

<p>BATHROOM</p>

<ul>
	<li>60”Fiberglass Tub/Shower in each Bath</li>
	<li>Adjustable Shower Heads</li>
	<li>China Lavy Sinks T/O(per model)</li>
	<li>Lavy Cabinet Height36”</li>
	<li>Exhaust Fan w/ Light in each Bath</li>
	<li>Wood Trimmed Mirrors</li>
	<li>Comfort Height Elongated Toilets</li>
	<li>Gun Slot Window Over T/S(Per Model)</li>
</ul>
",UTILITY FEATURES,"<ul>
	<li>All Electric Appliances</li>
	<li>200 Amp Electrical Service</li>
	<li>EcoBee T-Stat</li>
	<li>Forced Air Elect Down Flow Furnace</li>
	<li>40 Gallon Electric Water Heater</li>
	<li>Plumbed/Wire For Washer and Dryer</li>
	<li>Freezer Receptacle(Per Model)</li>
	<li>Receptacle at Fresh Water Inlet</li>
	<li>Shut-Off Valves at Toilets&amp; Sinks</li>
	<li>Whole House Shut-off Valve</li>
	<li>AC/HP Ready</li>
</ul>

<p>SAFETY FEATURES</p>

<ul>
	<li>Smoke Alarms, Bedrooms &amp; Living Areas</li>
	<li>Deadbolts on Front and Rear Doors</li>
	<li>All Copper Wiring</li>
	<li>GFI Receptacle at all Wet Areas</li>
	<li>Porch Lights at each Exterior Entry</li>
	<li>Egress Windows in all Bedrooms</li>
</ul>
",,,,,,,Golden West
product_GWing-662F,Product,Inspiration Gold Series / Shagbark Hickory ING662F,"<p><strong>BEDS:</strong>&nbsp;4&nbsp; &nbsp; &nbsp;<strong>BATHS:</strong>&nbsp;2&nbsp; &nbsp; &nbsp;<strong>SQ FT:</strong>&nbsp;1,773&nbsp; &nbsp; &nbsp;</p><p><strong>W X L:</strong>&nbsp;27′ x 66′</p><p>The Inspiration Gold Series / The Shagbark Hickory ING 662F built by Golden West Albany offers 4 bedrooms, 2 bathrooms, and 1,773 square feet of comfortable living space. With a layout that encourages family connection and easy everyday living, this manufactured home brings together warmth and convenience under one roof. The Shagbark Hickory ING 662F is a welcoming and spacious home that’s ready to support your family’s next chapter.</p>",866235_6f0c8e04ab2b422d98722b322d2269d6~mv2.webp;866235_6666196d273745cb9551583c3b190fc1~mv2.jpg,"Golden West;Inspiration Gold;1,500 - 2,000;Double-Section",ING662F,"1,782 SQ FT",0,,TRUE,PERCENT,0,InStock,,,,,,,,,,,,,,,,,,,,,3D Tour and Downloads,"<p><u><a href=""https://raw.githubusercontent.com/CadelMVH/Wix-Gallery-Downloads/main/ING/ING662F.pdf"" target=""_blank"">Click Here to Download PDF</a></u></p> 
<p>&nbsp;</p> 
<p><a href="""" target=""_blank""><u>Click Here for Virtual Tour</u></a></p>",CONSTRUCTION FEATURES,"<ul>
	<li>2x6 Floor Joists-16”O.C.</li>
	<li>2x6 Exterior Walls-16”O.C.</li>
	<li>Foundation Ready</li>
	<li>Architectural Shingles</li>
	<li>19/32”OSB T&amp;G Floor Decking</li>
	<li>In-Floor Waste Plumbing</li>
	<li>Kiln Dried Framing Lumber</li>
	<li>108”Sidewall(Flat Ceiling)</li>
	<li>30# Roof Load</li>
	<li>2x8 Rough Sawn Fascia</li>
	<li>3/12 Nominal Pitch(4:12 pitch single wides)</li>
</ul>

<p>ENERGY SAVING FEATURES</p>

<ul>
	<li>ENERGY STAR Standard</li>
	<li>Dual Pane Low-E/Argon Windows</li>
	<li>6”Recessed LED lighting T/O·R-40 Ceiling Insulation, Blown-in</li>
	<li>R-21 Exterior Wall Insulation</li>
	<li>R-33 Floor Insulation</li>
</ul>
",EXTERIOR FEATURES,"<ul>
	<li>LP Smart Panel Sidingw/5/50 year warranty</li>
	<li>Whole House Wrap</li>
	<li>Gable Over Front Door(Per Model)</li>
	<li>36”Front and Rear Doors·Continuous Eave Soffit Venting</li>
	<li>Ridge Style Roof Venting·4”Window Trim</li>
	<li>14”Eaves(Dble Wide)6”Eaves(Single Wide)</li>
	<li>Exterior GFI Receptacle(1)</li>
</ul>
",INTERIOR FEATURES,"<ul>
	<li>Tape and Texture Drywall Throughout</li>
	<li>Round Sheetrock Corners</li>
	<li>Orange Peel Ceiling Drywall Finish</li>
	<li>Cabinet Doors Shaker</li>
	<li>No-Wax Vinyl Flooring(Kitchen,Utility,Baths)</li>
	<li>5# Carpet Pad</li>
	<li>Cape Cod 25oz Carpet</li>
	<li>Entry Lino</li>
	<li>Ceiling Fan w/Light(Living Rm)·Baseboard Molding in Vinyl Areas</li>
	<li>Laminated Counter Tops w/Splash(Baths)</li>
	<li>Ceramic/Glass B-Splash Kit.(Level #8)</li>
	<li>Crescent Edge T/Out</li>
	<li>Vented Wardrobe &amp; Linen Shelving</li>
	<li>Nickel Hardware Throughout</li>
	<li>Entertainment Center(Per Model)</li>
	<li>2-Panel Interior Doors</li>
	<li>Wood Window Interior Wrap</li>
	<li>Ceiling Coffer(2 Per Print) (No S/W)</li>
	<li>USB Port (1) Std</li>
	<li>Crown Molding (Living Area Only)</li>
</ul>
",KITCHEN & BATH FEATURES,"<p>KITCHEN</p>

<ul>
	<li>SAMSUNG Stainless Steel 18 c/f Refer w/icemaker</li>
	<li>SAMSUNG Stainless Steel Free Standing Glass Top Range</li>
	<li>30”Stainless Steel Exhaust Fan over Range</li>
	<li>Kitchen Sink8”Stainless Steel</li>
	<li>Single Lever Faucet with Sprayer</li>
	<li>Fire Extinguisher Under Sink</li>
</ul>

<p>BATHROOM</p>

<ul>
	<li>60”Fiberglass Tub/Shower in each Bath</li>
	<li>Adjustable Shower Heads</li>
	<li>China Lavy Sinks T/O(per model)</li>
	<li>Lavy Cabinet Height36”</li>
	<li>Exhaust Fan w/ Light in each Bath</li>
	<li>Wood Trimmed Mirrors</li>
	<li>Comfort Height Elongated Toilets</li>
	<li>Gun Slot Window Over T/S(Per Model)</li>
</ul>
",UTILITY FEATURES,"<ul>
	<li>All Electric Appliances</li>
	<li>200 Amp Electrical Service</li>
	<li>EcoBee T-Stat</li>
	<li>Forced Air Elect Down Flow Furnace</li>
	<li>40 Gallon Electric Water Heater</li>
	<li>Plumbed/Wire For Washer and Dryer</li>
	<li>Freezer Receptacle(Per Model)</li>
	<li>Receptacle at Fresh Water Inlet</li>
	<li>Shut-Off Valves at Toilets&amp; Sinks</li>
	<li>Whole House Shut-off Valve</li>
	<li>AC/HP Ready</li>
</ul>

<p>SAFETY FEATURES</p>

<ul>
	<li>Smoke Alarms, Bedrooms &amp; Living Areas</li>
	<li>Deadbolts on Front and Rear Doors</li>
	<li>All Copper Wiring</li>
	<li>GFI Receptacle at all Wet Areas</li>
	<li>Porch Lights at each Exterior Entry</li>
	<li>Egress Windows in all Bedrooms</li>
</ul>
",,,,,,,Golden West
product_GWing-681F,Product,Inspiration Gold Series / Eucalyptus ING681F,"<p><strong>BEDS:</strong>&nbsp;3&nbsp; &nbsp; &nbsp;<strong>BATHS:</strong>&nbsp;2&nbsp; &nbsp; &nbsp;<strong>SQ FT:</strong>&nbsp;1,836&nbsp; &nbsp; &nbsp;</p><p><strong>W X L:</strong>&nbsp;28′ x 68′</p><p>&nbsp;</p><p>The Inspiration Gold Series / Eucalyptus ING 681F built by Golden West Homes provides 1,836 square feet of thoughtfully designed living space, featuring 3 bedrooms and 2 bathrooms. This manufactured home offers a blend of style and functionality, with spacious living areas perfect for gatherings and private bedrooms that create a peaceful retreat. The Eucalyptus ING 681F is a wonderful choice for families or individuals seeking a modern home that combines comfort with a welcoming atmosphere.</p>",866235_c39eaa6bd99a45649f99387daa9f0934~mv2.webp;866235_6fe37461e3ed4cfdb4e08d96bbd9d582~mv2.webp;866235_bae653e2ec5848eda056e061ddd84c8f~mv2.webp;866235_e713a530d6304c008b7b2140389c8904~mv2.jpg;866235_3411fb59c74f4c8f9e69b88bb58d2b4e~mv2.jpg;866235_6e5e7dcdecef479b9b887013df71f625~mv2.jpg;866235_4225a6572ba84c21b877575d626e81b5~mv2.jpg;866235_34773e10d6814e1daaa95da0d5b094ad~mv2.jpg;866235_90789f12e7754cf1a04209f75626d375~mv2.jpg;866235_67f24552ce924e048eedcf744852b75b~mv2.jpg;866235_a53d372ff02a417f939002012b1d9c1d~mv2.jpg;866235_47620e8cccac49b1904e94a8fddf0780~mv2.jpg;866235_b620dc87660b428eb80bdf7f4266c56d~mv2.jpg;866235_132c28daa7f24ee283eee04fd8c89fa7~mv2.jpg,"Double-Section;Golden West;Inspiration Gold;1,500 - 2,000",ING681F,"1,836 SQ FT",0,,TRUE,PERCENT,0,InStock,,,,,,,,,,,,,,,,,,,,,3D Tour and Downloads,"<p><u><a href=""https://raw.githubusercontent.com/CadelMVH/Wix-Gallery-Downloads/main/ING/ING681F.pdf"" target=""_blank"">Click Here to Download PDF</a></u></p> 
<p>&nbsp;</p> 
<p><a href=""https://momento360.com/e/uc/82c50572b7cb4955a9e8bd9223e45cf0"" target=""_blank""><u>Click Here for Virtual Tour</u></a></p>",CONSTRUCTION FEATURES,"<ul>
	<li>2x6 Floor Joists-16”O.C.</li>
	<li>2x6 Exterior Walls-16”O.C.</li>
	<li>Foundation Ready</li>
	<li>Architectural Shingles</li>
	<li>19/32”OSB T&amp;G Floor Decking</li>
	<li>In-Floor Waste Plumbing</li>
	<li>Kiln Dried Framing Lumber</li>
	<li>108”Sidewall(Flat Ceiling)</li>
	<li>30# Roof Load</li>
	<li>2x8 Rough Sawn Fascia</li>
	<li>3/12 Nominal Pitch(4:12 pitch single wides)</li>
</ul>

<p>ENERGY SAVING FEATURES</p>

<ul>
	<li>ENERGY STAR Standard</li>
	<li>Dual Pane Low-E/Argon Windows</li>
	<li>6”Recessed LED lighting T/O·R-40 Ceiling Insulation, Blown-in</li>
	<li>R-21 Exterior Wall Insulation</li>
	<li>R-33 Floor Insulation</li>
</ul>
",EXTERIOR FEATURES,"<ul>
	<li>LP Smart Panel Sidingw/5/50 year warranty</li>
	<li>Whole House Wrap</li>
	<li>Gable Over Front Door(Per Model)</li>
	<li>36”Front and Rear Doors·Continuous Eave Soffit Venting</li>
	<li>Ridge Style Roof Venting·4”Window Trim</li>
	<li>14”Eaves(Dble Wide)6”Eaves(Single Wide)</li>
	<li>Exterior GFI Receptacle(1)</li>
</ul>
",INTERIOR FEATURES,"<ul>
	<li>Tape and Texture Drywall Throughout</li>
	<li>Round Sheetrock Corners</li>
	<li>Orange Peel Ceiling Drywall Finish</li>
	<li>Cabinet Doors Shaker</li>
	<li>No-Wax Vinyl Flooring(Kitchen,Utility,Baths)</li>
	<li>5# Carpet Pad</li>
	<li>Cape Cod 25oz Carpet</li>
	<li>Entry Lino</li>
	<li>Ceiling Fan w/Light(Living Rm)·Baseboard Molding in Vinyl Areas</li>
	<li>Laminated Counter Tops w/Splash(Baths)</li>
	<li>Ceramic/Glass B-Splash Kit.(Level #8)</li>
	<li>Crescent Edge T/Out</li>
	<li>Vented Wardrobe &amp; Linen Shelving</li>
	<li>Nickel Hardware Throughout</li>
	<li>Entertainment Center(Per Model)</li>
	<li>2-Panel Interior Doors</li>
	<li>Wood Window Interior Wrap</li>
	<li>Ceiling Coffer(2 Per Print) (No S/W)</li>
	<li>USB Port (1) Std</li>
	<li>Crown Molding (Living Area Only)</li>
</ul>
",KITCHEN & BATH FEATURES,"<p>KITCHEN</p>

<ul>
	<li>SAMSUNG Stainless Steel 18 c/f Refer w/icemaker</li>
	<li>SAMSUNG Stainless Steel Free Standing Glass Top Range</li>
	<li>30”Stainless Steel Exhaust Fan over Range</li>
	<li>Kitchen Sink8”Stainless Steel</li>
	<li>Single Lever Faucet with Sprayer</li>
	<li>Fire Extinguisher Under Sink</li>
</ul>

<p>BATHROOM</p>

<ul>
	<li>60”Fiberglass Tub/Shower in each Bath</li>
	<li>Adjustable Shower Heads</li>
	<li>China Lavy Sinks T/O(per model)</li>
	<li>Lavy Cabinet Height36”</li>
	<li>Exhaust Fan w/ Light in each Bath</li>
	<li>Wood Trimmed Mirrors</li>
	<li>Comfort Height Elongated Toilets</li>
	<li>Gun Slot Window Over T/S(Per Model)</li>
</ul>
",UTILITY FEATURES,"<ul>
	<li>All Electric Appliances</li>
	<li>200 Amp Electrical Service</li>
	<li>EcoBee T-Stat</li>
	<li>Forced Air Elect Down Flow Furnace</li>
	<li>40 Gallon Electric Water Heater</li>
	<li>Plumbed/Wire For Washer and Dryer</li>
	<li>Freezer Receptacle(Per Model)</li>
	<li>Receptacle at Fresh Water Inlet</li>
	<li>Shut-Off Valves at Toilets&amp; Sinks</li>
	<li>Whole House Shut-off Valve</li>
	<li>AC/HP Ready</li>
</ul>

<p>SAFETY FEATURES</p>

<ul>
	<li>Smoke Alarms, Bedrooms &amp; Living Areas</li>
	<li>Deadbolts on Front and Rear Doors</li>
	<li>All Copper Wiring</li>
	<li>GFI Receptacle at all Wet Areas</li>
	<li>Porch Lights at each Exterior Entry</li>
	<li>Egress Windows in all Bedrooms</li>
</ul>
",,,,,,,Golden West
product_GWing-684F,Product,Inspiration Gold Series / Western Larch ING684F,"<p><strong>BEDS:</strong>&nbsp;3&nbsp; &nbsp; &nbsp;<strong>BATHS:</strong>&nbsp;2&nbsp; &nbsp;&nbsp;<strong>SQ FT:</strong>&nbsp;1,836&nbsp; &nbsp; &nbsp;</p><p><strong>W X L:</strong>&nbsp;27′ x 68′</p><p>The Inspiration Gold Series / Western Larch ING 684F built by Golden West Homes provides 1,836 square feet of spacious living, featuring 3 bedrooms and 2 bathrooms. This manufactured home balances comfort with elegance, offering open areas perfect for gatherings and private bedrooms that provide a peaceful escape. The Western Larch ING 684F is a top choice for families or individuals seeking a stylish, functional home that meets modern living needs, making daily life comfortable and inviting in every detail.</p>",866235_294dec024f0947749abc08eb031c8f14~mv2.webp;866235_b9757a2f73dc4a75b05249389d0a1ede~mv2.webp;866235_501dcbe3498f4860942bdd8053e353c0~mv2.jpg,"Golden West;Inspiration Gold;1,500 - 2,000;Double-Section",ING684F,"1,836 SQ FT",0,,TRUE,PERCENT,0,InStock,,,,,,,,,,,,,,,,,,,,,3D Tour and Downloads,"<p><u><a href=""https://raw.githubusercontent.com/CadelMVH/Wix-Gallery-Downloads/main/ING/ING684F.pdf"" target=""_blank"">Click Here to Download PDF</a></u></p> 
<p>&nbsp;</p> 
<p><a href="""" target=""_blank""><u>Click Here for Virtual Tour</u></a></p>",CONSTRUCTION FEATURES,"<ul>
	<li>2x6 Floor Joists-16”O.C.</li>
	<li>2x6 Exterior Walls-16”O.C.</li>
	<li>Foundation Ready</li>
	<li>Architectural Shingles</li>
	<li>19/32”OSB T&amp;G Floor Decking</li>
	<li>In-Floor Waste Plumbing</li>
	<li>Kiln Dried Framing Lumber</li>
	<li>108”Sidewall(Flat Ceiling)</li>
	<li>30# Roof Load</li>
	<li>2x8 Rough Sawn Fascia</li>
	<li>3/12 Nominal Pitch(4:12 pitch single wides)</li>
</ul>

<p>ENERGY SAVING FEATURES</p>

<ul>
	<li>ENERGY STAR Standard</li>
	<li>Dual Pane Low-E/Argon Windows</li>
	<li>6”Recessed LED lighting T/O·R-40 Ceiling Insulation, Blown-in</li>
	<li>R-21 Exterior Wall Insulation</li>
	<li>R-33 Floor Insulation</li>
</ul>
",EXTERIOR FEATURES,"<ul>
	<li>LP Smart Panel Sidingw/5/50 year warranty</li>
	<li>Whole House Wrap</li>
	<li>Gable Over Front Door(Per Model)</li>
	<li>36”Front and Rear Doors·Continuous Eave Soffit Venting</li>
	<li>Ridge Style Roof Venting·4”Window Trim</li>
	<li>14”Eaves(Dble Wide)6”Eaves(Single Wide)</li>
	<li>Exterior GFI Receptacle(1)</li>
</ul>
",INTERIOR FEATURES,"<ul>
	<li>Tape and Texture Drywall Throughout</li>
	<li>Round Sheetrock Corners</li>
	<li>Orange Peel Ceiling Drywall Finish</li>
	<li>Cabinet Doors Shaker</li>
	<li>No-Wax Vinyl Flooring(Kitchen,Utility,Baths)</li>
	<li>5# Carpet Pad</li>
	<li>Cape Cod 25oz Carpet</li>
	<li>Entry Lino</li>
	<li>Ceiling Fan w/Light(Living Rm)·Baseboard Molding in Vinyl Areas</li>
	<li>Laminated Counter Tops w/Splash(Baths)</li>
	<li>Ceramic/Glass B-Splash Kit.(Level #8)</li>
	<li>Crescent Edge T/Out</li>
	<li>Vented Wardrobe &amp; Linen Shelving</li>
	<li>Nickel Hardware Throughout</li>
	<li>Entertainment Center(Per Model)</li>
	<li>2-Panel Interior Doors</li>
	<li>Wood Window Interior Wrap</li>
	<li>Ceiling Coffer(2 Per Print) (No S/W)</li>
	<li>USB Port (1) Std</li>
	<li>Crown Molding (Living Area Only)</li>
</ul>
",KITCHEN & BATH FEATURES,"<p>KITCHEN</p>

<ul>
	<li>SAMSUNG Stainless Steel 18 c/f Refer w/icemaker</li>
	<li>SAMSUNG Stainless Steel Free Standing Glass Top Range</li>
	<li>30”Stainless Steel Exhaust Fan over Range</li>
	<li>Kitchen Sink8”Stainless Steel</li>
	<li>Single Lever Faucet with Sprayer</li>
	<li>Fire Extinguisher Under Sink</li>
</ul>

<p>BATHROOM</p>

<ul>
	<li>60”Fiberglass Tub/Shower in each Bath</li>
	<li>Adjustable Shower Heads</li>
	<li>China Lavy Sinks T/O(per model)</li>
	<li>Lavy Cabinet Height36”</li>
	<li>Exhaust Fan w/ Light in each Bath</li>
	<li>Wood Trimmed Mirrors</li>
	<li>Comfort Height Elongated Toilets</li>
	<li>Gun Slot Window Over T/S(Per Model)</li>
</ul>
",UTILITY FEATURES,"<ul>
	<li>All Electric Appliances</li>
	<li>200 Amp Electrical Service</li>
	<li>EcoBee T-Stat</li>
	<li>Forced Air Elect Down Flow Furnace</li>
	<li>40 Gallon Electric Water Heater</li>
	<li>Plumbed/Wire For Washer and Dryer</li>
	<li>Freezer Receptacle(Per Model)</li>
	<li>Receptacle at Fresh Water Inlet</li>
	<li>Shut-Off Valves at Toilets&amp; Sinks</li>
	<li>Whole House Shut-off Valve</li>
	<li>AC/HP Ready</li>
</ul>

<p>SAFETY FEATURES</p>

<ul>
	<li>Smoke Alarms, Bedrooms &amp; Living Areas</li>
	<li>Deadbolts on Front and Rear Doors</li>
	<li>All Copper Wiring</li>
	<li>GFI Receptacle at all Wet Areas</li>
	<li>Porch Lights at each Exterior Entry</li>
	<li>Egress Windows in all Bedrooms</li>
</ul>
",,,,,,,Golden West
product_GWing-762G,Product,Inspiration Gold Series / Giant Sequoia ING762G,"<p><strong>BEDS:</strong>&nbsp;4&nbsp; &nbsp; &nbsp;<strong>BATHS:</strong>&nbsp;2&nbsp; &nbsp; &nbsp;<strong>SQ FT:</strong>&nbsp;2,280&nbsp; &nbsp; &nbsp;</p><p><strong>W X L:</strong>&nbsp;30′ x 76′</p><p>The Inspiration Gold Series / Giant Sequoia ING 762G built by Golden West Homes provides a spacious 2,280 square feet of living space, featuring 4 bedrooms and 2 bathrooms. This manufactured home is crafted to accommodate both family life and gatherings, offering expansive open areas for socializing and private bedrooms that serve as a restful retreat. The Giant Sequoia ING 762G is an ideal choice for those seeking a modern, roomy home that combines functionality with a warm and inviting atmosphere for everyday comfort.</p>",866235_7a7710d23e64421a846429f49952ff6c~mv2.webp;866235_37f01b7f39614604adc8b62fcbad3130~mv2.webp;866235_db4911abf39a40159bbb1ff7489f1496~mv2.jpg,"Golden West;Inspiration Gold;2,000+;Double-Section",ING762G,"2,280 SQ FT",0,,TRUE,PERCENT,0,InStock,,,,,,,,,,,,,,,,,,,,,3D Tour and Downloads,"<p><u><a href=""https://raw.githubusercontent.com/CadelMVH/Wix-Gallery-Downloads/main/ING/ING762G.pdf"" target=""_blank"">Click Here to Download PDF</a></u></p> 
<p>&nbsp;</p> 
<p><a href=""https://my.matterport.com/show/?m=o6SZeYvAzTd"" target=""_blank""><u>Click Here for Virtual Tour</u></a></p>",CONSTRUCTION FEATURES,"<ul>
	<li>2x6 Floor Joists-16”O.C.</li>
	<li>2x6 Exterior Walls-16”O.C.</li>
	<li>Foundation Ready</li>
	<li>Architectural Shingles</li>
	<li>19/32”OSB T&amp;G Floor Decking</li>
	<li>In-Floor Waste Plumbing</li>
	<li>Kiln Dried Framing Lumber</li>
	<li>108”Sidewall(Flat Ceiling)</li>
	<li>30# Roof Load</li>
	<li>2x8 Rough Sawn Fascia</li>
	<li>3/12 Nominal Pitch(4:12 pitch single wides)</li>
</ul>

<p>ENERGY SAVING FEATURES</p>

<ul>
	<li>ENERGY STAR Standard</li>
	<li>Dual Pane Low-E/Argon Windows</li>
	<li>6”Recessed LED lighting T/O·R-40 Ceiling Insulation, Blown-in</li>
	<li>R-21 Exterior Wall Insulation</li>
	<li>R-33 Floor Insulation</li>
</ul>
",EXTERIOR FEATURES,"<ul>
	<li>LP Smart Panel Sidingw/5/50 year warranty</li>
	<li>Whole House Wrap</li>
	<li>Gable Over Front Door(Per Model)</li>
	<li>36”Front and Rear Doors·Continuous Eave Soffit Venting</li>
	<li>Ridge Style Roof Venting·4”Window Trim</li>
	<li>14”Eaves(Dble Wide)6”Eaves(Single Wide)</li>
	<li>Exterior GFI Receptacle(1)</li>
</ul>
",INTERIOR FEATURES,"<ul>
	<li>Tape and Texture Drywall Throughout</li>
	<li>Round Sheetrock Corners</li>
	<li>Orange Peel Ceiling Drywall Finish</li>
	<li>Cabinet Doors Shaker</li>
	<li>No-Wax Vinyl Flooring(Kitchen,Utility,Baths)</li>
	<li>5# Carpet Pad</li>
	<li>Cape Cod 25oz Carpet</li>
	<li>Entry Lino</li>
	<li>Ceiling Fan w/Light(Living Rm)·Baseboard Molding in Vinyl Areas</li>
	<li>Laminated Counter Tops w/Splash(Baths)</li>
	<li>Ceramic/Glass B-Splash Kit.(Level #8)</li>
	<li>Crescent Edge T/Out</li>
	<li>Vented Wardrobe &amp; Linen Shelving</li>
	<li>Nickel Hardware Throughout</li>
	<li>Entertainment Center(Per Model)</li>
	<li>2-Panel Interior Doors</li>
	<li>Wood Window Interior Wrap</li>
	<li>Ceiling Coffer(2 Per Print) (No S/W)</li>
	<li>USB Port (1) Std</li>
	<li>Crown Molding (Living Area Only)</li>
</ul>
",KITCHEN & BATH FEATURES,"<p>KITCHEN</p>

<ul>
	<li>SAMSUNG Stainless Steel 18 c/f Refer w/icemaker</li>
	<li>SAMSUNG Stainless Steel Free Standing Glass Top Range</li>
	<li>30”Stainless Steel Exhaust Fan over Range</li>
	<li>Kitchen Sink8”Stainless Steel</li>
	<li>Single Lever Faucet with Sprayer</li>
	<li>Fire Extinguisher Under Sink</li>
</ul>

<p>BATHROOM</p>

<ul>
	<li>60”Fiberglass Tub/Shower in each Bath</li>
	<li>Adjustable Shower Heads</li>
	<li>China Lavy Sinks T/O(per model)</li>
	<li>Lavy Cabinet Height36”</li>
	<li>Exhaust Fan w/ Light in each Bath</li>
	<li>Wood Trimmed Mirrors</li>
	<li>Comfort Height Elongated Toilets</li>
	<li>Gun Slot Window Over T/S(Per Model)</li>
</ul>
",UTILITY FEATURES,"<ul>
	<li>All Electric Appliances</li>
	<li>200 Amp Electrical Service</li>
	<li>EcoBee T-Stat</li>
	<li>Forced Air Elect Down Flow Furnace</li>
	<li>40 Gallon Electric Water Heater</li>
	<li>Plumbed/Wire For Washer and Dryer</li>
	<li>Freezer Receptacle(Per Model)</li>
	<li>Receptacle at Fresh Water Inlet</li>
	<li>Shut-Off Valves at Toilets&amp; Sinks</li>
	<li>Whole House Shut-off Valve</li>
	<li>AC/HP Ready</li>
</ul>

<p>SAFETY FEATURES</p>

<ul>
	<li>Smoke Alarms, Bedrooms &amp; Living Areas</li>
	<li>Deadbolts on Front and Rear Doors</li>
	<li>All Copper Wiring</li>
	<li>GFI Receptacle at all Wet Areas</li>
	<li>Porch Lights at each Exterior Entry</li>
	<li>Egress Windows in all Bedrooms</li>
</ul>
",,,,,,,Golden West
product_GWing-764G,Product,Inspiration Gold Series / Weeping Willow ING764G,"<p><strong>BEDS:</strong>&nbsp;4&nbsp; &nbsp; &nbsp;<strong>BATHS:</strong>&nbsp;2&nbsp; &nbsp; &nbsp;<strong>SQ FT:</strong>&nbsp;2,280&nbsp; &nbsp; &nbsp;</p><p><strong>W X L:</strong>&nbsp;30′ x 76′&nbsp;</p><p>The Inspiration Gold Series / Weeping Willow ING 764G built by Golden West Homes offers a generous 2,280 square feet of living space, featuring 4 bedrooms and 2 bathrooms. This manufactured home is thoughtfully designed for family living, with expansive open areas perfect for gatherings and private bedrooms that provide a peaceful retreat. The Weeping Willow ING 764G is an ideal choice for those seeking a spacious, modern home that combines functionality with a warm, welcoming atmosphere for comfortable everyday life.</p>",866235_56f6b3fe1ddc4849a569dcb79dcbcf0a~mv2.webp;866235_771fae93f7b94c21937c7687b588475b~mv2.jpg,"Golden West;Inspiration Gold;2,000+",ING764G,"2,280 SQ FT",0,,TRUE,PERCENT,0,InStock,,,,,,,,,,,,,,,,,,,,,3D Tour and Downloads,"<p><u><a href=""https://raw.githubusercontent.com/CadelMVH/Wix-Gallery-Downloads/main/ING/ING764G.pdf"" target=""_blank"">Click Here to Download PDF</a></u></p> 
<p>&nbsp;</p> 
<p><a href="""" target=""_blank""><u>Click Here for Virtual Tour</u></a></p>",CONSTRUCTION FEATURES,"<ul>
	<li>2x6 Floor Joists-16”O.C.</li>
	<li>2x6 Exterior Walls-16”O.C.</li>
	<li>Foundation Ready</li>
	<li>Architectural Shingles</li>
	<li>19/32”OSB T&amp;G Floor Decking</li>
	<li>In-Floor Waste Plumbing</li>
	<li>Kiln Dried Framing Lumber</li>
	<li>108”Sidewall(Flat Ceiling)</li>
	<li>30# Roof Load</li>
	<li>2x8 Rough Sawn Fascia</li>
	<li>3/12 Nominal Pitch(4:12 pitch single wides)</li>
</ul>

<p>ENERGY SAVING FEATURES</p>

<ul>
	<li>ENERGY STAR Standard</li>
	<li>Dual Pane Low-E/Argon Windows</li>
	<li>6”Recessed LED lighting T/O·R-40 Ceiling Insulation, Blown-in</li>
	<li>R-21 Exterior Wall Insulation</li>
	<li>R-33 Floor Insulation</li>
</ul>
",EXTERIOR FEATURES,"<ul>
	<li>LP Smart Panel Sidingw/5/50 year warranty</li>
	<li>Whole House Wrap</li>
	<li>Gable Over Front Door(Per Model)</li>
	<li>36”Front and Rear Doors·Continuous Eave Soffit Venting</li>
	<li>Ridge Style Roof Venting·4”Window Trim</li>
	<li>14”Eaves(Dble Wide)6”Eaves(Single Wide)</li>
	<li>Exterior GFI Receptacle(1)</li>
</ul>
",INTERIOR FEATURES,"<ul>
	<li>Tape and Texture Drywall Throughout</li>
	<li>Round Sheetrock Corners</li>
	<li>Orange Peel Ceiling Drywall Finish</li>
	<li>Cabinet Doors Shaker</li>
	<li>No-Wax Vinyl Flooring(Kitchen,Utility,Baths)</li>
	<li>5# Carpet Pad</li>
	<li>Cape Cod 25oz Carpet</li>
	<li>Entry Lino</li>
	<li>Ceiling Fan w/Light(Living Rm)·Baseboard Molding in Vinyl Areas</li>
	<li>Laminated Counter Tops w/Splash(Baths)</li>
	<li>Ceramic/Glass B-Splash Kit.(Level #8)</li>
	<li>Crescent Edge T/Out</li>
	<li>Vented Wardrobe &amp; Linen Shelving</li>
	<li>Nickel Hardware Throughout</li>
	<li>Entertainment Center(Per Model)</li>
	<li>2-Panel Interior Doors</li>
	<li>Wood Window Interior Wrap</li>
	<li>Ceiling Coffer(2 Per Print) (No S/W)</li>
	<li>USB Port (1) Std</li>
	<li>Crown Molding (Living Area Only)</li>
</ul>
",KITCHEN & BATH FEATURES,"<p>KITCHEN</p>

<ul>
	<li>SAMSUNG Stainless Steel 18 c/f Refer w/icemaker</li>
	<li>SAMSUNG Stainless Steel Free Standing Glass Top Range</li>
	<li>30”Stainless Steel Exhaust Fan over Range</li>
	<li>Kitchen Sink8”Stainless Steel</li>
	<li>Single Lever Faucet with Sprayer</li>
	<li>Fire Extinguisher Under Sink</li>
</ul>

<p>BATHROOM</p>

<ul>
	<li>60”Fiberglass Tub/Shower in each Bath</li>
	<li>Adjustable Shower Heads</li>
	<li>China Lavy Sinks T/O(per model)</li>
	<li>Lavy Cabinet Height36”</li>
	<li>Exhaust Fan w/ Light in each Bath</li>
	<li>Wood Trimmed Mirrors</li>
	<li>Comfort Height Elongated Toilets</li>
	<li>Gun Slot Window Over T/S(Per Model)</li>
</ul>
",UTILITY FEATURES,"<ul>
	<li>All Electric Appliances</li>
	<li>200 Amp Electrical Service</li>
	<li>EcoBee T-Stat</li>
	<li>Forced Air Elect Down Flow Furnace</li>
	<li>40 Gallon Electric Water Heater</li>
	<li>Plumbed/Wire For Washer and Dryer</li>
	<li>Freezer Receptacle(Per Model)</li>
	<li>Receptacle at Fresh Water Inlet</li>
	<li>Shut-Off Valves at Toilets&amp; Sinks</li>
	<li>Whole House Shut-off Valve</li>
	<li>AC/HP Ready</li>
</ul>

<p>SAFETY FEATURES</p>

<ul>
	<li>Smoke Alarms, Bedrooms &amp; Living Areas</li>
	<li>Deadbolts on Front and Rear Doors</li>
	<li>All Copper Wiring</li>
	<li>GFI Receptacle at all Wet Areas</li>
	<li>Porch Lights at each Exterior Entry</li>
	<li>Egress Windows in all Bedrooms</li>
</ul>
",,,,,,,Golden West
product_GWing-601K,Product,Inspiration Gold Series / White Pine ING601K,"<p><strong>BEDS:</strong>&nbsp;3&nbsp; &nbsp; &nbsp;<strong>BATHS:</strong>&nbsp;3&nbsp; &nbsp; &nbsp;<strong>SQ FT:</strong>&nbsp;2,347&nbsp; &nbsp; &nbsp;</p><p><strong>W X L:</strong>&nbsp;40′ x 60′</p><p>The Inspiration Gold Series / White Pine ING 601K built by Golden West Homes provides a spacious 2,347 square feet of living space, featuring 3 bedrooms and 3 bathrooms. This manufactured home is designed for those who value both luxury and practicality, offering expansive open areas ideal for entertaining and private bedrooms that ensure a peaceful retreat. The White Pine ING 601K is an exceptional choice for families or individuals seeking a modern, roomy home that balances comfort with sophisticated style, making daily living a pleasure.</p>",866235_18e97ea091ad4f8ebc663dd16f955a9a~mv2.webp;866235_cb70ab86ebda4d349329059ef381bb22~mv2.jpg;866235_b473f23372434ee3b5ed047c9f856af9~mv2.webp,"Triple-Section;2,000+;Golden West;Inspiration Gold",ING601K,"2,347 SQ FT",0,,TRUE,PERCENT,0,InStock,,,,,,,,,,,,,,,,,,,,,3D Tour and Downloads,"<p><u><a href=""https://raw.githubusercontent.com/CadelMVH/Wix-Gallery-Downloads/main/ING/ING601K.pdf"" target=""_blank"">Click Here to Download PDF</a></u></p> 
<p>&nbsp;</p> 
<p><a href="""" target=""_blank""><u>Click Here for Virtual Tour</u></a></p>",CONSTRUCTION FEATURES,"<ul>
	<li>2x6 Floor Joists-16”O.C.</li>
	<li>2x6 Exterior Walls-16”O.C.</li>
	<li>Foundation Ready</li>
	<li>Architectural Shingles</li>
	<li>19/32”OSB T&amp;G Floor Decking</li>
	<li>In-Floor Waste Plumbing</li>
	<li>Kiln Dried Framing Lumber</li>
	<li>108”Sidewall(Flat Ceiling)</li>
	<li>30# Roof Load</li>
	<li>2x8 Rough Sawn Fascia</li>
	<li>3/12 Nominal Pitch(4:12 pitch single wides)</li>
</ul>

<p>ENERGY SAVING FEATURES</p>

<ul>
	<li>ENERGY STAR Standard</li>
	<li>Dual Pane Low-E/Argon Windows</li>
	<li>6”Recessed LED lighting T/O·R-40 Ceiling Insulation, Blown-in</li>
	<li>R-21 Exterior Wall Insulation</li>
	<li>R-33 Floor Insulation</li>
</ul>
",EXTERIOR FEATURES,"<ul>
	<li>LP Smart Panel Sidingw/5/50 year warranty</li>
	<li>Whole House Wrap</li>
	<li>Gable Over Front Door(Per Model)</li>
	<li>36”Front and Rear Doors·Continuous Eave Soffit Venting</li>
	<li>Ridge Style Roof Venting·4”Window Trim</li>
	<li>14”Eaves(Dble Wide)6”Eaves(Single Wide)</li>
	<li>Exterior GFI Receptacle(1)</li>
</ul>
",INTERIOR FEATURES,"<ul>
	<li>Tape and Texture Drywall Throughout</li>
	<li>Round Sheetrock Corners</li>
	<li>Orange Peel Ceiling Drywall Finish</li>
	<li>Cabinet Doors Shaker</li>
	<li>No-Wax Vinyl Flooring(Kitchen,Utility,Baths)</li>
	<li>5# Carpet Pad</li>
	<li>Cape Cod 25oz Carpet</li>
	<li>Entry Lino</li>
	<li>Ceiling Fan w/Light(Living Rm)·Baseboard Molding in Vinyl Areas</li>
	<li>Laminated Counter Tops w/Splash(Baths)</li>
	<li>Ceramic/Glass B-Splash Kit.(Level #8)</li>
	<li>Crescent Edge T/Out</li>
	<li>Vented Wardrobe &amp; Linen Shelving</li>
	<li>Nickel Hardware Throughout</li>
	<li>Entertainment Center(Per Model)</li>
	<li>2-Panel Interior Doors</li>
	<li>Wood Window Interior Wrap</li>
	<li>Ceiling Coffer(2 Per Print) (No S/W)</li>
	<li>USB Port (1) Std</li>
	<li>Crown Molding (Living Area Only)</li>
</ul>
",KITCHEN & BATH FEATURES,"<p>KITCHEN</p>

<ul>
	<li>SAMSUNG Stainless Steel 18 c/f Refer w/icemaker</li>
	<li>SAMSUNG Stainless Steel Free Standing Glass Top Range</li>
	<li>30”Stainless Steel Exhaust Fan over Range</li>
	<li>Kitchen Sink8”Stainless Steel</li>
	<li>Single Lever Faucet with Sprayer</li>
	<li>Fire Extinguisher Under Sink</li>
</ul>

<p>BATHROOM</p>

<ul>
	<li>60”Fiberglass Tub/Shower in each Bath</li>
	<li>Adjustable Shower Heads</li>
	<li>China Lavy Sinks T/O(per model)</li>
	<li>Lavy Cabinet Height36”</li>
	<li>Exhaust Fan w/ Light in each Bath</li>
	<li>Wood Trimmed Mirrors</li>
	<li>Comfort Height Elongated Toilets</li>
	<li>Gun Slot Window Over T/S(Per Model)</li>
</ul>
",UTILITY FEATURES,"<ul>
	<li>All Electric Appliances</li>
	<li>200 Amp Electrical Service</li>
	<li>EcoBee T-Stat</li>
	<li>Forced Air Elect Down Flow Furnace</li>
	<li>40 Gallon Electric Water Heater</li>
	<li>Plumbed/Wire For Washer and Dryer</li>
	<li>Freezer Receptacle(Per Model)</li>
	<li>Receptacle at Fresh Water Inlet</li>
	<li>Shut-Off Valves at Toilets&amp; Sinks</li>
	<li>Whole House Shut-off Valve</li>
	<li>AC/HP Ready</li>
</ul>

<p>SAFETY FEATURES</p>

<ul>
	<li>Smoke Alarms, Bedrooms &amp; Living Areas</li>
	<li>Deadbolts on Front and Rear Doors</li>
	<li>All Copper Wiring</li>
	<li>GFI Receptacle at all Wet Areas</li>
	<li>Porch Lights at each Exterior Entry</li>
	<li>Egress Windows in all Bedrooms</li>
</ul>
",,,,,,,Golden West
product_GWing-602K,Product,Inspiration Gold Series / General Sherman ING602K,"<p><strong>BEDS:</strong>&nbsp;3&nbsp; &nbsp; &nbsp;<strong>BATHS:</strong>&nbsp;2&nbsp; &nbsp; &nbsp;<strong>SQ FT:</strong>&nbsp;2,347&nbsp; &nbsp; &nbsp;</p><p><strong>W X L:</strong>&nbsp;40′ x 60′</p><p>The Inspiration Gold Series / The General Sherman ING 602K built by Golden West Albany delivers an expansive 2,347 square feet of well-designed living space with 3 bedrooms and 2 bathrooms. This manufactured home showcases an inviting layout that offers both privacy and togetherness, ideal for everyday life or entertaining guests. The General Sherman ING 602K is a refined and spacious retreat that perfectly blends function and comfort.</p>",866235_e930c73dfc5b4b9ea6ce858ab4b004d0~mv2.webp;866235_b473f23372434ee3b5ed047c9f856af9~mv2.webp;866235_8d84096105d3442cb49fe56fd0e2416f~mv2.jpg,"Golden West;Inspiration Gold;2,000+;Double-Section",ING602K,"2,347 SQ FT",0,,TRUE,PERCENT,0,InStock,,,,,,,,,,,,,,,,,,,,,3D Tour and Downloads,"<p><u><a href=""https://raw.githubusercontent.com/CadelMVH/Wix-Gallery-Downloads/main/ING/ING602K.pdf"" target=""_blank"">Click Here to Download PDF</a></u></p> 
<p>&nbsp;</p> 
<p><a href="""" target=""_blank""><u>Click Here for Virtual Tour</u></a></p>",CONSTRUCTION FEATURES,"<ul>
	<li>2x6 Floor Joists-16”O.C.</li>
	<li>2x6 Exterior Walls-16”O.C.</li>
	<li>Foundation Ready</li>
	<li>Architectural Shingles</li>
	<li>19/32”OSB T&amp;G Floor Decking</li>
	<li>In-Floor Waste Plumbing</li>
	<li>Kiln Dried Framing Lumber</li>
	<li>108”Sidewall(Flat Ceiling)</li>
	<li>30# Roof Load</li>
	<li>2x8 Rough Sawn Fascia</li>
	<li>3/12 Nominal Pitch(4:12 pitch single wides)</li>
</ul>

<p>ENERGY SAVING FEATURES</p>

<ul>
	<li>ENERGY STAR Standard</li>
	<li>Dual Pane Low-E/Argon Windows</li>
	<li>6”Recessed LED lighting T/O·R-40 Ceiling Insulation, Blown-in</li>
	<li>R-21 Exterior Wall Insulation</li>
	<li>R-33 Floor Insulation</li>
</ul>
",EXTERIOR FEATURES,"<ul>
	<li>LP Smart Panel Sidingw/5/50 year warranty</li>
	<li>Whole House Wrap</li>
	<li>Gable Over Front Door(Per Model)</li>
	<li>36”Front and Rear Doors·Continuous Eave Soffit Venting</li>
	<li>Ridge Style Roof Venting·4”Window Trim</li>
	<li>14”Eaves(Dble Wide)6”Eaves(Single Wide)</li>
	<li>Exterior GFI Receptacle(1)</li>
</ul>
",INTERIOR FEATURES,"<ul>
	<li>Tape and Texture Drywall Throughout</li>
	<li>Round Sheetrock Corners</li>
	<li>Orange Peel Ceiling Drywall Finish</li>
	<li>Cabinet Doors Shaker</li>
	<li>No-Wax Vinyl Flooring(Kitchen,Utility,Baths)</li>
	<li>5# Carpet Pad</li>
	<li>Cape Cod 25oz Carpet</li>
	<li>Entry Lino</li>
	<li>Ceiling Fan w/Light(Living Rm)·Baseboard Molding in Vinyl Areas</li>
	<li>Laminated Counter Tops w/Splash(Baths)</li>
	<li>Ceramic/Glass B-Splash Kit.(Level #8)</li>
	<li>Crescent Edge T/Out</li>
	<li>Vented Wardrobe &amp; Linen Shelving</li>
	<li>Nickel Hardware Throughout</li>
	<li>Entertainment Center(Per Model)</li>
	<li>2-Panel Interior Doors</li>
	<li>Wood Window Interior Wrap</li>
	<li>Ceiling Coffer(2 Per Print) (No S/W)</li>
	<li>USB Port (1) Std</li>
	<li>Crown Molding (Living Area Only)</li>
</ul>
",KITCHEN & BATH FEATURES,"<p>KITCHEN</p>

<ul>
	<li>SAMSUNG Stainless Steel 18 c/f Refer w/icemaker</li>
	<li>SAMSUNG Stainless Steel Free Standing Glass Top Range</li>
	<li>30”Stainless Steel Exhaust Fan over Range</li>
	<li>Kitchen Sink8”Stainless Steel</li>
	<li>Single Lever Faucet with Sprayer</li>
	<li>Fire Extinguisher Under Sink</li>
</ul>

<p>BATHROOM</p>

<ul>
	<li>60”Fiberglass Tub/Shower in each Bath</li>
	<li>Adjustable Shower Heads</li>
	<li>China Lavy Sinks T/O(per model)</li>
	<li>Lavy Cabinet Height36”</li>
	<li>Exhaust Fan w/ Light in each Bath</li>
	<li>Wood Trimmed Mirrors</li>
	<li>Comfort Height Elongated Toilets</li>
	<li>Gun Slot Window Over T/S(Per Model)</li>
</ul>
",UTILITY FEATURES,"<ul>
	<li>All Electric Appliances</li>
	<li>200 Amp Electrical Service</li>
	<li>EcoBee T-Stat</li>
	<li>Forced Air Elect Down Flow Furnace</li>
	<li>40 Gallon Electric Water Heater</li>
	<li>Plumbed/Wire For Washer and Dryer</li>
	<li>Freezer Receptacle(Per Model)</li>
	<li>Receptacle at Fresh Water Inlet</li>
	<li>Shut-Off Valves at Toilets&amp; Sinks</li>
	<li>Whole House Shut-off Valve</li>
	<li>AC/HP Ready</li>
</ul>

<p>SAFETY FEATURES</p>

<ul>
	<li>Smoke Alarms, Bedrooms &amp; Living Areas</li>
	<li>Deadbolts on Front and Rear Doors</li>
	<li>All Copper Wiring</li>
	<li>GFI Receptacle at all Wet Areas</li>
	<li>Porch Lights at each Exterior Entry</li>
	<li>Egress Windows in all Bedrooms</li>
</ul>
",,,,,,,Golden West
product_GWing-621K,Product,Inspiration Gold Series / Tamarack ING621K,"<p><strong>BEDS:</strong>&nbsp;3&nbsp; &nbsp; &nbsp;<strong>BATHS:</strong>&nbsp;2&nbsp; &nbsp; &nbsp;<strong>SQ FT:</strong>&nbsp;1,993&nbsp; &nbsp; &nbsp;</p><p><strong>W X L:</strong>&nbsp;42′ x 62′</p><p>The Inspiration Gold Series / Tamarack ING 621K built by Golden West Homes offers 1,993 square feet of beautifully crafted living space, featuring 3 bedrooms and 2 bathrooms. This manufactured home is designed for those who appreciate both style and function, with spacious living areas for entertaining and private bedrooms that provide a relaxing retreat. The Tamarack ING 621K is an excellent choice for families or individuals seeking a modern, versatile home that combines comfort with practical design.</p>",866235_73dd3248ce204175b8031c8873fc99b3~mv2.webp;866235_9edc6cff36a44a9f919560ce4fa705e6~mv2.webp;866235_fbc67a8e9e2a4b4aaacb31d7f99c75d4~mv2.jpg,"Golden West;Inspiration Gold;2,000+;Triple-Section",ING621K,"2,038 SQ FT",0,,TRUE,PERCENT,0,InStock,,,,,,,,,,,,,,,,,,,,,3D Tour and Downloads,"<p><u><a href=""https://raw.githubusercontent.com/CadelMVH/Wix-Gallery-Downloads/main/ING/ING621K.pdf"" target=""_blank"">Click Here to Download PDF</a></u></p> 
<p>&nbsp;</p> 
<p><a href=""https://momento360.com/e/uc/3d33004720554c6c96b4f5dfbb605b25"" target=""_blank""><u>Click Here for Virtual Tour</u></a></p>",CONSTRUCTION FEATURES,"<ul>
	<li>2x6 Floor Joists-16”O.C.</li>
	<li>2x6 Exterior Walls-16”O.C.</li>
	<li>Foundation Ready</li>
	<li>Architectural Shingles</li>
	<li>19/32”OSB T&amp;G Floor Decking</li>
	<li>In-Floor Waste Plumbing</li>
	<li>Kiln Dried Framing Lumber</li>
	<li>108”Sidewall(Flat Ceiling)</li>
	<li>30# Roof Load</li>
	<li>2x8 Rough Sawn Fascia</li>
	<li>3/12 Nominal Pitch(4:12 pitch single wides)</li>
</ul>

<p>ENERGY SAVING FEATURES</p>

<ul>
	<li>ENERGY STAR Standard</li>
	<li>Dual Pane Low-E/Argon Windows</li>
	<li>6”Recessed LED lighting T/O·R-40 Ceiling Insulation, Blown-in</li>
	<li>R-21 Exterior Wall Insulation</li>
	<li>R-33 Floor Insulation</li>
</ul>
",EXTERIOR FEATURES,"<ul>
	<li>LP Smart Panel Sidingw/5/50 year warranty</li>
	<li>Whole House Wrap</li>
	<li>Gable Over Front Door(Per Model)</li>
	<li>36”Front and Rear Doors·Continuous Eave Soffit Venting</li>
	<li>Ridge Style Roof Venting·4”Window Trim</li>
	<li>14”Eaves(Dble Wide)6”Eaves(Single Wide)</li>
	<li>Exterior GFI Receptacle(1)</li>
</ul>
",INTERIOR FEATURES,"<ul>
	<li>Tape and Texture Drywall Throughout</li>
	<li>Round Sheetrock Corners</li>
	<li>Orange Peel Ceiling Drywall Finish</li>
	<li>Cabinet Doors Shaker</li>
	<li>No-Wax Vinyl Flooring(Kitchen,Utility,Baths)</li>
	<li>5# Carpet Pad</li>
	<li>Cape Cod 25oz Carpet</li>
	<li>Entry Lino</li>
	<li>Ceiling Fan w/Light(Living Rm)·Baseboard Molding in Vinyl Areas</li>
	<li>Laminated Counter Tops w/Splash(Baths)</li>
	<li>Ceramic/Glass B-Splash Kit.(Level #8)</li>
	<li>Crescent Edge T/Out</li>
	<li>Vented Wardrobe &amp; Linen Shelving</li>
	<li>Nickel Hardware Throughout</li>
	<li>Entertainment Center(Per Model)</li>
	<li>2-Panel Interior Doors</li>
	<li>Wood Window Interior Wrap</li>
	<li>Ceiling Coffer(2 Per Print) (No S/W)</li>
	<li>USB Port (1) Std</li>
	<li>Crown Molding (Living Area Only)</li>
</ul>
",KITCHEN & BATH FEATURES,"<p>KITCHEN</p>

<ul>
	<li>SAMSUNG Stainless Steel 18 c/f Refer w/icemaker</li>
	<li>SAMSUNG Stainless Steel Free Standing Glass Top Range</li>
	<li>30”Stainless Steel Exhaust Fan over Range</li>
	<li>Kitchen Sink8”Stainless Steel</li>
	<li>Single Lever Faucet with Sprayer</li>
	<li>Fire Extinguisher Under Sink</li>
</ul>

<p>BATHROOM</p>

<ul>
	<li>60”Fiberglass Tub/Shower in each Bath</li>
	<li>Adjustable Shower Heads</li>
	<li>China Lavy Sinks T/O(per model)</li>
	<li>Lavy Cabinet Height36”</li>
	<li>Exhaust Fan w/ Light in each Bath</li>
	<li>Wood Trimmed Mirrors</li>
	<li>Comfort Height Elongated Toilets</li>
	<li>Gun Slot Window Over T/S(Per Model)</li>
</ul>
",UTILITY FEATURES,"<ul>
	<li>All Electric Appliances</li>
	<li>200 Amp Electrical Service</li>
	<li>EcoBee T-Stat</li>
	<li>Forced Air Elect Down Flow Furnace</li>
	<li>40 Gallon Electric Water Heater</li>
	<li>Plumbed/Wire For Washer and Dryer</li>
	<li>Freezer Receptacle(Per Model)</li>
	<li>Receptacle at Fresh Water Inlet</li>
	<li>Shut-Off Valves at Toilets&amp; Sinks</li>
	<li>Whole House Shut-off Valve</li>
	<li>AC/HP Ready</li>
</ul>

<p>SAFETY FEATURES</p>

<ul>
	<li>Smoke Alarms, Bedrooms &amp; Living Areas</li>
	<li>Deadbolts on Front and Rear Doors</li>
	<li>All Copper Wiring</li>
	<li>GFI Receptacle at all Wet Areas</li>
	<li>Porch Lights at each Exterior Entry</li>
	<li>Egress Windows in all Bedrooms</li>
</ul>
",,,,,,,Golden West
product_GWing-682K,Product,Inspiration Gold Series / Ute Prayer ING682K,"<p><strong>BEDS:</strong>&nbsp;4&nbsp; &nbsp; &nbsp;<strong>BATHS:</strong>&nbsp;2&nbsp; &nbsp; &nbsp;<strong>SQ FT:</strong>&nbsp;2,654&nbsp; &nbsp; &nbsp;</p><p><strong>W X L:</strong>&nbsp;40′ x 68′</p><p>The Inspiration Gold Series / Ute Prayer ING 682K built by Golden West Homes offers an impressive 2,654 square feet of living space, featuring 4 bedrooms and 2 bathrooms. This manufactured home is crafted for those who value both space and comfort, with expansive open areas perfect for gatherings and private bedrooms that create a peaceful retreat. The Ute Prayer ING 682K is an ideal choice for families or individuals seeking a modern home that combines ample room with stylish, functional design for everyday enjoyment.</p>",866235_2fa13a2f5b904941a3cb75825d9edf03~mv2.webp;866235_a1362854bf714437984799545c2a6e67~mv2.jpg;866235_ed8fce1882f64cb8a8ed4a51aa5cc238~mv2.webp,"Triple-Section;2,000+;Golden West;Inspiration Gold",ING682K,"2,654 SQ FT",0,,TRUE,PERCENT,0,InStock,,,,,,,,,,,,,,,,,,,,,3D Tour and Downloads,"<p><u><a href=""https://raw.githubusercontent.com/CadelMVH/Wix-Gallery-Downloads/main/ING/ING682K.pdf"" target=""_blank"">Click Here to Download PDF</a></u></p> 
<p>&nbsp;</p> 
<p><a href="""" target=""_blank""><u>Click Here for Virtual Tour</u></a></p>",CONSTRUCTION FEATURES,"<ul>
	<li>2x6 Floor Joists-16”O.C.</li>
	<li>2x6 Exterior Walls-16”O.C.</li>
	<li>Foundation Ready</li>
	<li>Architectural Shingles</li>
	<li>19/32”OSB T&amp;G Floor Decking</li>
	<li>In-Floor Waste Plumbing</li>
	<li>Kiln Dried Framing Lumber</li>
	<li>108”Sidewall(Flat Ceiling)</li>
	<li>30# Roof Load</li>
	<li>2x8 Rough Sawn Fascia</li>
	<li>3/12 Nominal Pitch(4:12 pitch single wides)</li>
</ul>

<p>ENERGY SAVING FEATURES</p>

<ul>
	<li>ENERGY STAR Standard</li>
	<li>Dual Pane Low-E/Argon Windows</li>
	<li>6”Recessed LED lighting T/O·R-40 Ceiling Insulation, Blown-in</li>
	<li>R-21 Exterior Wall Insulation</li>
	<li>R-33 Floor Insulation</li>
</ul>
",EXTERIOR FEATURES,"<ul>
	<li>LP Smart Panel Sidingw/5/50 year warranty</li>
	<li>Whole House Wrap</li>
	<li>Gable Over Front Door(Per Model)</li>
	<li>36”Front and Rear Doors·Continuous Eave Soffit Venting</li>
	<li>Ridge Style Roof Venting·4”Window Trim</li>
	<li>14”Eaves(Dble Wide)6”Eaves(Single Wide)</li>
	<li>Exterior GFI Receptacle(1)</li>
</ul>
",INTERIOR FEATURES,"<ul>
	<li>Tape and Texture Drywall Throughout</li>
	<li>Round Sheetrock Corners</li>
	<li>Orange Peel Ceiling Drywall Finish</li>
	<li>Cabinet Doors Shaker</li>
	<li>No-Wax Vinyl Flooring(Kitchen,Utility,Baths)</li>
	<li>5# Carpet Pad</li>
	<li>Cape Cod 25oz Carpet</li>
	<li>Entry Lino</li>
	<li>Ceiling Fan w/Light(Living Rm)·Baseboard Molding in Vinyl Areas</li>
	<li>Laminated Counter Tops w/Splash(Baths)</li>
	<li>Ceramic/Glass B-Splash Kit.(Level #8)</li>
	<li>Crescent Edge T/Out</li>
	<li>Vented Wardrobe &amp; Linen Shelving</li>
	<li>Nickel Hardware Throughout</li>
	<li>Entertainment Center(Per Model)</li>
	<li>2-Panel Interior Doors</li>
	<li>Wood Window Interior Wrap</li>
	<li>Ceiling Coffer(2 Per Print) (No S/W)</li>
	<li>USB Port (1) Std</li>
	<li>Crown Molding (Living Area Only)</li>
</ul>
",KITCHEN & BATH FEATURES,"<p>KITCHEN</p>

<ul>
	<li>SAMSUNG Stainless Steel 18 c/f Refer w/icemaker</li>
	<li>SAMSUNG Stainless Steel Free Standing Glass Top Range</li>
	<li>30”Stainless Steel Exhaust Fan over Range</li>
	<li>Kitchen Sink8”Stainless Steel</li>
	<li>Single Lever Faucet with Sprayer</li>
	<li>Fire Extinguisher Under Sink</li>
</ul>

<p>BATHROOM</p>

<ul>
	<li>60”Fiberglass Tub/Shower in each Bath</li>
	<li>Adjustable Shower Heads</li>
	<li>China Lavy Sinks T/O(per model)</li>
	<li>Lavy Cabinet Height36”</li>
	<li>Exhaust Fan w/ Light in each Bath</li>
	<li>Wood Trimmed Mirrors</li>
	<li>Comfort Height Elongated Toilets</li>
	<li>Gun Slot Window Over T/S(Per Model)</li>
</ul>
",UTILITY FEATURES,"<ul>
	<li>All Electric Appliances</li>
	<li>200 Amp Electrical Service</li>
	<li>EcoBee T-Stat</li>
	<li>Forced Air Elect Down Flow Furnace</li>
	<li>40 Gallon Electric Water Heater</li>
	<li>Plumbed/Wire For Washer and Dryer</li>
	<li>Freezer Receptacle(Per Model)</li>
	<li>Receptacle at Fresh Water Inlet</li>
	<li>Shut-Off Valves at Toilets&amp; Sinks</li>
	<li>Whole House Shut-off Valve</li>
	<li>AC/HP Ready</li>
</ul>

<p>SAFETY FEATURES</p>

<ul>
	<li>Smoke Alarms, Bedrooms &amp; Living Areas</li>
	<li>Deadbolts on Front and Rear Doors</li>
	<li>All Copper Wiring</li>
	<li>GFI Receptacle at all Wet Areas</li>
	<li>Porch Lights at each Exterior Entry</li>
	<li>Egress Windows in all Bedrooms</li>
</ul>
",,,,,,,Golden West
product_Mcr-1001,Product,Columbia River Collection / 1001,"<p><strong>BEDS:</strong>&nbsp;1&nbsp; &nbsp; &nbsp;<strong>BATHS:</strong>&nbsp;1&nbsp; &nbsp; &nbsp;<strong>SQ FT:</strong>&nbsp;480&nbsp; &nbsp; &nbsp;<strong>W X L:</strong>&nbsp;13′ 4″ x 36′</p><p>&nbsp;</p><p>The 1001 built by Clayton West Hermiston is a well-crafted home featuring 1 bedroom, 1 bathroom, and 480 sq. ft. of living space. The open floor plan maximizes functionality, seamlessly connecting the living room, kitchen, and dining area. The master bedroom provides ample space and privacy, while modern finishes enhance the home’s appeal. Built with energy-efficient materials, the 1001 offers a comfortable and stylish living experience.<br><br><strong>3D Tour</strong></p><p><a href=""https://my.matterport.com/show/?play=1&amp;m=FgFZPzopwY2"">https://my.matterport.com/show/?play=1&amp;m=FgFZPzopwY2</a></p>",866235_853d5164a3c24b8eaa102b292ed30151~mv2.webp;866235_247cb1ec990a4c5691a4e0a8eff1d90a~mv2.webp,100 - 500;Columbia River;Marlette;Single-Section;Homes on Display,1001,480 SQ FT,0,,TRUE,PERCENT,0,InStock,,,,,,,,,,,,,,,,,,,,,,,,,,,,,,,,,,,,,,,Marlette
product_Mcr-1002,Product,Columbia River Collection / 1002,"<p><strong>BEDS:</strong>&nbsp;1&nbsp; &nbsp; &nbsp;<strong>BATHS:</strong>&nbsp;1&nbsp; &nbsp; &nbsp;<strong>SQ FT:</strong>&nbsp;536&nbsp; &nbsp; &nbsp;<strong>W X L:</strong>&nbsp;13′ 4″ x 40′</p><p>The 1002 built by Clayton West Hermiston is a thoughtfully designed home featuring 1 bedroom, 1 bathroom, and 536 sq. ft. of living space. The efficient layout includes a cozy living room, a well-appointed kitchen, and a dining area ideal for entertaining. The master suite offers a peaceful retreat with ample storage. Built for energy efficiency and lasting quality, the 1002 is a perfect choice for those seeking affordability and style.</p>",866235_bb979c7ad8c24e6e9b892a73d9b640f2~mv2.webp;866235_c9d24db2ee3e492c9f4b550f2e52be2c~mv2.webp,"Marlette;Columbia River;Single-Section;500 - 1,000",1002,533 SQ FT,0,,TRUE,PERCENT,0,InStock,,,,,,,,,,,,,,,,,,,,,,,,,,,,,,,,,,,,,,,Marlette
product_Mcr-1003,Product,Columbia River Collection / 1003,"<p><strong>BEDS:</strong>&nbsp;2&nbsp; &nbsp; &nbsp;<strong>BATHS:</strong>&nbsp;1&nbsp; &nbsp;&nbsp;<strong>SQ FT:</strong>&nbsp;640&nbsp; &nbsp; &nbsp;<strong>W X L:</strong>&nbsp;13′ 4″ x 48′</p><p>The 1003 built by Clayton West Hermiston is a compact and efficient home featuring 2 bedrooms, 1 bathroom, and 640 sq. ft. of living space. The open-concept design maximizes space, with a functional kitchen and a comfortable living area. The master suite includes a private retreat with modern touches. Built with energy-efficient features, the 1003 provides a perfect blend of practicality and style.</p><p>&nbsp;</p><p>&nbsp;</p>",866235_e4ac621f8a3144889a60b5345bebc466~mv2.webp;866235_1367a54e38994345b985714f664f2cc4~mv2.webp;866235_c4524d9295344d208f53f19d882b6bbb~mv2.webp,"500 - 1,000;Marlette;Columbia River;Single-Section",1003,640 SQ FT,0,,TRUE,PERCENT,0,InStock,,,,,,,,,,,,,,,,,,,,,,,,,,,,,,,,,,,,,,,Marlette
product_Mcr-1004,Product,Columbia River Collection / 1004,"<p><strong>BEDS:</strong>&nbsp;2&nbsp; &nbsp; &nbsp;<strong>BATHS:</strong>&nbsp;1&nbsp; &nbsp; &nbsp;<strong>SQ FT:</strong>&nbsp;766&nbsp; &nbsp; &nbsp;<strong>W X L:</strong>&nbsp;13′ 4″ x 56′&nbsp;</p><p>The 1004 built by Clayton West Hermiston is a stylish and efficient home featuring 2 bedrooms, 1 bathroom, and 766 sq. ft. of living space. The spacious living area flows seamlessly into the kitchen and dining space, creating a welcoming atmosphere. The master suite includes a walk-in closet and a private bath. With energy-efficient construction and contemporary finishes, the 1004 is a perfect balance of comfort and functionality.</p>",866235_22138506c8734aad9842602d7ba3df29~mv2.webp;866235_275084ce07cf4def9da7246877567d31~mv2.webp;866235_8b39c3a932444e208892e389e50f5b94~mv2.webp,"Marlette;Columbia River;Single-Section;500 - 1,000",1004,746 SQ FT,0,,TRUE,PERCENT,0,InStock,,,,,,,,,,,,,,,,,,,,,,,,,,,,,,,,,,,,,,,Marlette
product_Mcr-1005,Product,Columbia River Collection / 1005,"<p><strong>BEDS:</strong>&nbsp;2&nbsp; &nbsp; &nbsp;<strong>BATHS:</strong>&nbsp;2&nbsp; &nbsp; &nbsp;<strong>SQ FT:</strong>&nbsp;800&nbsp; &nbsp; &nbsp;<strong>W X L:</strong>&nbsp;13′ 4″ x 60′</p><p>The 1005 built by Clayton West Hermiston is a well-designed home featuring 2 bedrooms, 2 bathrooms, and 800 sq. ft. of living space. The open floor plan enhances the flow between the living room, kitchen, and dining area. The master suite provides a relaxing retreat with an ensuite bath. With energy-efficient construction and quality craftsmanship, the 1005 is ideal for modern living.</p>",866235_741d7b445e3942978286e57855dce640~mv2.webp;866235_80c182da73ab4852ae280711607eee8c~mv2.webp,"Marlette;Columbia River;Single-Section;500 - 1,000",1005,800 SQ FT,0,,TRUE,PERCENT,0,InStock,,,,,,,,,,,,,,,,,,,,,,,,,,,,,,,,,,,,,,,Marlette
product_Mcr-1006,Product,Columbia River Collection / 1006,"<p><strong>BEDS:</strong>&nbsp;2&nbsp; &nbsp; &nbsp;<strong>BATHS:</strong>&nbsp;2&nbsp; &nbsp; &nbsp;<strong>SQ FT:</strong>&nbsp;720&nbsp; &nbsp; &nbsp;<strong>W X L:</strong>&nbsp;15′ 0″ x 48′&nbsp;</p><p>The 1006 built by Clayton West Hermiston is a modern home offering 2 bedrooms, 2 bathrooms, and 720 sq. ft. of living space. The open-concept design creates a spacious feel, with a functional kitchen and a cozy living room. The master suite features a private bath and ample storage. Designed for efficiency and comfort, the 1006 is a great choice for those seeking a contemporary yet practical home.</p>",866235_6ec16412751e43d6949e69ed8025edce~mv2.webp;866235_9f48900df36f40e98c308a3d026c47da~mv2.webp;866235_115a402dfa834b91bb0be9609eb28f4c~mv2.webp,"Marlette;Columbia River;Single-Section;500 - 1,000",1006,720 SQ FT,0,,TRUE,PERCENT,0,InStock,,,,,,,,,,,,,,,,,,,,,,,,,,,,,,,,,,,,,,,Marlette
product_Mcr-1007,Product,Columbia River Collection / 1007,"<p><strong>BEDS:</strong>&nbsp;2&nbsp; &nbsp; &nbsp;<strong>BATHS:</strong>&nbsp;2&nbsp; &nbsp; &nbsp;<strong>SQ FT:</strong>&nbsp;720&nbsp; &nbsp; &nbsp;<strong>W X L:</strong>&nbsp;15′ 0″ x 48′</p><p>The 1007 built by Clayton West Hermiston is a beautifully crafted home featuring 2 bedrooms, 2 bathrooms, and 720 sq. ft. of living space. The open floor plan seamlessly connects the living room, kitchen, and dining area. The master suite offers a private retreat with a walk-in closet and ensuite bath. Built with energy-efficient materials and high-end finishes, the 1007 is perfect for modern living.</p>",866235_8f119985c2d64ec0bd43844f122f976d~mv2.webp;866235_0f6d3d51a1974bed9256dae59b826ccf~mv2.webp;866235_e8067b8b7b2c4f358af9d3f78970fa5d~mv2.webp,"Marlette;Columbia River;Single-Section;500 - 1,000",1007,840 SQ FT,0,,TRUE,PERCENT,0,InStock,,,,,,,,,,,,,,,,,,,,,,,,,,,,,,,,,,,,,,,Marlette
product_Mcr-1008,Product,Columbia River Collection / 1008,"<p><strong>BEDS:</strong>&nbsp;3&nbsp; &nbsp; &nbsp;<strong>BATHS:</strong>&nbsp;2&nbsp; &nbsp; &nbsp;<strong>SQ FT:</strong>&nbsp;900&nbsp; &nbsp; &nbsp;<strong>W X L:</strong>&nbsp;15′ 0″ x 60′</p><p>The 1008 built by Clayton West Hermiston is a well-appointed home featuring 3 bedrooms, 2 bathrooms, and 900 sq. ft. of living space. The open layout provides a seamless flow between the living, dining, and kitchen areas. The master suite includes a luxurious ensuite bath and a spacious walk-in closet. Designed for energy efficiency and comfort, the 1008 offers modern living at its best.</p>",866235_c4f26aacff8b4e448167a261cfb41079~mv2.webp;866235_40205d64d465419ea55ccbf6d8d9b997~mv2.webp,"Marlette;Columbia River;Single-Section;500 - 1,000",1008,900 SQ FT,0,,TRUE,PERCENT,0,InStock,,,,,,,,,,,,,,,,,,,,,,,,,,,,,,,,,,,,,,,Marlette
product_Mcr-1009,Product,Columbia River Collection / 1009,"<p><strong>BEDS:</strong>&nbsp;3&nbsp; &nbsp; &nbsp;<strong>BATHS:</strong>&nbsp;2&nbsp; &nbsp; &nbsp;<strong>SQ FT:</strong>&nbsp;990&nbsp; &nbsp; &nbsp;<strong>W X L:</strong>&nbsp;15′&nbsp;x 66′</p><p>The 1009 built by Clayton West Hermiston is a thoughtfully designed home featuring 3 bedrooms, 2 bathrooms, and 990 sq. ft. of living space. The open floor plan enhances functionality, with a spacious living room and a modern kitchen. The master suite includes a private bath and walk-in closet. Built with energy-efficient materials, the 1009 is a stylish and practical choice for contemporary living.</p>",866235_a6d638d2b7f041bd853bc045a8072082~mv2.webp;866235_5238ddab954243c498efa3d7d83d2cc3~mv2.webp,"Marlette;Columbia River;Single-Section;500 - 1,000",1009,990 SQ FT,0,,TRUE,PERCENT,0,InStock,,,,,,,,,,,,,,,,,,,,,,,,,,,,,,,,,,,,,,,Marlette
product_Mcr-1010,Product,Columbia River Collection / 1010,"<p><strong>BEDS:</strong>&nbsp;3&nbsp; &nbsp; &nbsp;<strong>BATHS:</strong>&nbsp;2&nbsp; &nbsp; &nbsp;<strong>SQ FT:</strong>&nbsp;1,020&nbsp; &nbsp; &nbsp;<strong>W X L:</strong>&nbsp;15′ x 72′</p><p>The 1010 built by Clayton West Hermiston is a spacious single-wide home featuring 3 bedrooms, 2 bathrooms, and 1,020 sq. ft. of living space. The open layout creates a welcoming atmosphere, with a well-equipped kitchen and a comfortable living room. The master suite offers a private retreat with an ensuite bath and walk-in closet. Designed for modern convenience and energy efficiency, the 1010 is an excellent choice for stylish, affordable living.</p>",866235_a60443c9985b41539dadbfff452760a8~mv2.webp;866235_56978eb8de624786a446ef6db62326cd~mv2.webp,"Marlette;Columbia River;1,000 - 1,500;Single-Section",1010,"1,080 SQ FT",0,,TRUE,PERCENT,0,InStock,,,,,,,,,,,,,,,,,,,,,,,,,,,,,,,,,,,,,,,Marlette
product_Mcr-2015,Product,Columbia River Collection / 2015,"<p><strong>BEDS:</strong>&nbsp;3&nbsp; &nbsp; &nbsp;<strong>BATHS:</strong>&nbsp;2&nbsp; &nbsp; &nbsp;<strong>SQ FT:</strong>&nbsp;1,173&nbsp; &nbsp; &nbsp;<strong>W X L:</strong>&nbsp;26′ 8″ x 44′</p><p>Surprisingly spacious smaller affordable family home features a large living room opening to a well planned kitchen/dining room with a large optional center multi-purpose island; utility/laundry room at rear door exit; king size guest bedrooms with easy access to roomy second bathroom.</p>",866235_4ddb1bc366f14061be7ddc814fad7ac2~mv2.webp;866235_1bd0c1b154d24690b379d340fd778c3b~mv2.webp;866235_7cb525fdcb764389b4f6fa8bc7d4dd79~mv2.webp,"Marlette;Columbia River;1,000 - 1,500;Double-Section",2015,"1,173 SQ FT",0,,TRUE,PERCENT,0,InStock,,,,,,,,,,,,,,,,,,,,,,,,,,,,,,,,,,,,,,,Marlette
product_Mcr-2028,Product,Columbia River Collection / 2028,"<p><strong>BEDS:</strong>&nbsp;4&nbsp; &nbsp; &nbsp;<strong>BATHS:</strong>&nbsp;2&nbsp; &nbsp; &nbsp;<strong>SQ FT:</strong>&nbsp;2,100&nbsp; &nbsp; &nbsp;<strong>W X L:</strong>&nbsp;30′&nbsp;x 70′</p><p>The 2028 built by Clayton West Hermiston is a spacious multi-section home featuring 4 bedrooms, 2 bathrooms, and 2,100 sq. ft. of living space. The open floor plan enhances flow between the large living room, gourmet kitchen, and dining area. The master suite offers a luxurious retreat with an ensuite bath and walk-in closet. Built with energy-efficient materials and high-quality finishes, the 2028 combines style and functionality.</p>",866235_8ef28e209f6d4dcb820fc9b115a50aee~mv2.webp;866235_eda1ba9d3f98414485d476417f80d04e~mv2.webp;866235_55b067cf6f324acc8ea1195360d47211~mv2.webp,"Marlette;Columbia River;2,000+;Double-Section",2028,"2,100 SQ FT",0,,TRUE,PERCENT,0,InStock,,,,,,,,,,,,,,,,,,,,,,,,,,,,,,,,,,,,,,,Marlette
product_Mcr-2030,Product,Columbia River Collection / 2030,"<p><strong>BEDS:</strong>&nbsp;3&nbsp; &nbsp; &nbsp;<strong>BATHS:</strong>&nbsp;2&nbsp; &nbsp; &nbsp;<strong>SQ FT:</strong>&nbsp;1,280&nbsp; &nbsp; &nbsp;<strong>W X L:</strong>&nbsp;26′ 8″ x 48′</p><p>The 2030 built by Clayton West Hermiston is a beautifully crafted home featuring 3 bedrooms, 2 bathrooms, and 1,280 sq. ft. of living space. The open floor plan allows for effortless flow between the main living areas. The master suite provides a private retreat with a spacious walk-in closet and ensuite bath. Built with high-quality craftsmanship and energy-efficient materials, the 2030 is an exceptional choice for modern living.</p>",866235_156e59f496484c9792c38e9d763d2047~mv2.webp;866235_4f2d9b3dbd3e4f7895a10265ee339418~mv2.webp,"Marlette;Columbia River;1,000 - 1,500;Double-Section",2030,"1,280 SQ FT",0,,TRUE,PERCENT,0,InStock,,,,,,,,,,,,,,,,,,,,,,,,,,,,,,,,,,,,,,,Marlette
product_Mcr-2032,Product,Columbia River Collection / 2032,"<p><strong>BEDS:</strong>&nbsp;3&nbsp; &nbsp; &nbsp;<strong>BATHS:</strong>&nbsp;2&nbsp; &nbsp; &nbsp;<strong>SQ FT:</strong>&nbsp;1,493&nbsp; &nbsp; &nbsp;<strong>W X L:</strong>&nbsp;26′ 8″ x 56′</p><p>The 2032 built by Clayton West Hermiston is a spacious and modern home featuring 3 bedrooms, 2 bathrooms, and 1,493 sq. ft. of living space. The open floor plan creates an inviting atmosphere, with a gourmet kitchen and a well-designed living room. The master suite offers a private retreat with a spa-like bath and a large walk-in closet. Designed for energy efficiency and contemporary living, the 2032 is a perfect home for families.</p>",866235_c03df63346b2402bb79cf36215a07e25~mv2.webp;866235_482c1988b5d64572978e6dd5ed1f8ed6~mv2.webp,"Marlette;Columbia River;1,000 - 1,500;Double-Section",2032,"1,493 SQ FT",0,,TRUE,PERCENT,0,InStock,,,,,,,,,,,,,,,,,,,,,,,,,,,,,,,,,,,,,,,Marlette
product_Mcr-2033,Product,Columbia River Collection / 2033,"<p><strong>BEDS:</strong>&nbsp;3&nbsp; &nbsp; &nbsp;<strong>BATHS:</strong>&nbsp;2&nbsp; &nbsp; &nbsp;<strong>SQ FT:</strong>&nbsp;1,493&nbsp; &nbsp; &nbsp;<strong>W X L:</strong>&nbsp;26′ 8″ x 56′</p><p>The 2033 built by Clayton West Hermiston is a spacious multi-section home featuring 3 bedrooms, 2 bathrooms, and 1,493 sq. ft. of living space. The open floor plan seamlessly connects the living room, kitchen, and dining area, creating a warm and inviting atmosphere. The master suite offers a private bath and a generous walk-in closet. Built with energy-efficient materials and high-quality craftsmanship, the 2033 is a perfect blend of comfort and functionality.</p>",866235_496c16bc820d4e5da2ca8085cfb33868~mv2.webp;866235_c0b4eacbe35b4a8d866377125f372d42~mv2.webp,"Marlette;Columbia River;1,000 - 1,500;Double-Section",2033,"1,493 SQ FT",0,,TRUE,PERCENT,0,InStock,,,,,,,,,,,,,,,,,,,,,,,,,,,,,,,,,,,,,,,Marlette
product_Mcr-2036,Product,Columbia River Collection / 2036,"<p><strong>BEDS:</strong>&nbsp;3&nbsp; &nbsp; &nbsp;<strong>BATHS:</strong>&nbsp;2&nbsp; &nbsp; &nbsp;<strong>SQ FT:</strong>&nbsp;1,056&nbsp; &nbsp; &nbsp;<strong>W X L:</strong>&nbsp;24′&nbsp;x 44′</p><p>The 2036 built by Clayton West Hermiston is a beautifully designed home featuring 3 bedrooms, 2 bathrooms, and 1,056 sq. ft. of living space. The open-concept layout maximizes natural light and flow between the living room, kitchen, and dining area. The master suite offers a spa-like ensuite bath and a spacious walk-in closet. Built with high-quality materials and energy-efficient construction, the 2036 is an excellent choice for contemporary living.</p>",866235_4e547efdf5574c1ea2174b01f7191a5a~mv2.webp;866235_f06320d3051e4a78a9abfb3e32d040f6~mv2.webp;866235_367a1c7f7eb645329d391437d51041af~mv2.webp,"Marlette;Columbia River;1,000 - 1,500;Double-Section",2036,"1,056 SQ FT",0,,TRUE,PERCENT,0,InStock,,,,,,,,,,,,,,,,,,,,,,,,,,,,,,,,,,,,,,,Marlette
product_Mcr-2017,Product,Columbia River Collection / 2017,"<p><strong>BEDS:</strong>&nbsp;3&nbsp; &nbsp; &nbsp;<strong>BATHS:</strong>&nbsp;2&nbsp; &nbsp; &nbsp;<strong>SQ FT:</strong>&nbsp;1,280&nbsp; &nbsp; &nbsp;<strong>W X L:</strong>&nbsp;26′ 8″ x 48′</p><p>Affordable customizable family home available with fully integrated covered porch ideal for indoor/outdoor casual dining and relaxation, optional den in-lieu of third bedroom and upgrade master bath with large oval platform soaking tub, separate stall shower and dual “his” and “hers” dual sink vanities. Spacious living room opens to bright modern kitchen with access to utility/laundry room; large secondary bedrooms and well located guest bath.</p>",866235_f467cf808e764ed7b62027b7cc0229fb~mv2.webp;866235_7d3996af975c4bd4a4ee1d7ec28465b8~mv2.webp;866235_6e3921564bbc4917bff2ebb9a1c11cc2~mv2.webp;866235_acf923dd97f641fd98a7c3deb10e09f1~mv2.webp;866235_5befcadd84fa4fa09ce65954d616a38a~mv2.webp,"Marlette;Columbia River;1,000 - 1,500;Double-Section",2017,"1,280 SQ FT",0,,TRUE,PERCENT,0,InStock,,,,,,,,,,,,,,,,,,,,,,,,,,,,,,,,,,,,,,,Marlette
product_Mcr-2019,Product,Columbia River Collection / 2019,"<p><strong>BEDS:</strong>&nbsp;3&nbsp; &nbsp; &nbsp;<strong>BATHS:</strong>&nbsp;2&nbsp; &nbsp; &nbsp;<strong>SQ FT:</strong>&nbsp;1,280&nbsp; &nbsp; &nbsp;<strong>W X L:</strong>&nbsp;26′ 8″ x 48′</p><p>Value oriented smaller double section with big home features and conveniences including spacious living room, beautiful kitchen with bright morning room; privately located master bedroom and in suite bath; king size guest bedrooms and easy access second bathroom.</p>",866235_5bf0bba5aa3d45559e057110fc9a719e~mv2.webp;866235_6531330989b940189ed0a27c19a80030~mv2.webp;866235_0c9c12515e5241ed8bc1ffca0b9885b3~mv2.webp,"Marlette;Columbia River;1,000 - 1,500;Double-Section",2019,"1,280 SQ FT",0,,TRUE,PERCENT,0,InStock,,,,,,,,,,,,,,,,,,,,,,,,,,,,,,,,,,,,,,,Marlette
product_Mcr-2021,Product,Columbia River Collection / 2021,"<p><strong>BEDS:</strong>&nbsp;3&nbsp; &nbsp; &nbsp;<strong>BATHS:</strong>&nbsp;2&nbsp; &nbsp; &nbsp;<strong>SQ FT:</strong>&nbsp;1,493&nbsp; &nbsp; &nbsp;<strong>W X L:</strong>&nbsp;26′ 8″ x 56′</p><p>Quality affordable family home available with optional fully integrated covered porch, ideal for relaxation and casual dining; spacious living room opens to dining room and kitchen featuring large semi-circular multi-purpose workstation/,serving bar/snack bar/gathering bar; large master bedroom with ensuite, king size guest bedrooms and easy access second bathroom; home available with study off living room in-lieu of third bedroom.</p>",866235_d6b52d9d3a784472bf05a2066e5bd4fd~mv2.webp;866235_3d570307d1ea4e788b811bc6bbfd6c6a~mv2.webp;866235_f5d419fca28640e79ba2c4bddae34011~mv2.webp,"Marlette;Columbia River;1,000 - 1,500;Double-Section",2021,"1,493 SQ FT",0,,TRUE,PERCENT,0,InStock,,,,,,,,,,,,,,,,,,,,,,,,,,,,,,,,,,,,,,,Marlette
product_Mcr-2022,Product,Columbia River Collection / 2022,"<p><strong>BEDS:</strong>&nbsp;3&nbsp; &nbsp; &nbsp;<strong>BATHS:</strong>&nbsp;2&nbsp; &nbsp; &nbsp;<strong>SQ FT:</strong>&nbsp;1,493&nbsp; &nbsp; &nbsp;<strong>W X L:</strong>&nbsp;26′ 8″ x 56′</p><p>Homeowner preferred family floor plan with master bedroom suite privately located away from guest bedrooms at the opposite end of home with spacious living room, beautiful island kitchen, dining room and family room at center of floor plan, minimizing wasted hallway space while maximizing living space.</p><p>Specifications</p><p>&nbsp;</p><p><strong>3D Tour</strong></p><p><a href=""https://my.matterport.com/show/?play=1&amp;m=tiab2vCfpyE"">https://my.matterport.com/show/?play=1&amp;m=tiab2vCfpyE</a></p>",866235_a0af73381d814e1fa345a1edd31b072d~mv2.jpg;866235_8d925304a7c547868c017bd64c756fe3~mv2.webp;866235_f90cce1633f54301b6d8be2742550b7b~mv2.webp;866235_44ee04c17f4542fbafcd1c7408797ce8~mv2.jpg;866235_ea29a5d61f294613b499fb7fd45a66af~mv2.jpg;866235_e2a2414ea4f44e24b9907a13974cac0a~mv2.jpg;866235_dface5fc0a354210912a9f3161bfce9f~mv2.jpg;866235_44843230c23b4edc9546538f293898d8~mv2.jpg,"Marlette;1,000 - 1,500;Double-Section;Columbia River",2022,"1,493 SQ FT",0,,TRUE,PERCENT,0,InStock,,,,,,,,,,,,,,,,,,,,,,,,,,,,,,,,,,,,,,,Marlette
product_Mcr-2023,Product,Columbia River Collection / 2023,"<p><strong>BEDS:</strong>&nbsp;3&nbsp; &nbsp; &nbsp;<strong>BATHS:</strong>&nbsp;2&nbsp; &nbsp; &nbsp;<strong>SQ FT:</strong>&nbsp;1,493&nbsp; &nbsp; &nbsp;<strong>W X L:</strong>&nbsp;26′ 8″ x 56′</p><p>Well designed quality midsize dual section home features spacious living room open to large bright modern island kitchen and dining area; privately located master bedroom and ensuite bath with dual sink option and extra large walk-in closet; king size secondary bedrooms with easy access to guest bath; large well equipped multi-purpose utility/laundry room located at rear exit door.</p>",866235_31247637db4d45688e1fc103ce25a8dc~mv2.webp;866235_30aaf57d093945a48cdae347e6a9f7e6~mv2.webp;866235_6a5d77451e9343fe98466d2d3bc1f3b7~mv2.webp,"Marlette;Columbia River;1,000 - 1,500;Double-Section",2023,"1,493 SQ FT",0,,TRUE,PERCENT,0,InStock,,,,,,,,,,,,,,,,,,,,,,,,,,,,,,,,,,,,,,,Marlette
product_Mcr-2024,Product,Columbia River Collection / 2024,"<p><strong>BEDS:</strong>&nbsp;3&nbsp; &nbsp; &nbsp;<strong>BATHS:</strong>&nbsp;2&nbsp; &nbsp; &nbsp;<strong>SQ FT:</strong>&nbsp;1,600&nbsp; &nbsp; &nbsp;<strong>W X L:</strong>&nbsp;26′ 8″ x 60′</p><p>Quality built value oriented mid size family home features large rooms with easy traffic flow absence wasted hallway space featuring privately located large master bedroom and glamorous in suite bath available with luxury bath option; expansive open concept living room and large modern well equipped kitchen available with extra large pantry and optional island open to family size dining area; king size guest bedrooms with walk-in closets and easy access second bathroom.</p>",866235_ab3ea7bdb4c24a9e802da2c94736f88c~mv2.webp;866235_c1d353abdb694bf396e48ce983913fb0~mv2.webp;866235_02f4fc74e642436082646b0d804c42f6~mv2.webp,"Marlette;Columbia River;1,500 - 2,000;Double-Section",2024,"1,600 SQ FT",0,,TRUE,PERCENT,0,InStock,,,,,,,,,,,,,,,,,,,,,,,,,,,,,,,,,,,,,,,Marlette
product_Mcr-2025,Product,Columbia River Collection / 2025,"<p><strong>BEDS:</strong>&nbsp;4&nbsp; &nbsp; &nbsp;<strong>BATHS:</strong>&nbsp;2&nbsp; &nbsp;&nbsp;<strong>SQ FT:</strong>&nbsp;1,814&nbsp; &nbsp; &nbsp;<strong>W X L:</strong>&nbsp;26′ 8″ x 68′</p><p>Skillfully crafted spacious family home with several customizable optional features including deluxe master bath with oval soaking tub, stall shower and double sink vanities: standard plan features expansive living room open to beautiful modern kitchen and dining room open to large family room; secondary bedrooms all large with easy access to guest bath; private master bedroom with comforting retreat and luxurious ensuite.</p>",866235_ab3ea7bdb4c24a9e802da2c94736f88c~mv2.webp;866235_c1d353abdb694bf396e48ce983913fb0~mv2.webp;866235_02f4fc74e642436082646b0d804c42f6~mv2.webp,"Marlette;Columbia River;1,500 - 2,000;Double-Section",2025,"1,814 SQ FT",0,,TRUE,PERCENT,0,InStock,,,,,,,,,,,,,,,,,,,,,,,,,,,,,,,,,,,,,,,Marlette
product_Mcr-2029,Product,Columbia River Collection / 2029,"<p><strong>BEDS:</strong>&nbsp;2&nbsp; &nbsp; &nbsp;<strong>BATHS:</strong>&nbsp;2&nbsp; &nbsp; &nbsp;<strong>SQ FT:</strong>&nbsp;864&nbsp; &nbsp; &nbsp;<strong>W X L:</strong>&nbsp;24′ 0″ x 36′</p><p>The 2029 built by Clayton West Hermiston is a well-designed home featuring 2 bedrooms, 2 bathrooms, and 864 sq. ft. of living space. The open-concept design creates a seamless flow between the living, dining, and kitchen areas. The master suite includes a spa-like ensuite bath and a walk-in closet. With energy-efficient construction and modern aesthetics, the 2029 is a perfect blend of comfort and sophistication.</p><p>&nbsp;</p><p><strong>3D Tour</strong></p><p><a href=""https://my.matterport.com/show/?m=P9747jQ2KqY"">https://my.matterport.com/show/?m=P9747jQ2KqY</a></p>",866235_df89e1f8e2004531a8d10ab1a0a7bc17~mv2.webp;866235_459ac2a33bf44e9eba12e59f6c0d4c29~mv2.webp;866235_58e2e34911fc4b4ea20158a58abc0bcf~mv2.png;866235_711defebb1ea44fb9b4671bbf36f902e~mv2.png;866235_f0b299685d9641c6a1cf02b1c59a9661~mv2.png;866235_d923200a8f014a91b43f8b9f4182843b~mv2.png;866235_8171af6307474d28a8d69cf9b4d88538~mv2.png;866235_8e699366ba27462589420bbafac2101f~mv2.png;866235_32b354f11a764d75bad75e73bb722382~mv2.webp;866235_0023df0fd583402b931599696319960b~mv2.jpg,"Marlette;Double-Section;500 - 1,000;Columbia River",2029,864 SQ FT,0,,TRUE,PERCENT,0,InStock,,,,,,,,,,,,,,,,,,,,,,,,,,,,,,,,,,,,,,,Marlette
product_Mcr-2031,Product,Columbia River Collection / 2031,"<p><strong>BEDS:</strong>&nbsp;3&nbsp; &nbsp; &nbsp;<strong>BATHS:</strong>&nbsp;2&nbsp; &nbsp; &nbsp;<strong>SQ FT:</strong>&nbsp;1,280&nbsp; &nbsp; &nbsp;<strong>W X L:</strong>&nbsp;26′ 8″ x 48′</p><p>The 2031 built by Clayton West Hermiston is a thoughtfully designed home featuring 3 bedrooms, 2 bathrooms, and 1,280 sq. ft. of living space. The open layout connects the spacious living area, kitchen, and dining space for a welcoming feel. The master suite offers a private bath and a large walk-in closet. Built with energy-efficient materials, the 2031 is ideal for those seeking style and practicality.</p>",866235_f53fdc77b97f417b932f65f9fa2b7ada~mv2.webp;866235_7bbdbefabc1b41e98882ddad58595b51~mv2.webp,"Marlette;Columbia River;1,000 - 1,500;Double-Section",2031,"1,280 SQ FT",0,,TRUE,PERCENT,0,InStock,,,,,,,,,,,,,,,,,,,,,,,,,,,,,,,,,,,,,,,Marlette
product_Mcr-2034,Product,Columbia River Collection / 2034,"<p><strong>BEDS:</strong>&nbsp;3&nbsp; &nbsp; &nbsp;<strong>BATHS:</strong>&nbsp;2&nbsp; &nbsp; &nbsp;<strong>SQ FT:</strong>&nbsp;1,600&nbsp; &nbsp; &nbsp;<strong>W X L:</strong>&nbsp;26′ 8″ x 60′</p><p>The 2034 built by Clayton West Hermiston is a thoughtfully designed home offering 3 bedrooms, 2 bathrooms, and 1,600 sq. ft. of living space. The open layout enhances the connection between the spacious living room, modern kitchen, and dining area. The master suite provides a private retreat with a luxurious ensuite bath and a large walk-in closet. Built with energy efficiency and high-end craftsmanship, the 2034 delivers modern living at its finest.</p>",866235_8a186eb04c724323ac2c185ab5e3fd98~mv2.webp;866235_7b6ac9666d2049e4b80d89428aaf3722~mv2.webp;866235_8bec307038504e29ba1dffb9cfa554cf~mv2.webp,"Marlette;Columbia River;1,500 - 2,000;Double-Section",2034,"1,600 SQ FT",0,,TRUE,PERCENT,0,InStock,,,,,,,,,,,,,,,,,,,,,,,,,,,,,,,,,,,,,,,Marlette
product_Mcr-2035,Product,Columbia River Collection / 2035,"<p><strong>BEDS:</strong>&nbsp;4&nbsp; &nbsp; &nbsp;<strong>BATHS:</strong>&nbsp;2&nbsp; &nbsp; &nbsp;<strong>SQ FT:</strong>&nbsp;1,920&nbsp; &nbsp; &nbsp;<strong>W X L:</strong>&nbsp;26′ 8″ x 72′</p><p>The 2035 built by Clayton West Hermiston is a stylish and functional home featuring 4 bedrooms, 2 bathrooms, and 1,920 sq. ft. of living space. The expansive open floor plan includes a welcoming living area, a gourmet kitchen, and a dining space perfect for entertaining. The master suite boasts a private bath and a walk-in closet. Designed with energy-efficient materials and modern finishes, the 2035 offers both comfort and practicality.</p>",866235_296b15a7e18b42f995d0f08a443e70a1~mv2.webp;866235_2acdb488ea9a41a4bb0bee5db3f98769~mv2.webp;866235_730ae6c61e904b24b4998b6dee0cdfaa~mv2.webp,"Marlette;Columbia River;1,500 - 2,000;Double-Section",2035,"1,920 SQ FT",0,,TRUE,PERCENT,0,InStock,,,,,,,,,,,,,,,,,,,,,,,,,,,,,,,,,,,,,,,Marlette
product_Mcr-2037,Product,Columbia River Collection / 2037,"<p><strong>BEDS:</strong>&nbsp;3&nbsp; &nbsp; &nbsp;<strong>BATHS:</strong>&nbsp;2&nbsp; &nbsp; &nbsp;<strong>SQ FT:</strong>&nbsp;1,344&nbsp; &nbsp; &nbsp;<strong>W X L:</strong>&nbsp;24′&nbsp;x 56′</p><p>The 2037 built by Clayton West Hermiston is a spacious and inviting home featuring 3 bedrooms, 2 bathrooms, and 1,344 sq. ft. of living space. The open floor plan provides an effortless connection between the living, dining, and kitchen areas. The master suite features a luxurious ensuite bath and a walk-in closet. With energy-efficient design and modern craftsmanship, the 2037 offers the perfect combination of style and functionality.</p>",866235_ad8f9d42d8f8490b9d5bb77f3ba9c48d~mv2.webp;866235_7143b8c143164ca2b4234a3e720f438f~mv2.webp,"Marlette;Columbia River;1,000 - 1,500;Double-Section",2037,"1,344 SQ FT",0,,TRUE,PERCENT,0,InStock,,,,,,,,,,,,,,,,,,,,,,,,,,,,,,,,,,,,,,,Marlette
product_Mcr-2038,Product,Columbia River Collection / 2038,"<p><strong>BEDS:</strong>&nbsp;2&nbsp; &nbsp; &nbsp;<strong>BATHS:</strong>&nbsp;2&nbsp; &nbsp; &nbsp;<strong>SQ FT:</strong>&nbsp;839&nbsp; &nbsp; &nbsp;<strong>W X L:</strong>&nbsp;19′ 8″ x 44′</p><p>The 2038 built by Clayton West Hermiston is a well-appointed multi-section home featuring 2 bedrooms, 2 bathrooms, and 839 sq. ft. of living space. The open layout enhances the sense of space, with a stylish living room, a modern kitchen, and a dining area perfect for gatherings. The master suite offers a private retreat with a walk-in closet and ensuite bath. Built with energy-efficient materials, the 2038 is ideal for comfortable and luxurious living.</p>",866235_e7ac39845ab045b187b4757696d5655d~mv2.webp;866235_7352e20be5c44219ab33b4e7428c449d~mv2.webp,"Marlette;Columbia River;500 - 1,000;Double-Section",2038,839 SQ FT,0,,TRUE,PERCENT,0,InStock,,,,,,,,,,,,,,,,,,,,,,,,,,,,,,,,,,,,,,,Marlette
product_McrS-2017,Product,Columbia River Collection / 2017 Super,,,Marlette;Columbia River,2017,"1,440 SQ FT",0,,FALSE,PERCENT,0,InStock,,,,,,,,,,,,,,,,,,,,,,,,,,,,,,,,,,,,,,,Marlette
product_McrS-2019,Product,Columbia River Collection / 2019 Super,,,Marlette;Columbia River,2019,"1,440 SQ FT",0,,FALSE,PERCENT,0,InStock,,,,,,,,,,,,,,,,,,,,,,,,,,,,,,,,,,,,,,,Marlette
product_McrS-2021,Product,Columbia River Collection / 2021 Super,,,Marlette;Columbia River,2021,"1,680 SQ FT",0,,FALSE,PERCENT,0,InStock,,,,,,,,,,,,,,,,,,,,,,,,,,,,,,,,,,,,,,,Marlette
product_McrS-2022,Product,Columbia River Collection / 2022 Super,,,Marlette;Columbia River,2022,"1,680 SQ FT",0,,FALSE,PERCENT,0,InStock,,,,,,,,,,,,,,,,,,,,,,,,,,,,,,,,,,,,,,,Marlette
product_McrS-2023,Product,Columbia River Collection / 2023 Super,,,Marlette;Columbia River,2023,"1,680 SQ FT",0,,FALSE,PERCENT,0,InStock,,,,,,,,,,,,,,,,,,,,,,,,,,,,,,,,,,,,,,,Marlette
product_McrS-2024,Product,Columbia River Collection / 2024 Super,,,Marlette;Columbia River,2024,"1,800 SQ FT",0,,FALSE,PERCENT,0,InStock,,,,,,,,,,,,,,,,,,,,,,,,,,,,,,,,,,,,,,,Marlette
product_McrS-2025,Product,Columbia River Collection / 2025 Super,,,Marlette;Columbia River,2025,"2,040 SQ FT",0,,FALSE,PERCENT,0,InStock,,,,,,,,,,,,,,,,,,,,,,,,,,,,,,,,,,,,,,,Marlette
product_McrS-2029,Product,Columbia River Collection / 2029 Super,,,Marlette;Columbia River,2029,960 SQ FT,0,,FALSE,PERCENT,0,InStock,,,,,,,,,,,,,,,,,,,,,,,,,,,,,,,,,,,,,,,Marlette
product_McrS-2031,Product,Columbia River Collection / 2031 Super,,,Marlette;Columbia River,2031,"1,440 SQ FT",0,,FALSE,PERCENT,0,InStock,,,,,,,,,,,,,,,,,,,,,,,,,,,,,,,,,,,,,,,Marlette
product_McrS-2034,Product,Columbia River Collection / 2034 Super,,,Marlette;Columbia River,2034,"1,800 SQ FT",0,,FALSE,PERCENT,0,InStock,,,,,,,,,,,,,,,,,,,,,,,,,,,,,,,,,,,,,,,Marlette
product_McrS-2035,Product,Columbia River Collection / 2035 Super,,,Marlette;Columbia River,2035,"2,160 SQ FT",0,,FALSE,PERCENT,0,InStock,,,,,,,,,,,,,,,,,,,,,,,,,,,,,,,,,,,,,,,Marlette
product_McrS-2037,Product,Columbia River Collection / 2037 Super,,,Marlette;Columbia River,2037,"1,413 SQ FT",0,,FALSE,PERCENT,0,InStock,,,,,,,,,,,,,,,,,,,,,,,,,,,,,,,,,,,,,,,Marlette
product_McrS-2038,Product,Columbia River Collection / 2038 Super,,,Marlette;Columbia River,2038,"1,024 SQ FT",0,,FALSE,PERCENT,0,InStock,,,,,,,,,,,,,,,,,,,,,,,,,,,,,,,,,,,,,,,Marlette
product_Mi-5015,Product,Imagine / 5015,,,Marlette;Imagine,5015,"1,173 SQ FT",0,,TRUE,PERCENT,0,InStock,,,,,,,,,,,,,,,,,,,,,,,,,,,,,,,,,,,,,,,Marlette
product_Mi-5017,Product,Imagine / 5017,"<p><strong>BEDS:</strong>&nbsp;3&nbsp; &nbsp; &nbsp;<strong>BATHS:</strong>&nbsp;2.00&nbsp; &nbsp; &nbsp;<strong>SQ FT:</strong>&nbsp;1,280&nbsp; &nbsp; &nbsp;<strong>W X L:</strong>&nbsp;26′ 8″ x 48′</p>",866235_35d1d4f52f704ef7ac0144b9d0ecfd36~mv2.webp;866235_27961e6322e549a0b5cca3580a1d84df~mv2.webp,"Marlette;1,000 - 1,500;Double-Section;Imagine",5017,"1,280 SQ FT",0,,TRUE,PERCENT,0,InStock,,,,,,,,,,,,,,,,,,,,,,,,,,,,,,,,,,,,,,,Marlette
product_Mi-5019,Product,Imagine / 5019,"<p><strong>BEDS:</strong>&nbsp;3&nbsp; &nbsp; &nbsp;<strong>BATHS:</strong>&nbsp;2&nbsp; &nbsp;&nbsp;<strong>SQ FT:</strong>&nbsp;1,280&nbsp; &nbsp; &nbsp;<strong>W X L:</strong>&nbsp;26′ 8″ x 48′</p>",866235_35d1d4f52f704ef7ac0144b9d0ecfd36~mv2.webp;866235_27961e6322e549a0b5cca3580a1d84df~mv2.webp,"Marlette;Imagine;1,000 - 1,500;Double-Section",5019,"1,280 SQ FT",0,,TRUE,PERCENT,0,InStock,,,,,,,,,,,,,,,,,,,,,,,,,,,,,,,,,,,,,,,Marlette
product_Mi-5021,Product,Imagine / 5021,"<p><strong>BEDS:</strong>&nbsp;3&nbsp; &nbsp; &nbsp;<strong>BATHS:</strong>&nbsp;2&nbsp; &nbsp; &nbsp;<strong>SQ FT:</strong>&nbsp;1,493&nbsp; &nbsp; &nbsp;<strong>W X L:</strong>&nbsp;26′ 8″ x 56′</p>",866235_8500fcc9da69451d92bd5d7612d3bfaa~mv2.webp;866235_fd272fc5c03c4102a5640a0270e7179f~mv2.webp,"Marlette;Imagine;1,000 - 1,500;Double-Section",5021,"1,493 SQ FT",0,,TRUE,PERCENT,0,InStock,,,,,,,,,,,,,,,,,,,,,,,,,,,,,,,,,,,,,,,Marlette
product_Mi-5022,Product,Imagine / 5022,"<p><strong>BEDS:</strong>&nbsp;3&nbsp; &nbsp; &nbsp;<strong>BATHS:</strong>&nbsp;2&nbsp; &nbsp;&nbsp;<strong>SQ FT:</strong>&nbsp;1,493&nbsp; &nbsp; &nbsp;<strong>W X L:</strong>&nbsp;26′ 8″ x 56′</p>",866235_54a0431610d74ffe95723c8f2cb19e7f~mv2.webp;866235_54ad999e6e4549f29115f60c549b7f71~mv2.webp,"Marlette;Imagine;1,000 - 1,500;Double-Section",5022,"1,493 SQ FT",0,,TRUE,PERCENT,0,InStock,,,,,,,,,,,,,,,,,,,,,,,,,,,,,,,,,,,,,,,Marlette
product_Mi-5023,Product,Imagine / 5023,"<p><strong>BEDS:</strong>&nbsp;3&nbsp; &nbsp; &nbsp;<strong>BATHS:</strong>&nbsp;2&nbsp; &nbsp; &nbsp;<strong>SQ FT:</strong>&nbsp;1,493&nbsp; &nbsp; &nbsp;<strong>W X L:</strong>&nbsp;26′ 8″ x 56′</p>",866235_5665db28b4cf4edb94efdba10765ec17~mv2.webp;866235_1f40fab97f994eb4a4fa0e7a389d8045~mv2.webp,"Marlette;Imagine;1,000 - 1,500;Double-Section",5023,"1,493 SQ FT",0,,TRUE,PERCENT,0,InStock,,,,,,,,,,,,,,,,,,,,,,,,,,,,,,,,,,,,,,,Marlette
product_Mi-5024,Product,Imagine / 5024,"<p><strong>BEDS:</strong>&nbsp;3&nbsp; &nbsp; &nbsp;<strong>BATHS:</strong>&nbsp;2&nbsp; &nbsp; &nbsp;<strong>SQ FT:</strong>&nbsp;1,600&nbsp; &nbsp; &nbsp;<strong>W X L:</strong>&nbsp;26′ 8″ x 60′</p>",866235_8324e5c859e948b1a981f0968fa3d409~mv2.webp;866235_67944f7a914b431e817e8d1979dd7fcd~mv2.webp,"Marlette;Imagine;1,500 - 2,000;Double-Section",5024,"1,600 SQ FT",0,,TRUE,PERCENT,0,InStock,,,,,,,,,,,,,,,,,,,,,,,,,,,,,,,,,,,,,,,Marlette
product_Mi-5025,Product,Imagine / 5025,"<p><strong>BEDS:</strong>&nbsp;4&nbsp; &nbsp; &nbsp;<strong>BATHS:</strong>&nbsp;2&nbsp; &nbsp; &nbsp;<strong>SQ FT:</strong>&nbsp;1,814&nbsp; &nbsp; &nbsp;<strong>W X L:</strong>&nbsp;26′ 8″ x 68′</p>",866235_f963f464d1364ef39dd036e7799441f8~mv2.webp;866235_a229ac983c9c44ccad7a932c162845da~mv2.webp,"Marlette;Imagine;1,500 - 2,000;Double-Section",5025,"1,814 SQ FT",0,,TRUE,PERCENT,0,InStock,,,,,,,,,,,,,,,,,,,,,,,,,,,,,,,,,,,,,,,Marlette
product_Mi-5028,Product,Imagine / 5028,"<p><strong>BEDS:</strong>&nbsp;4&nbsp; &nbsp; &nbsp;<strong>BATHS:</strong>&nbsp;2&nbsp; &nbsp; &nbsp;<strong>SQ FT:</strong>&nbsp;2,100&nbsp; &nbsp; &nbsp;<strong>W X L:</strong>&nbsp;30′ x 70′</p>",866235_a145e1acb7cd41f991f23f79d505e606~mv2.webp,"Marlette;Imagine;2,000+;Double-Section",5028,"2,100 SQ FT",0,,TRUE,PERCENT,0,InStock,,,,,,,,,,,,,,,,,,,,,,,,,,,,,,,,,,,,,,,Marlette
product_Mi-5029,Product,Imagine / 5029,<p><strong>BEDS:</strong>&nbsp;2&nbsp; &nbsp; &nbsp;<strong>BATHS:</strong>&nbsp;2&nbsp; &nbsp; &nbsp;<strong>SQ FT:</strong>&nbsp;864&nbsp; &nbsp; &nbsp;<strong>W X L:</strong>&nbsp;24′&nbsp;x 36′</p>,866235_dcc7d0610fbe4c64b16e7639ffc9923a~mv2.webp;866235_356c1e8d086a41d4af41552e5d25f7aa~mv2.webp,"Marlette;Imagine;500 - 1,000;Double-Section",5029,864 SQ FT,0,,TRUE,PERCENT,0,InStock,,,,,,,,,,,,,,,,,,,,,,,,,,,,,,,,,,,,,,,Marlette
product_Mi-5030,Product,Imagine / 5030,"<p><strong>BEDS:</strong>&nbsp;3&nbsp; &nbsp; &nbsp;<strong>BATHS:</strong>&nbsp;2&nbsp; &nbsp; &nbsp;<strong>SQ FT:</strong>&nbsp;1,280&nbsp; &nbsp; &nbsp;<strong>W X L:</strong>&nbsp;26′ 8″ x 48′</p>",866235_408a269d83924fa082678b8f8739f15e~mv2.webp;866235_47c0c74a690b43578cf5648b79d9fd36~mv2.webp,"Marlette;Imagine;1,000 - 1,500;Double-Section",5030,"1,280 SQ FT",0,,TRUE,PERCENT,0,InStock,,,,,,,,,,,,,,,,,,,,,,,,,,,,,,,,,,,,,,,Marlette
product_Mi-5031,Product,Imagine / 5031,"<p><strong>BEDS:</strong>&nbsp;3&nbsp; &nbsp; &nbsp;<strong>BATHS:</strong>&nbsp;2&nbsp; &nbsp; &nbsp;<strong>SQ FT:</strong>&nbsp;1,280&nbsp; &nbsp; &nbsp;<strong>W X L:</strong>&nbsp;26′ 8″ x 48′</p>",866235_36f5aece2617480fbceb1acfb6f2917e~mv2.webp;866235_a3852e4850404dacba8205b6bcb99318~mv2.webp,"Marlette;Imagine;1,000 - 1,500;Double-Section",5031,"1,280 SQ FT",0,,TRUE,PERCENT,0,InStock,,,,,,,,,,,,,,,,,,,,,,,,,,,,,,,,,,,,,,,Marlette
product_Mi-5032,Product,Imagine / 5032,"<p><strong>BEDS:</strong>&nbsp;3&nbsp; &nbsp; &nbsp;<strong>BATHS:</strong>&nbsp;2&nbsp; &nbsp; &nbsp;<strong>SQ FT:</strong>&nbsp;1,493&nbsp; &nbsp; &nbsp;<strong>W X L:</strong>&nbsp;26′ 8″ x 56′</p>",866235_ffdc6673971a429db61708c1d4150d91~mv2.webp;866235_c057a5ef0b714e718e1c2b7834bf4e30~mv2.webp,"Marlette;Imagine;1,000 - 1,500",5032,"1,493 SQ FT",0,,TRUE,PERCENT,0,InStock,,,,,,,,,,,,,,,,,,,,,,,,,,,,,,,,,,,,,,,Marlette
product_Mi-5033,Product,Imagine / 5033,"<p><strong>BEDS:</strong>&nbsp;3&nbsp; &nbsp; &nbsp;<strong>BATHS:</strong>&nbsp;2&nbsp; &nbsp; &nbsp;<strong>SQ FT:</strong>&nbsp;1,493&nbsp; &nbsp; &nbsp;<strong>W X L:</strong>&nbsp;26′ 8″ x 56′</p>",866235_6d3230ead2ca4631809a073f3a376f16~mv2.webp;866235_fa029e093f4741c1bee53082e9aa775e~mv2.webp,"Marlette;Imagine;1,000 - 1,500;Double-Section",5033,"1,493 SQ FT",0,,TRUE,PERCENT,0,InStock,,,,,,,,,,,,,,,,,,,,,,,,,,,,,,,,,,,,,,,Marlette
product_Mi-5034,Product,Imagine / 5034,"<p><strong>BEDS:</strong>&nbsp;3&nbsp; &nbsp; &nbsp;<strong>BATHS:</strong>&nbsp;2&nbsp; &nbsp; &nbsp;<strong>SQ FT:</strong>&nbsp;1,600&nbsp; &nbsp; &nbsp;<strong>W X L:</strong>&nbsp;26′ 8″ x 60′</p>",866235_db4422113d7e4f8892c31be52eb6c8fd~mv2.webp;866235_cece58d08d984455bb70c68dca1dbe30~mv2.webp,"Marlette;Imagine;1,500 - 2,000;Double-Section",5034,"1,600 SQ FT",0,,TRUE,PERCENT,0,InStock,,,,,,,,,,,,,,,,,,,,,,,,,,,,,,,,,,,,,,,Marlette
product_Mi-5035,Product,Imagine / 5035,"<p><strong>BEDS:</strong>&nbsp;4&nbsp; &nbsp; &nbsp;<strong>BATHS:</strong>&nbsp;2&nbsp; &nbsp; &nbsp;<strong>SQ FT:</strong>&nbsp;1,920&nbsp; &nbsp; &nbsp;<strong>W X L:</strong>&nbsp;26′ 8″ x 72′</p>",866235_39fa7ebaf0af4cc3a8350e91983f03c5~mv2.webp;866235_2e6d57fc5f0d4671b128473247a6369f~mv2.webp,"Marlette;Imagine;1,500 - 2,000;Double-Section",5035,"1,920 SQ FT",0,,TRUE,PERCENT,0,InStock,,,,,,,,,,,,,,,,,,,,,,,,,,,,,,,,,,,,,,,Marlette
product_Mi-5036,Product,Imagine / 5036,"<p><strong>BEDS:</strong>&nbsp;3&nbsp; &nbsp; &nbsp;<strong>BATHS:</strong>&nbsp;2&nbsp; &nbsp; &nbsp;<strong>SQ FT:</strong>&nbsp;1,056&nbsp; &nbsp; &nbsp;<strong>W X L:</strong>&nbsp;24′&nbsp;x 44′</p>",866235_97460e42697d4a7294fe918af541d3fd~mv2.webp;866235_001fcb58280d4e6db4952abb97a37bf2~mv2.webp,"Marlette;Imagine;1,000 - 1,500;Double-Section",5036,"1,056 SQ FT",0,,TRUE,PERCENT,0,InStock,,,,,,,,,,,,,,,,,,,,,,,,,,,,,,,,,,,,,,,Marlette
product_Mi-5037,Product,Imagine / 5037,"<p><strong>BEDS:</strong>&nbsp;3&nbsp; &nbsp; &nbsp;<strong>BATHS:</strong>&nbsp;2&nbsp; &nbsp; &nbsp;<strong>SQ FT:</strong>&nbsp;1,344&nbsp; &nbsp; &nbsp;<strong>W X L:</strong>&nbsp;24′&nbsp;x 56′</p>",866235_9f80161c2d144850b8878129a0770648~mv2.webp;866235_a376011ec5dc4943bf280d06bf4c51ca~mv2.webp,"Marlette;Imagine;1,000 - 1,500;Double-Section",5037,"1,344 SQ FT",0,,TRUE,PERCENT,0,InStock,,,,,,,,,,,,,,,,,,,,,,,,,,,,,,,,,,,,,,,Marlette
product_Mi-5038,Product,Imagine / 5038,<p><strong>BEDS:</strong>&nbsp;2&nbsp; &nbsp; &nbsp;<strong>BATHS:</strong>&nbsp;2&nbsp; &nbsp; &nbsp;<strong>SQ FT:</strong>&nbsp;839&nbsp; &nbsp; &nbsp;<strong>W X L:</strong>&nbsp;19′ 8″ x 44′</p>,866235_60e25bc3cc2d47b8bf57f4ce10aed808~mv2.webp;866235_c46cc1a5d60745d794e1851419402f2d~mv2.webp;866235_b8295e93cdf44573956b945984143442~mv2.webp,"Marlette;Double-Section;500 - 1,000;Imagine",5038,839 SQ FT,0,,TRUE,PERCENT,0,InStock,,,,,,,,,,,,,,,,,,,,,,,,,,,,,,,,,,,,,,,Marlette
product_Mm-1,Product,Majestic / 9584-S,"<p><strong>BEDS:</strong>&nbsp;3&nbsp; &nbsp; &nbsp;<strong>BATHS:</strong>&nbsp;2&nbsp; &nbsp; &nbsp;<strong>SQ FT:</strong>&nbsp;2,289&nbsp; &nbsp; &nbsp;<strong>W X L:</strong>&nbsp;40′ x 57′ 4″</p><p>Beautiful estate size home features optional covered porch expanding indoor/outdoor space ideal for relaxation and casual dining across living room, kitchen and family room; beautiful well equipped modern kitchen with gathering bar, flanked on one side by spacious living room and equally large family room on opposite side with dining room between; large master bedroom with glamorous ensuite; secondary bedrooms are large and well located with easy access to second/guest bath.</p>",866235_e3278786de174731bb60ede7d6621048~mv2.webp;866235_6e3a0b7ea58e4ea9a44fc763b1841ab8~mv2.webp;866235_bb163aa08f1845c199ffa746205d28a8~mv2.webp,"Marlette;Majestic;2,000+;Triple-Section",9584-S,"2,293 SQ FT",0,,TRUE,PERCENT,0,InStock,,,,,,,,,,,,,,,,,,,,,,,,,,,,,,,,,,,,,,,Marlette
product_Mm-2,Product,Majestic / 9585-S,"<p><strong>BEDS:</strong>&nbsp;3&nbsp; &nbsp; &nbsp;<strong>BATHS:</strong>&nbsp;2&nbsp; &nbsp; &nbsp;<strong>SQ FT:</strong>&nbsp;2,761&nbsp; &nbsp; &nbsp;<strong>W X L:</strong>&nbsp;40′&nbsp;x 70′</p><p>Beautifully crafted and skillfully designed sprawling estate size home features spacious living room and dining room with large windows with natural light to bathe the entire area, opening to bright modern semi-circular kitchen with large center island adjacent to expansive family room; glamorous and comforting master bedroom with retreat and luxurious ensuite with state of the art fixtures; large secondary bedrooms.</p>",866235_211ce57758914ba28a191f2b5483dd0c~mv2.webp;866235_d6b328e056a84a79acf16caf1b6562e5~mv2.webp;866235_a62a4a34da444444ba42738324ea9520~mv2.webp,"Marlette;Majestic;2,000+;Triple-Section",9585-S,"2,800 SQ FT",0,,TRUE,PERCENT,0,InStock,,,,,,,,,,,,,,,,,,,,,,,,,,,,,,,,,,,,,,,Marlette
product_Mm-3,Product,Majestic / 9588-S,"<p><strong>BEDS:</strong>&nbsp;3&nbsp; &nbsp; &nbsp;<strong>BATHS:</strong>&nbsp;2&nbsp; &nbsp; &nbsp;<strong>SQ FT:</strong>&nbsp;2,172&nbsp; &nbsp; &nbsp;<strong>W X L:</strong>&nbsp;40′&nbsp;x 56′</p><p>Estate size home offers customizable options to meet individual family wants and needs including master bedroom retreat, one-half bath, mudroom at rear exit door, optional fourth bedroom, flipped master bath option; home features covered porch entry into sprawling great room open to beautiful island kitchen and dining room; privately located master bedroom huge walk-in closet with bench, shelving dual hanging racks and center island storage cabinet; king size guest bedrooms with walk-in closets.</p>",866235_79c68540999e49e98cae9e41cfc868e0~mv2.webp;866235_300cef3fb5fa4968af19a2bbe73759aa~mv2.webp;866235_932977170cb7477cbff7f987f04e9723~mv2.webp,"Marlette;Majestic;2,000+;Triple-Section",9588-S,"2,240 SQ FT",0,,TRUE,PERCENT,0,InStock,,,,,,,,,,,,,,,,,,,,,,,,,,,,,,,,,,,,,,,Marlette
product_Mm-4,Product,Majestic / 9590-S,"<p><strong>BEDS:</strong>&nbsp;3&nbsp; &nbsp; &nbsp;<strong>BATHS:</strong>&nbsp;2&nbsp; &nbsp; &nbsp;<strong>SQ FT:</strong>&nbsp;1,382&nbsp; &nbsp; &nbsp;<strong>W X L:</strong>&nbsp;26′ 8″ x 52′</p><p>Innovative midsize quality family home available with customizable options including covered porch, den in-lieu of third bedroom and deck tub in luxurious master bedroom ensuite; spacious living room, beautiful well equipped kitchen with peninsula snack/serving bar open to bright dining room.</p><p>&nbsp;</p><p><strong>3D Tour</strong></p><p><a href=""https://my.matterport.com/show/?play=1&amp;m=YCj14AZVvoU"">https://my.matterport.com/show/?play=1&amp;m=YCj14AZVvoU</a></p>",866235_66e4f54faaae4659aaea738f2432cbfd~mv2.webp;866235_04d3e537dc1b409190d542df33f8cbe9~mv2.webp;866235_c4c87ab86e574f289179cd487fd4c2b6~mv2.webp,"Marlette;Majestic;1,000 - 1,500;Double-Section",9590-S,"1,387 SQ FT",0,,TRUE,PERCENT,0,InStock,,,,,,,,,,,,,,,,,,,,,,,,,,,,,,,,,,,,,,,Marlette
product_Mm-5,Product,Majestic / 9593-S,"<p><strong>BEDS:</strong>&nbsp;3&nbsp; &nbsp; &nbsp;<strong>BATHS:</strong>&nbsp;3&nbsp; &nbsp; &nbsp;<strong>SQ FT:</strong>&nbsp;2,482&nbsp; &nbsp; &nbsp;<strong>W X L:</strong>&nbsp;40′&nbsp;x 64′</p><p>&nbsp;</p><p>Beautifully crafted estate size triple section home designed with features and amenities to satisfy the particular needs and wants of family home purchasers, including covered porch entry into expansive great room, spacious and comforting master bedroom boasting a master retreat and luxurious ensuite; beautiful large chef’s style modern kitchen with an abundance of handcrafted cabinets, center island and large wrap around snack/serving/gathering bar; extra large family retreat or optional fourth bedroom and smaller family retreat.</p><p>&nbsp;</p><p><strong>3D Tour</strong></p><p><a href=""https://my.matterport.com/show/?play=1&amp;m=YCj14AZVvoU"">https://my.matterport.com/show/?play=1&amp;m=YCj14AZVvoU</a></p>",866235_c1c432c81b144dca9ec8885f9039910a~mv2.webp;866235_08b31bcc53f844209972b4da94ef74bf~mv2.webp;866235_961ff8d6443c40fba1b1fc19e2a46966~mv2.webp,"Marlette;Triple-Section;2,000+;Majestic",9593-S,"2,560 SQ FT",0,,TRUE,PERCENT,0,InStock,,,,,,,,,,,,,,,,,,,,,,,,,,,,,,,,,,,,,,,Marlette
product_Mm-6,Product,Majestic / 9596-S,"<p><strong>BEDS:</strong>&nbsp;3&nbsp; &nbsp; &nbsp;<strong>BATHS:</strong>&nbsp;2&nbsp; &nbsp; &nbsp;<strong>SQ FT:</strong>&nbsp;1,862&nbsp; &nbsp; &nbsp;<strong>W X L:</strong>&nbsp;26′ 8″ x 70′</p><p>Quality built and flexibly designed customizable family home features spacious living room open to beautiful modern kitchen with center island and extra large pantry and family size dining room; large utility laundry room with built in cabinets, work center, freezer cabinet and an abundance of extra storage capacity; privately located master bedroom and luxurious ensuite boasting stall shower, platform oval soaking tub and “his” and “hers” sinks; king size guest bedrooms with walk-in closets.</p>",866235_95c211f1eeaf403186f865d3ede5d3d2~mv2.webp;866235_198515826a4f45f39ad1ef73e9b92bea~mv2.webp,"Marlette;Majestic;1,500 - 2,000;Double-Section",9596-S,"1,867 SQ FT",0,,TRUE,PERCENT,0,InStock,,,,,,,,,,,,,,,,,,,,,,,,,,,,,,,,,,,,,,,Marlette
product_Mm-7,Product,Majestic / 9600-S,"<p><strong>BEDS:</strong>&nbsp;3&nbsp; &nbsp; &nbsp;<strong>BATHS:</strong>&nbsp;2&nbsp; &nbsp; &nbsp;<strong>SQ FT:</strong>&nbsp;1,276&nbsp; &nbsp; &nbsp;<strong>W X L:</strong>&nbsp;26′ 8″ x 48′</p><p>The 9600-S built by Clayton West Hermiston is a spacious and elegantly designed home featuring 3 bedrooms, 2 bathrooms, and 1,276 sq. ft. of living space. The open floor plan seamlessly connects the living area, gourmet kitchen, and dining space, creating an inviting atmosphere. The master suite offers a private retreat with a spa-like ensuite bath and a large walk-in closet. Built with high-quality materials and energy-efficient features, the 9600-S blends comfort and modern design.</p>",866235_268a3b1b9a0648b2bc83fbac0d28159e~mv2.webp;866235_d621a53ba5704e559291743649ce9901~mv2.webp,"Marlette;Majestic;1,000 - 1,500;Double-Section",9600-S,"1,280 SQ FT",0,,TRUE,PERCENT,0,InStock,,,,,,,,,,,,,,,,,,,,,,,,,,,,,,,,,,,,,,,Marlette
product_Mm-8,Product,Majestic / 9601-S,"<p><strong>BEDS:</strong>&nbsp;3&nbsp; &nbsp; &nbsp;<strong>BATHS:</strong>&nbsp;2&nbsp; &nbsp; &nbsp;<strong>SQ FT:</strong>&nbsp;1,596&nbsp; &nbsp; &nbsp;<strong>W X L:</strong>&nbsp;26′ 8″ x 60′</p><p>The 9601-S built by Clayton West Hermiston is a beautifully crafted home featuring 3 bedrooms, 2 bathrooms, and 1,596 sq. ft. of living space. The open-concept design enhances the spacious feel, connecting the living room, dining area, and modern kitchen. The master suite provides a luxurious retreat with a private bath and ample storage. Built for energy efficiency and long-lasting quality, the 9601-S delivers both style and functionality.</p>",866235_ce2420fd27954c6097ad1cb16a4ded63~mv2.webp;866235_2a91a4fc077e4c158305366679d4c1f0~mv2.webp,"Marlette;Majestic;1,500 - 2,000;Double-Section",9601-S,"1,599 SQ FT",0,,TRUE,PERCENT,0,InStock,,,,,,,,,,,,,,,,,,,,,,,,,,,,,,,,,,,,,,,Marlette
product_Mm-9,Product,Majestic / 9602-S,"<p><strong>BEDS:</strong>&nbsp;3&nbsp; &nbsp; &nbsp;<strong>BATHS:</strong>&nbsp;2&nbsp; &nbsp; &nbsp;<strong>SQ FT:</strong>&nbsp;1,792&nbsp; &nbsp; &nbsp;<strong>W X L:</strong>&nbsp;26′ 8″ x 68′</p><p>The 9602-S built by Clayton West Hermiston is a thoughtfully designed home offering 3 bedrooms, 2 bathrooms, and 1,792 sq. ft. of living space. The open layout features a spacious living area, a well-equipped kitchen with a large island, and a cozy dining space. The master suite includes a private bath and a walk-in closet for added convenience. Built with energy-efficient materials and contemporary finishes, the 9602-S is perfect for modern living.</p>",866235_9826e7b8772c42bd94a4742945a6a3e8~mv2.webp;866235_188b2dd1e92d4b7a98573dbfd01bc15c~mv2.webp,"Marlette;Majestic;1,500 - 2,000;Double-Section",9602-S,"1,792 SQ FT",0,,TRUE,PERCENT,0,InStock,,,,,,,,,,,,,,,,,,,,,,,,,,,,,,,,,,,,,,,Marlette
product_Mm-10,Product,Majestic / 9603-S,"<p><strong>BEDS:</strong>&nbsp;3&nbsp; &nbsp; &nbsp;<strong>BATHS:</strong>&nbsp;2&nbsp; &nbsp; &nbsp;<strong>SQ FT:</strong>&nbsp;1,976&nbsp; &nbsp; &nbsp;<strong>W X L:</strong>&nbsp;30′&nbsp;x 66′</p><p>The 9603-S built by Clayton West Hermiston is a stylish and spacious home featuring 3 bedrooms, 2 bathrooms, and 1,976 sq. ft. of living space. The open floor plan enhances the flow between the living room, kitchen, and dining area. The master suite boasts a spa-like ensuite bath and a generous walk-in closet. Built with energy efficiency and high-quality craftsmanship in mind, the 9603-S offers both luxury and practicality.</p>",866235_da794221570d46898d06d59351a3dc9f~mv2.webp;866235_bfa837c4ea7b4bac87603398a16e73c2~mv2.webp,"Marlette;Majestic;1,500 - 2,000;Double-Section",9603-S,"1,980 SQ FT",0,,TRUE,PERCENT,0,InStock,,,,,,,,,,,,,,,,,,,,,,,,,,,,,,,,,,,,,,,Marlette
product_Mm-11,Product,Majestic / 9604-S,"<p><strong>BEDS:</strong>&nbsp;3&nbsp; &nbsp; &nbsp;<strong>BATHS:</strong>&nbsp;2&nbsp; &nbsp; &nbsp;<strong>SQ FT:</strong>&nbsp;1,944&nbsp; &nbsp; &nbsp;<strong>W X L:</strong>&nbsp;30′&nbsp;x 70′</p><p>The 9604-S built by Clayton West Hermiston is a stunning multi-section home featuring 3 bedrooms, 2 bathrooms, and 1,944 sq. ft. of living space. The open-concept layout maximizes comfort and functionality, seamlessly connecting the living space, gourmet kitchen, and dining area. The master suite offers a private retreat with a spacious walk-in closet and an ensuite bath. Designed with energy efficiency and contemporary style, the 9604-S is a perfect home for modern families.</p>",866235_fa5fbfbf429f40ee9d1c6361fea62bcb~mv2.webp;866235_7ee6760770574218b4709b0be936d505~mv2.webp,"Marlette;Majestic;1,500 - 2,000;Double-Section",9604-S,"1,944 SQ FT",0,,TRUE,PERCENT,0,InStock,,,,,,,,,,,,,,,,,,,,,,,,,,,,,,,,,,,,,,,Marlette
product_MmS-1,Product,Majestic / 9596-Super,,,Marlette;Majestic,9596-Super,"2,100 SQ FT",0,,FALSE,PERCENT,0,InStock,,,,,,,,,,,,,,,,,,,,,,,,,,,,,,,,,,,,,,,Marlette
product_MmS-2,Product,Majestic / 9590-Super,,,Marlette;Majestic,9590-Super,"1,560 SQ FT",0,,FALSE,PERCENT,0,InStock,,,,,,,,,,,,,,,,,,,,,,,,,,,,,,,,,,,,,,,Marlette
product_MmS-3,Product,Majestic / 9601-Super,,,Marlette;Majestic,9601-Super,"1,800 SQ FT",0,,FALSE,PERCENT,0,InStock,,,,,,,,,,,,,,,,,,,,,,,,,,,,,,,,,,,,,,,Marlette
